ROAD_CLASS,DISTRICT,TRAFFCTL,VISIBILITY,LIGHT,RDSFCOND,ACCLASS,IMPACTYPE,PEDESTRIAN,CYCLIST,AUTOMOBILE,MOTORCYCLE,TRUCK,TRSN_CITY_VEH,EMERG_VEH,PASSENGER,SPEEDING,AG_DRIV,REDLIGHT,ALCOHOL,DISABILITY,NEIGHBOURHOOD_158,YEAR,MONTH_sin,MONTH_cos,DOW_sin,DOW_cos,HOUR_sin,HOUR_cos,INVAGE_00to04,INVAGE_05to09,INVAGE_10to14,INVAGE_15to19,INVAGE_20to24,INVAGE_25to29,INVAGE_30to34,INVAGE_35to39,INVAGE_40to44,INVAGE_45to49,INVAGE_50to54,INVAGE_55to59,INVAGE_60to64,INVAGE_65to69,INVAGE_70to74,INVAGE_75to79,INVAGE_80to84,INVAGE_85to89,INVAGE_90to94,INVAGE_Over95,INVAGE_unknown,NUMPERSONS,MANOEUVER_ChangingLanes,MANOEUVER_GoingAhead,MANOEUVER_MakingUTurn,MANOEUVER_Merging,MANOEUVER_Other,MANOEUVER_Overtaking,MANOEUVER_Parked,MANOEUVER_PullingAwayfromShoulderorCurb,MANOEUVER_PullingOntoShoulderortowardCurb,MANOEUVER_Reversing,MANOEUVER_SlowingorStopping,MANOEUVER_Stopped,MANOEUVER_TurningLeft,MANOEUVER_TurningRight,MANOEUVER_Unknown,DRIVACT_DisobeyedTrafficControl,DRIVACT_DrivingProperly,DRIVACT_ExceedingSpeedLimit,DRIVACT_FailedtoYieldRightofWay,DRIVACT_FollowingtooClose,DRIVACT_ImproperLaneChange,DRIVACT_ImproperPassing,DRIVACT_ImproperTurn,DRIVACT_Lostcontrol,DRIVACT_Other,DRIVACT_SpeedtooFastForCondition,DRIVACT_SpeedtooSlow,DRIVACT_WrongWayonOneWayRoad,NEAREST_HOSPITAL,DIST_TO_HOS
Major Arterial,Etobicoke York,No Control,Clear,Daylight,Wet,Non-Fatal Injury,Rear End,False,False,True,True,False,False,False,False,True,True,False,False,False,Humber Bay Shores,2006,-0.4999999999999997,-0.8660254037844388,-0.433883739117558,-0.9009688679024191,-0.9659258262890683,-0.25881904510252063,0,0,0,0,0,0,1,0,0,0,0,1,0,0,0,0,0,0,0,0,1,3,False,True,False,False,False,False,False,False,False,False,False,True,False,False,False,False,True,False,False,False,False,False,False,False,False,True,False,False,Unity Health Toronto - St. Joseph's,3499.2126228841953
Major Arterial,North York,No Control,Rain,Dark,Wet,Fatal,Turning Movement,False,False,True,False,False,False,False,False,False,True,False,False,False,St.Andrew-Windfields,2006,-0.4999999999999997,-0.8660254037844388,-0.9749279121818236,-0.2225209339563146,0.0,1.0,0,0,0,0,1,0,0,0,0,0,0,0,1,0,0,0,0,0,0,0,1,3,False,True,False,False,False,False,False,False,False,False,False,False,True,False,False,False,True,False,True,False,False,False,False,False,False,False,False,False,North York General Hospital - General Site,1911.4029448488727
Local,Toronto and East York,No Control,Clear,Daylight,Dry,Non-Fatal Injury,Pedestrian Collisions,True,False,True,False,False,False,False,False,False,False,False,False,False,Weston-Pelham Park,2006,-0.4999999999999997,-0.8660254037844388,-0.9749279121818236,-0.2225209339563146,-0.8660254037844385,-0.5000000000000004,1,0,0,0,0,0,1,0,0,0,0,0,0,0,0,0,0,0,0,0,0,2,False,True,False,False,False,False,False,False,False,False,False,False,False,False,False,False,True,False,False,False,False,False,False,False,False,False,False,False,Unity Health Toronto - St. Joseph's,4385.561210100888
Major Arterial,Toronto and East York,No Control,Rain,Dark,Wet,Non-Fatal Injury,Pedestrian Collisions,True,False,True,False,False,False,False,False,False,False,False,False,False,Junction-Wallace Emerson,2006,-0.4999999999999997,-0.8660254037844388,-0.9749279121818236,-0.2225209339563146,-0.7071067811865477,0.7071067811865474,0,0,0,0,0,0,0,0,0,0,0,1,0,0,0,0,0,1,0,0,0,2,False,False,False,False,False,False,False,False,False,False,True,False,False,False,False,False,True,False,False,False,False,False,False,False,False,False,False,False,Unity Health Toronto - St. Joseph's,3279.5314101089025
Expressway,Toronto and East York,No Control,Clear,Daylight,Dry,Fatal,SMV Other,False,False,False,True,False,False,False,False,False,False,False,False,False,Fort York-Liberty Village,2006,-0.4999999999999997,-0.8660254037844388,-0.7818314824680299,0.6234898018587334,-0.9659258262890684,0.2588190451025203,0,0,0,0,0,0,1,0,0,0,0,0,0,0,0,0,0,0,0,0,1,2,False,True,False,False,True,False,False,False,False,False,False,False,False,False,False,False,False,False,False,False,False,False,False,True,False,False,False,False,University Health Network - Toronto Western,1943.3113653864712
Major Arterial,Etobicoke York,No Control,Clear,Daylight,Dry,Non-Fatal Injury,Pedestrian Collisions,True,False,True,False,False,False,False,False,False,False,False,False,False,York University Heights,2006,-0.4999999999999997,-0.8660254037844388,0.7818314824680298,0.6234898018587336,0.7071067811865476,-0.7071067811865475,0,0,0,0,0,0,0,0,0,1,0,0,0,0,0,1,0,0,0,0,0,2,False,True,False,False,False,False,False,False,False,False,False,False,False,False,False,False,False,False,False,False,False,False,False,False,True,False,False,False,Humber River Health - Wilson,3272.615443828283
Minor Arterial,Toronto and East York,No Control,Clear,Daylight,Dry,Non-Fatal Injury,Turning Movement,False,False,True,True,False,False,False,False,False,False,False,False,False,South Riverdale,2006,-0.4999999999999997,-0.8660254037844388,0.7818314824680298,0.6234898018587336,-0.4999999999999997,-0.8660254037844388,0,0,0,0,0,0,0,1,0,0,0,1,0,0,0,0,0,0,0,0,0,2,False,True,False,False,False,False,False,False,False,False,False,False,True,False,False,False,True,False,False,False,False,False,True,False,False,False,False,False,Michael Garron Hospital,3471.7972422488965
Major Arterial,North York,Traffic Signal,Clear,Daylight,Dry,Non-Fatal Injury,Pedestrian Collisions,True,False,True,False,False,False,False,False,False,False,False,False,False,Banbury-Don Mills,2006,-0.4999999999999997,-0.8660254037844388,0.7818314824680298,0.6234898018587336,-0.9659258262890683,-0.25881904510252063,0,0,0,0,0,0,0,0,1,0,0,0,1,0,0,0,0,0,0,0,0,2,False,True,False,False,False,False,False,False,False,False,False,False,False,False,False,False,True,False,False,False,False,False,False,False,False,False,False,False,Sunnybrook Health Sciences Centre - Bayview Campus,3309.4429702715715
Major Arterial,Etobicoke York,Traffic Signal,Clear,Dark,Dry,Non-Fatal Injury,Sideswipe,False,False,True,True,False,False,False,False,False,True,False,False,False,Brookhaven-Amesbury,2006,-0.4999999999999997,-0.8660254037844388,0.7818314824680298,0.6234898018587336,-0.7071067811865477,0.7071067811865474,0,0,0,1,0,0,0,0,0,1,0,0,0,0,0,0,0,0,0,0,0,2,False,True,False,False,False,False,False,True,False,False,False,False,False,False,False,False,True,False,True,False,False,False,False,False,False,False,False,False,Humber River Health - Wilson,3108.146875458653
Major Arterial,Toronto and East York,Stop Sign,Clear,Dark,Dry,Non-Fatal Injury,Cyclist Collisions,False,True,True,False,False,False,False,False,False,False,False,False,False,Bay-Cloverhill,2006,-0.4999999999999997,-0.8660254037844388,0.43388373911755823,-0.900968867902419,0.25881904510252074,0.9659258262890683,0,0,0,0,0,1,1,0,0,0,0,0,0,0,0,0,0,0,0,0,0,2,False,True,False,False,False,False,False,False,False,False,False,False,False,False,False,False,True,False,False,False,False,False,False,False,False,False,False,False,University Health Network - Toronto General,700.9254429204157
Major Arterial,North York,Traffic Signal,Clear,Daylight,Dry,Non-Fatal Injury,Pedestrian Collisions,True,False,True,False,False,False,False,False,False,False,False,False,False,Bayview Village,2006,-0.4999999999999997,-0.8660254037844388,0.43388373911755823,-0.900968867902419,0.8660254037844387,-0.4999999999999998,0,0,0,0,0,0,1,0,0,0,0,0,0,1,0,0,0,0,0,0,0,2,False,True,False,False,False,False,False,False,False,False,False,False,False,False,False,False,True,False,False,False,False,False,False,False,False,False,False,False,North York General Hospital - General Site,1739.1550105925417
Major Arterial,Toronto and East York,Traffic Signal,Clear,Daylight,Dry,Non-Fatal Injury,Turning Movement,False,False,True,True,False,False,False,False,False,True,False,False,False,South Riverdale,2006,-0.4999999999999997,-0.8660254037844388,0.43388373911755823,-0.900968867902419,-0.8660254037844385,-0.5000000000000004,0,0,0,0,1,0,0,0,0,0,0,0,0,0,0,0,1,0,0,0,0,2,False,True,False,False,False,False,False,False,False,False,False,False,True,False,False,False,True,False,True,False,False,False,False,False,False,False,False,False,Unity Health Toronto - St. Michael's,3080.9478471804177
Local,North York,Stop Sign,Clear,Dark,Dry,Non-Fatal Injury,Cyclist Collisions,False,True,True,False,False,False,False,False,False,False,False,False,False,Parkwoods-O'Connor Hills,2006,-0.4999999999999997,-0.8660254037844388,0.43388373911755823,-0.900968867902419,-0.8660254037844386,0.5000000000000001,0,0,0,1,0,0,0,0,0,0,0,1,0,0,0,0,0,0,0,0,0,2,False,True,False,False,False,False,False,False,False,False,False,False,False,False,False,False,True,False,False,False,False,False,False,False,False,False,False,False,North York General Hospital - General Site,2440.938044841285
Minor Arterial,Toronto and East York,Stop Sign,Clear,Dark,Dry,Non-Fatal Injury,SMV Other,False,False,True,False,False,False,False,True,True,True,False,False,False,Downtown Yonge East,2006,-0.8660254037844385,-0.5000000000000004,-0.9749279121818236,-0.2225209339563146,0.7071067811865476,0.7071067811865476,0,0,0,0,0,0,1,0,0,0,0,0,0,0,0,0,0,0,0,0,3,4,False,True,False,False,False,False,False,False,False,False,False,False,False,False,False,False,False,True,False,False,False,False,False,False,False,False,False,False,Unity Health Toronto - St. Michael's,760.5567821986042
Minor Arterial,Etobicoke York,Traffic Signal,Rain,Daylight,Wet,Non-Fatal Injury,Rear End,False,False,True,False,False,False,False,False,False,False,False,False,True,Eringate-Centennial-West Deane,2006,-0.8660254037844385,-0.5000000000000004,-0.9749279121818236,-0.2225209339563146,-0.2588190451025208,-0.9659258262890683,0,0,0,0,0,0,0,0,1,0,0,0,0,0,0,0,1,0,0,0,1,3,False,True,False,False,False,False,False,False,False,False,False,True,False,False,False,False,True,False,False,False,False,False,False,False,True,False,False,False,William Osler Health System - Etobicoke,9357.697538271896
Collector,Etobicoke York,No Control,Clear,Daylight,Dry,Non-Fatal Injury,Pedestrian Collisions,True,False,True,False,False,False,False,True,False,False,False,False,False,West Humber-Clairville,2006,-0.8660254037844385,-0.5000000000000004,0.0,1.0,1.2246467991473532e-16,-1.0,0,0,1,3,0,0,0,0,0,0,0,0,0,0,0,0,0,0,0,0,0,4,False,True,False,False,False,False,False,False,False,False,False,False,False,False,False,False,True,False,False,False,False,False,False,False,False,False,False,False,William Osler Health System - Etobicoke,1392.7965617296286
Major Arterial,Etobicoke York,Traffic Signal,Clear,Daylight,Dry,Non-Fatal Injury,Rear End,False,False,True,False,False,False,False,False,False,True,False,False,False,Pelmo Park-Humberlea,2006,-0.8660254037844385,-0.5000000000000004,0.7818314824680298,0.6234898018587336,0.49999999999999994,-0.8660254037844387,0,0,0,0,0,0,1,1,0,0,0,0,0,0,0,0,0,0,0,0,1,3,False,True,False,False,False,False,False,False,False,False,False,True,False,False,False,False,True,False,False,True,False,False,False,False,False,False,False,False,Humber River Health - Wilson,2775.1280561754247
Major Arterial,Toronto and East York,Traffic Signal,Clear,Daylight,Dry,Non-Fatal Injury,Approaching,False,False,True,False,False,False,False,True,False,True,False,False,False,Corso Italia-Davenport,2006,-0.8660254037844385,-0.5000000000000004,0.7818314824680298,0.6234898018587336,0.258819045102521,-0.9659258262890682,0,0,0,0,0,0,1,0,1,0,1,0,0,0,0,0,0,0,0,0,2,5,False,True,False,False,False,False,False,False,False,False,False,False,False,False,False,False,True,False,False,False,False,False,False,True,False,False,False,False,Unity Health Toronto - St. Joseph's,4241.501910111867
Minor Arterial,Toronto and East York,No Control,Clear,Dark,Dry,Non-Fatal Injury,Pedestrian Collisions,True,False,True,False,False,False,False,False,False,False,False,False,False,The Beaches,2006,-0.8660254037844385,-0.5000000000000004,0.7818314824680298,0.6234898018587336,-0.5000000000000004,0.8660254037844384,0,0,0,1,0,1,0,0,0,0,0,0,0,0,0,0,0,0,0,0,1,3,False,True,False,False,False,False,False,False,False,False,False,False,False,False,False,False,True,False,False,False,False,False,False,False,False,False,False,False,Michael Garron Hospital,4934.926608735113
Major Arterial,Scarborough,Traffic Signal,Clear,Daylight,Dry,Non-Fatal Injury,Pedestrian Collisions,True,False,False,False,False,True,False,True,False,False,False,False,False,Morningside,2006,-0.8660254037844385,-0.5000000000000004,-0.433883739117558,-0.9009688679024191,0.49999999999999994,-0.8660254037844387,0,0,0,0,0,0,0,1,0,1,0,0,0,0,0,1,0,0,0,0,1,4,False,False,False,False,False,False,False,False,False,False,False,False,True,False,False,False,False,False,False,False,False,False,False,False,True,False,False,False,Scarborough Health Network - Centenary,151.1565430337796
Major Arterial,Etobicoke York,No Control,Clear,Daylight,Dry,Non-Fatal Injury,Rear End,False,False,True,False,False,False,False,False,False,True,False,False,False,Keelesdale-Eglinton West,2006,-0.8660254037844385,-0.5000000000000004,-0.433883739117558,-0.9009688679024191,-0.2588190451025208,-0.9659258262890683,0,0,0,0,0,0,1,0,0,0,1,0,0,0,0,0,0,0,0,0,0,2,False,True,False,False,False,False,False,False,False,False,False,True,False,False,False,False,True,False,False,True,False,False,False,False,False,False,False,False,Humber River Health - Wilson,4577.156375466031
Major Arterial,Toronto and East York,No Control,Rain,Dark,Wet,Non-Fatal Injury,Pedestrian Collisions,True,False,True,False,False,False,False,True,False,False,False,False,False,Greenwood-Coxwell,2006,-0.8660254037844385,-0.5000000000000004,-0.9749279121818236,-0.2225209339563146,0.0,1.0,0,0,0,0,4,0,0,0,0,0,1,0,0,0,0,0,0,0,0,0,0,5,False,True,False,False,False,False,False,False,False,False,False,False,False,False,False,False,True,False,False,False,False,False,False,False,False,False,False,False,Michael Garron Hospital,967.542442246573
Major Arterial,Scarborough,Traffic Signal,Clear,Dark,Wet,Fatal,Angle,False,False,True,False,True,False,False,True,False,True,True,False,False,Malvern East,2006,-0.8660254037844385,-0.5000000000000004,-0.9749279121818236,-0.2225209339563146,0.7071067811865476,0.7071067811865476,0,0,0,0,0,3,0,0,0,0,0,1,0,0,0,0,0,0,0,0,1,5,False,True,False,False,False,False,False,False,False,False,False,False,False,False,False,True,True,False,False,False,False,False,False,False,False,False,False,False,Scarborough Health Network - Centenary,2686.493443034473
Major Arterial,North York,Stop Sign,Clear,Dark,Dry,Non-Fatal Injury,Turning Movement,False,False,True,False,False,False,False,True,False,True,False,False,False,Banbury-Don Mills,2006,-0.8660254037844385,-0.5000000000000004,-0.9749279121818236,-0.2225209339563146,-0.8660254037844386,0.5000000000000001,1,0,0,0,0,0,0,0,1,0,1,1,0,0,0,0,0,0,0,0,3,7,False,True,False,False,False,False,False,False,False,False,False,True,True,False,False,False,True,False,False,False,False,False,True,False,False,False,False,False,Sunnybrook Health Sciences Centre - Bayview Campus,2577.117630069959
Local,Scarborough,No Control,Clear,Daylight,Dry,Non-Fatal Injury,SMV Other,False,False,True,False,False,False,False,False,False,True,False,False,False,Eglinton East,2006,-0.8660254037844385,-0.5000000000000004,-0.7818314824680299,0.6234898018587334,-0.7071067811865471,-0.7071067811865479,0,0,0,0,0,0,0,0,0,1,0,0,0,0,0,0,0,0,0,0,0,1,False,True,False,False,False,False,False,False,False,False,False,False,False,False,False,False,False,False,False,False,False,False,False,True,False,False,False,False,Scarborough Health Network - Scarborough General,1471.3534813210135
Major Arterial,North York,No Control,Clear,Daylight,Dry,Fatal,Cyclist Collisions,False,True,False,False,True,False,False,False,False,True,False,False,False,Thorncliffe Park,2006,-0.8660254037844385,-0.5000000000000004,0.0,1.0,-0.8660254037844385,-0.5000000000000004,0,0,0,0,0,0,0,0,0,2,0,0,0,0,0,0,0,0,0,0,1,3,False,True,False,False,False,True,False,False,False,False,False,False,False,False,False,False,False,False,False,False,False,True,False,False,False,False,False,False,Sunnybrook Health Sciences Centre - Bayview Campus,2638.1983300728025
Local,Toronto and East York,No Control,Rain,Dark,Wet,Non-Fatal Injury,Pedestrian Collisions,True,False,True,False,False,False,False,True,False,False,False,False,False,South Parkdale,2006,-0.8660254037844385,-0.5000000000000004,0.7818314824680298,0.6234898018587336,-0.5000000000000004,0.8660254037844384,1,0,0,0,1,1,0,0,0,2,0,1,1,0,0,0,0,0,0,0,2,9,False,True,False,False,False,False,False,False,False,False,False,False,False,False,False,False,True,False,False,False,False,False,False,False,False,False,False,False,Unity Health Toronto - St. Joseph's,1531.336789895664
Minor Arterial,Etobicoke York,Traffic Signal,Rain,Dark,Wet,Non-Fatal Injury,Angle,False,False,True,False,False,False,False,False,False,True,True,False,False,West Humber-Clairville,2006,-0.8660254037844385,-0.5000000000000004,0.7818314824680298,0.6234898018587336,-0.5000000000000004,0.8660254037844384,0,0,0,0,0,0,1,0,0,0,0,1,0,0,0,0,0,0,0,0,0,2,False,True,False,False,False,False,False,False,False,False,False,False,False,False,False,True,True,False,False,False,False,False,False,False,False,False,False,False,William Osler Health System - Etobicoke,1960.4858840857632
Major Arterial,Toronto and East York,Traffic Signal,Rain,Dusk,Wet,Non-Fatal Injury,Pedestrian Collisions,True,False,True,False,False,False,False,False,False,True,False,False,False,Rosedale-Moore Park,2006,-0.8660254037844385,-0.5000000000000004,0.7818314824680298,0.6234898018587336,-0.25881904510252157,0.9659258262890681,0,0,0,0,0,1,1,0,0,0,0,0,0,0,0,0,0,0,0,0,0,2,False,False,False,False,False,False,False,False,False,False,False,False,False,True,False,False,False,False,True,False,False,False,False,False,False,False,False,False,University Health Network - Toronto General,1567.1949429271044
Major Arterial,Etobicoke York,Traffic Signal,Clear,Dark,Dry,Non-Fatal Injury,Turning Movement,False,False,True,False,False,False,False,True,False,True,False,False,False,Etobicoke West Mall,2006,-0.8660254037844385,-0.5000000000000004,0.9749279121818236,-0.22252093395631434,-0.7071067811865477,0.7071067811865474,0,0,0,1,0,0,0,0,0,0,0,0,1,1,0,0,0,0,0,0,0,3,False,True,False,False,False,False,False,False,False,False,False,False,True,False,False,False,True,False,False,False,False,False,True,False,False,False,False,False,Unity Health Toronto - St. Joseph's,9878.873810097924
Major Arterial,Toronto and East York,No Control,Clear,Dark,Dry,Non-Fatal Injury,Pedestrian Collisions,True,False,True,False,False,False,False,False,False,False,False,False,False,Caledonia-Fairbank,2006,-0.8660254037844385,-0.5000000000000004,-0.433883739117558,-0.9009688679024191,-0.5000000000000004,0.8660254037844384,0,0,0,0,0,0,0,0,0,1,0,1,0,0,0,0,0,0,0,0,0,2,False,True,False,False,False,False,False,False,False,False,False,False,False,False,False,False,True,False,False,False,False,False,False,False,False,False,False,False,Unity Health Toronto - St. Joseph's,5741.855677113519
Major Arterial,Etobicoke York,No Control,Clear,Dark,Dry,Non-Fatal Injury,Pedestrian Collisions,True,False,True,False,False,False,False,False,False,False,False,False,False,Weston,2006,-0.8660254037844385,-0.5000000000000004,-0.7818314824680299,0.6234898018587334,0.0,1.0,0,0,0,0,0,0,0,0,0,0,1,1,0,0,0,0,0,0,0,0,0,2,False,True,False,False,False,False,False,False,False,False,False,False,False,False,False,False,True,False,False,False,False,False,False,False,False,False,False,False,Humber River Health - Wilson,4896.195956177311
Major Arterial,North York,No Control,"Fog, Mist, Smoke, Dust",Dark,Dry,Non-Fatal Injury,Approaching,False,False,True,False,False,False,False,True,False,False,False,False,False,Hillcrest Village,2006,-0.8660254037844385,-0.5000000000000004,-0.7818314824680299,0.6234898018587334,0.7071067811865476,0.7071067811865476,1,0,0,0,1,0,0,0,0,0,1,0,0,0,0,0,0,0,0,0,0,3,False,True,False,False,False,False,False,False,False,False,False,False,False,False,False,False,True,False,False,False,False,False,False,False,True,False,False,False,North York General Hospital - General Site,4774.012655147002
Minor Arterial,Toronto and East York,No Control,Clear,Daylight,Dry,Non-Fatal Injury,Cyclist Collisions,False,True,True,False,False,False,False,False,False,False,False,False,False,The Beaches,2006,-0.8660254037844385,-0.5000000000000004,-0.7818314824680299,0.6234898018587334,-0.8660254037844386,0.5000000000000001,0,0,0,0,1,0,0,1,0,0,0,0,0,0,0,0,0,0,0,0,1,3,False,True,False,True,False,False,False,False,False,False,False,False,False,False,False,False,False,False,False,False,False,False,False,True,False,False,False,False,Michael Garron Hospital,4205.566708734026
Minor Arterial,Toronto and East York,Traffic Signal,Clear,Daylight,Dry,Non-Fatal Injury,Cyclist Collisions,False,True,True,False,False,False,False,False,False,True,False,False,False,Casa Loma,2006,-0.8660254037844385,-0.5000000000000004,0.7818314824680298,0.6234898018587336,0.49999999999999994,-0.8660254037844387,0,0,0,0,0,1,0,0,0,1,0,0,0,0,0,0,0,0,0,0,0,2,False,True,False,False,False,False,False,False,False,False,False,False,True,False,False,False,False,False,True,False,False,False,False,False,False,False,False,False,University Health Network - Toronto Western,2974.053034615703
Major Arterial,Etobicoke York,Traffic Signal,Clear,Daylight,Dry,Non-Fatal Injury,Angle,False,False,True,False,False,False,False,True,False,True,True,False,False,Elms-Old Rexdale,2006,-0.8660254037844385,-0.5000000000000004,0.9749279121818236,-0.22252093395631434,0.8660254037844387,-0.4999999999999998,0,0,0,1,0,0,0,0,0,2,0,0,0,1,1,0,0,0,0,0,1,6,False,True,False,False,False,False,False,False,False,False,False,False,False,False,False,True,True,False,False,False,False,False,False,False,False,False,False,False,William Osler Health System - Etobicoke,4150.0436382810585
Minor Arterial,Toronto and East York,No Control,Clear,Daylight,Dry,Non-Fatal Injury,Pedestrian Collisions,True,False,True,False,True,False,False,False,False,False,False,False,False,High Park North,2006,-0.8660254037844385,-0.5000000000000004,0.9749279121818236,-0.22252093395631434,-0.2588190451025208,-0.9659258262890683,0,0,0,0,0,0,0,1,0,0,0,0,1,0,0,0,1,0,0,0,1,4,False,True,False,False,False,False,False,False,False,True,False,False,False,False,False,False,True,False,False,False,False,False,False,True,False,False,False,False,Unity Health Toronto - St. Joseph's,2425.4775100974366
Major Arterial,North York,Traffic Signal,Clear,Daylight,Dry,Non-Fatal Injury,Pedestrian Collisions,True,False,True,False,False,False,False,False,False,False,False,False,False,Westminster-Branson,2006,-0.8660254037844385,-0.5000000000000004,0.43388373911755823,-0.900968867902419,-0.4999999999999997,-0.8660254037844388,0,0,0,0,0,0,0,0,0,0,1,1,0,0,0,0,0,0,0,0,1,3,False,True,False,False,False,False,False,False,False,False,False,False,False,False,False,False,True,False,False,False,False,False,False,False,False,False,False,False,North York General Hospital - General Site,9669.854955145507
Local,Etobicoke York,No Control,Clear,Daylight,Dry,Non-Fatal Injury,Pedestrian Collisions,True,False,True,False,False,False,False,False,False,False,False,False,False,Willowridge-Martingrove-Richview,2006,-0.8660254037844385,-0.5000000000000004,0.43388373911755823,-0.900968867902419,-0.7071067811865471,-0.7071067811865479,0,0,0,0,0,0,0,1,0,0,0,0,0,0,0,0,0,1,0,0,1,3,False,False,False,False,False,False,False,False,False,True,False,False,False,False,False,False,True,False,False,False,False,False,False,False,False,False,False,False,Humber River Health - Wilson,7670.464056177298
Major Arterial,North York,Traffic Signal,Clear,Daylight,Dry,Non-Fatal Injury,Turning Movement,False,False,True,True,False,False,False,False,False,False,False,False,False,Yorkdale-Glen Park,2006,-0.8660254037844385,-0.5000000000000004,0.43388373911755823,-0.900968867902419,-1.0,-1.8369701987210297e-16,0,0,0,0,0,0,1,0,0,0,1,0,0,0,0,0,0,0,0,0,0,2,False,True,False,False,False,False,False,False,False,False,False,False,True,False,False,False,True,False,False,False,False,False,True,False,False,False,False,False,Humber River Health - Wilson,4400.53087546688
Major Arterial,Toronto and East York,Traffic Signal,Clear,Dark,Wet,Non-Fatal Injury,Cyclist Collisions,False,True,False,False,True,False,False,False,False,False,False,False,False,North Riverdale,2006,-0.8660254037844385,-0.5000000000000004,-0.433883739117558,-0.9009688679024191,0.25881904510252074,0.9659258262890683,0,0,0,0,0,1,1,0,0,0,0,0,0,0,0,0,0,0,0,0,1,3,False,True,False,False,False,False,False,False,False,False,False,False,False,True,False,False,False,False,False,False,False,False,True,False,False,False,False,False,Unity Health Toronto - St. Michael's,3955.7111471844837
Major Arterial,Scarborough,No Control,Rain,Dark,Wet,Fatal,SMV Other,False,False,True,False,False,False,False,False,True,True,False,False,False,Eglinton East,2006,-0.8660254037844385,-0.5000000000000004,-0.433883739117558,-0.9009688679024191,-0.5000000000000004,0.8660254037844384,0,0,0,0,0,0,0,0,1,0,0,0,0,0,0,0,0,0,0,0,1,2,False,False,False,False,False,False,False,False,False,False,False,False,True,False,False,False,False,False,False,False,False,False,False,True,False,False,False,False,Scarborough Health Network - Scarborough General,1892.6091567605035
Major Arterial,Etobicoke York,Traffic Signal,Clear,Daylight,Dry,Non-Fatal Injury,Pedestrian Collisions,True,False,True,False,False,False,False,False,False,True,False,False,False,Etobicoke West Mall,2006,-0.8660254037844385,-0.5000000000000004,0.0,1.0,0.8660254037844387,-0.4999999999999998,0,0,0,0,0,0,0,1,0,1,0,0,0,0,0,0,0,0,0,0,0,2,False,False,False,False,False,False,False,False,False,False,False,False,True,False,False,False,False,False,True,False,False,False,False,False,False,False,False,False,Unity Health Toronto - St. Joseph's,9878.873810097924
Minor Arterial,North York,Traffic Signal,Clear,Daylight,Dry,Non-Fatal Injury,Pedestrian Collisions,True,False,False,False,True,False,False,False,False,True,False,False,False,Thorncliffe Park,2006,-0.8660254037844385,-0.5000000000000004,0.0,1.0,-0.2588190451025208,-0.9659258262890683,0,0,0,0,0,0,1,0,0,0,0,0,0,0,0,0,1,0,0,0,1,3,False,False,False,False,False,False,False,False,False,False,False,False,True,False,False,False,False,False,True,False,False,False,False,False,False,False,False,False,Sunnybrook Health Sciences Centre - Bayview Campus,2753.089030064759
Major Arterial,North York,No Control,Clear,Daylight,Dry,Non-Fatal Injury,Pedestrian Collisions,True,False,True,False,False,False,False,False,False,True,False,False,False,Caledonia-Fairbank,2006,-0.8660254037844385,-0.5000000000000004,0.7818314824680298,0.6234898018587336,-0.7071067811865471,-0.7071067811865479,0,0,0,0,0,0,0,0,0,0,1,0,0,0,0,1,0,0,0,0,0,2,False,False,False,False,False,False,False,False,False,False,False,False,True,False,False,False,False,False,True,False,False,False,False,False,False,False,False,False,Humber River Health - Wilson,6326.749275473994
Major Arterial,Scarborough,No Control,Clear,Daylight,Dry,Non-Fatal Injury,Rear End,False,False,True,False,False,False,False,True,False,False,False,False,False,Wexford/Maryvale,2006,-0.8660254037844385,-0.5000000000000004,0.7818314824680298,0.6234898018587336,-0.7071067811865471,-0.7071067811865479,1,0,0,0,0,0,0,1,1,1,0,0,0,0,0,0,0,0,0,0,1,5,False,True,False,False,False,False,True,False,False,False,False,False,False,False,False,False,True,False,False,False,False,False,False,True,False,False,False,False,Scarborough Health Network - Birchmount,4916.909196959576
Major Arterial,Scarborough,No Control,Clear,Daylight,Dry,Non-Fatal Injury,Pedestrian Collisions,True,False,True,False,False,False,False,False,False,False,False,False,False,Bendale South,2006,-0.8660254037844385,-0.5000000000000004,0.43388373911755823,-0.900968867902419,0.8660254037844387,-0.4999999999999998,0,0,1,0,0,0,0,0,1,0,0,0,0,0,0,0,0,0,0,0,0,2,False,True,False,False,False,False,False,False,False,False,False,False,False,False,False,False,True,False,False,False,False,False,False,False,False,False,False,False,Scarborough Health Network - Scarborough General,445.9222432394745
Major Arterial,North York,No Control,Clear,Daylight,Dry,Non-Fatal Injury,Pedestrian Collisions,True,False,True,False,False,False,False,False,False,False,False,False,False,Bedford Park-Nortown,2006,-0.8660254037844385,-0.5000000000000004,0.43388373911755823,-0.900968867902419,-0.7071067811865471,-0.7071067811865479,0,0,0,0,0,0,0,1,0,0,0,1,0,0,0,0,0,0,0,0,2,4,False,True,False,False,False,False,False,False,False,False,False,False,False,False,False,False,False,False,False,False,False,False,False,True,False,False,False,False,Sunnybrook Health Sciences Centre - Bayview Campus,4440.672529718257