ROAD_CLASS,DISTRICT,TRAFFCTL,VISIBILITY,LIGHT,RDSFCOND,ACCLASS,IMPACTYPE,PEDESTRIAN,CYCLIST,AUTOMOBILE,MOTORCYCLE,TRUCK,TRSN_CITY_VEH,EMERG_VEH,PASSENGER,SPEEDING,AG_DRIV,REDLIGHT,ALCOHOL,DISABILITY,NEIGHBOURHOOD_158,YEAR,MONTH_sin,MONTH_cos,DOW_sin,DOW_cos,HOUR_sin,HOUR_cos,INVAGE_00to04,INVAGE_05to09,INVAGE_10to14,INVAGE_15to19,INVAGE_20to24,INVAGE_25to29,INVAGE_30to34,INVAGE_35to39,INVAGE_40to44,INVAGE_45to49,INVAGE_50to54,INVAGE_55to59,INVAGE_60to64,INVAGE_65to69,INVAGE_70to74,INVAGE_75to79,INVAGE_80to84,INVAGE_85to89,INVAGE_90to94,INVAGE_Over95,INVAGE_unknown,NUMPERSONS,MANOEUVER_ChangingLanes,MANOEUVER_GoingAhead,MANOEUVER_MakingUTurn,MANOEUVER_Merging,MANOEUVER_Other,MANOEUVER_Overtaking,MANOEUVER_Parked,MANOEUVER_PullingAwayfromShoulderorCurb,MANOEUVER_PullingOntoShoulderortowardCurb,MANOEUVER_Reversing,MANOEUVER_SlowingorStopping,MANOEUVER_Stopped,MANOEUVER_TurningLeft,MANOEUVER_TurningRight,MANOEUVER_Unknown,DRIVACT_DisobeyedTrafficControl,DRIVACT_DrivingProperly,DRIVACT_ExceedingSpeedLimit,DRIVACT_FailedtoYieldRightofWay,DRIVACT_FollowingtooClose,DRIVACT_ImproperLaneChange,DRIVACT_ImproperPassing,DRIVACT_ImproperTurn,DRIVACT_Lostcontrol,DRIVACT_Other,DRIVACT_SpeedtooFastForCondition,DRIVACT_SpeedtooSlow,DRIVACT_WrongWayonOneWayRoad,NEAREST_HOSPITAL,DIST_TO_HOS
Major Arterial,North York,Traffic Signal,Clear,Daylight,Dry,Non-Fatal Injury,Turning Movement,False,False,True,False,False,False,False,True,False,True,True,False,False,St.Andrew-Windfields,2007,1.2246467991473532e-16,-1.0,0.7818314824680298,0.6234898018587336,0.258819045102521,-0.9659258262890682,0,0,0,0,0,0,0,0,0,2,1,1,0,1,0,0,0,1,0,0,4,10,False,True,False,False,False,False,False,False,False,False,False,True,True,False,False,True,True,False,False,False,False,False,False,False,False,False,False,False,North York General Hospital - General Site,2685.286710590124
Major Arterial,Etobicoke York,Traffic Signal,Clear,Daylight,Dry,Non-Fatal Injury,Rear End,False,False,True,False,False,False,False,False,False,True,False,False,False,Brookhaven-Amesbury,2007,1.2246467991473532e-16,-1.0,0.7818314824680298,0.6234898018587336,-1.0,-1.8369701987210297e-16,0,0,0,1,0,0,0,1,0,0,0,0,0,0,0,0,0,0,0,0,1,3,False,True,False,False,False,False,False,False,False,False,False,True,False,False,False,False,True,False,False,True,False,False,False,False,False,False,False,False,Humber River Health - Wilson,2798.800375466817
Major Arterial,Toronto and East York,Stop Sign,Clear,Daylight,Dry,Non-Fatal Injury,Turning Movement,False,False,True,False,False,False,False,True,False,False,False,False,False,Junction-Wallace Emerson,2007,1.2246467991473532e-16,-1.0,0.9749279121818236,-0.22252093395631434,-0.8660254037844386,0.5000000000000001,0,1,1,0,0,1,0,0,1,0,0,0,0,0,0,0,0,0,0,0,0,4,False,True,False,False,False,False,False,False,False,False,False,False,True,False,False,False,True,False,False,False,False,False,True,False,False,False,False,False,Unity Health Toronto - St. Joseph's,4374.278677112772
Major Arterial,Toronto and East York,No Control,Clear,Daylight,Wet,Non-Fatal Injury,Pedestrian Collisions,True,False,True,False,False,False,False,False,False,False,False,False,False,High Park-Swansea,2007,1.2246467991473532e-16,-1.0,0.9749279121818236,-0.22252093395631434,-0.7071067811865477,0.7071067811865474,0,0,0,0,0,0,1,1,0,0,0,0,0,0,0,0,0,0,0,0,0,2,False,False,False,False,False,False,False,False,False,False,True,False,False,False,False,False,True,False,False,False,False,False,False,False,False,False,False,False,Unity Health Toronto - St. Joseph's,697.8587101035519
Collector,Scarborough,No Control,"Fog, Mist, Smoke, Dust",Dark,Dry,Fatal,SMV Other,False,False,True,False,False,False,False,True,False,False,False,False,False,West Rouge,2007,1.2246467991473532e-16,-1.0,0.43388373911755823,-0.900968867902419,1.0,6.123233995736766e-17,0,0,0,2,0,0,0,0,0,0,0,1,0,0,0,0,0,0,0,0,0,3,False,True,False,False,False,False,True,False,False,False,False,False,False,False,False,False,False,False,False,False,False,False,False,True,False,False,False,False,Scarborough Health Network - Centenary,4699.289943037438
Minor Arterial,Scarborough,Traffic Signal,Clear,Daylight,Dry,Non-Fatal Injury,Turning Movement,False,False,True,False,False,False,False,False,False,True,False,False,False,Morningside Heights,2007,1.2246467991473532e-16,-1.0,-0.433883739117558,-0.9009688679024191,0.258819045102521,-0.9659258262890682,0,0,0,0,0,2,0,0,0,0,0,0,0,0,0,0,0,0,0,0,0,2,False,True,False,False,False,False,False,False,False,False,False,False,True,False,False,False,True,False,False,False,False,False,True,False,False,False,False,False,Oak Valley Health - Markham,6777.552099595079
Major Arterial,Toronto and East York,No Control,Clear,Dark,Dry,Non-Fatal Injury,Pedestrian Collisions,True,False,True,False,False,False,False,False,False,False,False,False,False,Kensington-Chinatown,2007,1.2246467991473532e-16,-1.0,-0.9749279121818236,-0.2225209339563146,0.7071067811865476,0.7071067811865476,0,0,0,0,1,0,0,0,0,0,0,1,0,0,0,0,0,0,0,0,0,2,False,True,False,False,False,False,False,False,False,False,False,False,False,False,False,False,True,False,False,False,False,False,False,False,False,False,False,False,University Health Network - Toronto Western,638.9991029694211
Minor Arterial,Toronto and East York,Traffic Signal,Rain,Daylight,Wet,Non-Fatal Injury,SMV Other,False,False,False,True,False,False,False,False,False,False,False,False,False,Roncesvalles,2007,1.2246467991473532e-16,-1.0,-0.7818314824680299,0.6234898018587334,0.49999999999999994,-0.8660254037844387,0,0,0,0,0,0,0,0,0,1,0,0,0,0,0,0,0,0,0,0,0,1,False,True,False,False,False,False,False,False,False,False,False,False,False,False,False,False,False,False,False,False,False,False,False,True,False,False,False,False,Unity Health Toronto - St. Joseph's,1699.6508771093795
Major Arterial,Etobicoke York,No Control,Rain,Dusk,Wet,Non-Fatal Injury,Sideswipe,False,False,True,False,False,False,False,False,False,True,False,False,False,Willowridge-Martingrove-Richview,2007,1.2246467991473532e-16,-1.0,-0.7818314824680299,0.6234898018587334,-0.7071067811865477,0.7071067811865474,0,0,0,0,1,0,0,0,0,1,0,1,0,0,0,0,0,0,0,0,0,3,True,True,False,False,False,False,False,False,False,False,False,True,False,False,False,False,True,False,False,True,False,False,False,False,False,False,False,False,Humber River Health - Wilson,8330.47845618066
Major Arterial,Etobicoke York,Traffic Signal,Clear,Dark,Dry,Non-Fatal Injury,Angle,False,False,True,False,False,False,False,True,True,True,True,False,False,Mount Olive-Silverstone-Jamestown,2007,1.2246467991473532e-16,-1.0,0.7818314824680298,0.6234898018587336,-0.5000000000000004,0.8660254037844384,0,0,0,0,2,2,0,0,0,0,0,0,0,0,0,0,0,0,0,0,2,6,False,True,False,False,False,False,False,False,False,False,False,False,False,False,True,True,False,True,False,False,False,False,False,False,False,False,False,False,William Osler Health System - Etobicoke,1807.6339840885485
Local,Etobicoke York,No Control,Clear,Daylight,Dry,Non-Fatal Injury,Rear End,False,False,True,False,False,False,False,True,False,True,False,False,False,Elms-Old Rexdale,2007,1.2246467991473532e-16,-1.0,0.9749279121818236,-0.22252093395631434,-1.0,-1.8369701987210297e-16,0,0,0,0,1,2,0,0,0,0,0,0,0,0,0,0,0,0,0,0,0,3,False,True,False,False,False,False,False,False,False,False,False,False,False,False,False,False,True,False,False,True,False,False,False,False,False,False,False,False,William Osler Health System - Etobicoke,4101.594838279649
Minor Arterial,Scarborough,No Control,Clear,Daylight,Dry,Fatal,Pedestrian Collisions,True,False,True,False,False,False,False,False,False,False,False,True,False,Cliffcrest,2007,1.2246467991473532e-16,-1.0,0.9749279121818236,-0.22252093395631434,-0.8660254037844386,0.5000000000000001,1,0,0,0,0,0,0,1,0,0,0,1,0,0,0,0,0,0,0,0,0,3,False,True,False,False,False,False,False,False,False,False,False,False,False,False,False,False,False,False,False,False,False,False,False,True,False,False,False,False,Scarborough Health Network - Scarborough General,3127.882581317215
Major Arterial,Etobicoke York,Other,Clear,Dark,Dry,Non-Fatal Injury,Turning Movement,False,False,True,False,False,False,False,False,False,False,False,False,False,Willowridge-Martingrove-Richview,2007,1.2246467991473532e-16,-1.0,0.9749279121818236,-0.22252093395631434,-0.5000000000000004,0.8660254037844384,0,0,0,0,1,1,0,0,0,0,0,0,0,0,0,0,0,0,0,0,2,4,False,True,False,False,False,False,False,False,False,False,False,False,True,False,False,False,True,False,False,False,False,False,True,False,False,False,False,False,William Osler Health System - Etobicoke,9612.306638274575
Major Arterial,Scarborough,Traffic Signal,Clear,Daylight,Dry,Non-Fatal Injury,Pedestrian Collisions,True,False,True,False,False,False,False,False,False,True,False,False,False,Clairlea-Birchmount,2007,1.2246467991473532e-16,-1.0,0.43388373911755823,-0.900968867902419,-0.9659258262890684,0.2588190451025203,0,0,0,0,0,0,0,1,1,0,0,0,0,0,0,0,0,0,0,0,0,2,False,False,False,False,False,False,False,False,False,False,False,False,True,False,False,False,False,False,True,False,False,False,False,False,False,False,False,False,Michael Garron Hospital,6153.098357756855
Major Arterial,Toronto and East York,No Control,Clear,Dark,Dry,Non-Fatal Injury,Pedestrian Collisions,True,False,True,False,False,False,False,False,False,False,False,False,False,Wellington Place,2007,1.2246467991473532e-16,-1.0,0.43388373911755823,-0.900968867902419,-0.5000000000000004,0.8660254037844384,0,0,0,0,0,0,0,0,0,1,0,1,0,0,0,0,0,0,0,0,1,3,False,True,False,False,False,False,False,False,False,False,False,False,False,False,False,False,True,False,False,False,False,False,False,False,False,False,False,False,University Health Network - Toronto Western,1244.7510653906502
Collector,Scarborough,No Control,Clear,Daylight,Dry,Non-Fatal Injury,Pedestrian Collisions,True,False,True,False,False,False,False,False,False,False,False,False,False,Milliken,2007,1.2246467991473532e-16,-1.0,-0.9749279121818236,-0.2225209339563146,0.7071067811865476,-0.7071067811865475,0,1,0,0,0,0,0,0,1,0,0,0,0,0,0,0,0,0,0,0,0,2,False,False,False,False,True,False,False,False,False,False,False,False,False,False,False,False,False,False,False,False,False,False,False,False,True,False,False,False,Scarborough Health Network - Birchmount,4927.432303033071
Major Arterial,Toronto and East York,No Control,Clear,Dark,Dry,Non-Fatal Injury,SMV Other,False,False,True,False,False,False,False,True,False,True,False,False,False,High Park-Swansea,2007,1.2246467991473532e-16,-1.0,-0.7818314824680299,0.6234898018587334,0.8660254037844386,0.5000000000000001,0,0,0,0,0,0,0,1,0,0,0,1,0,0,0,0,0,0,0,0,1,3,False,True,False,False,False,False,False,False,False,False,False,False,False,False,False,True,False,False,False,False,False,False,False,False,False,False,False,False,Unity Health Toronto - St. Joseph's,1880.1319228821667
Minor Arterial,Toronto and East York,Stop Sign,Clear,Daylight,Dry,Non-Fatal Injury,SMV Other,False,True,False,False,False,False,False,False,False,False,False,False,False,Little Portugal,2007,1.2246467991473532e-16,-1.0,-0.7818314824680299,0.6234898018587334,-1.0,-1.8369701987210297e-16,0,0,0,0,0,0,0,0,0,0,1,0,0,0,0,0,0,0,0,0,0,1,False,False,False,False,False,False,False,False,False,False,False,False,True,False,False,False,False,False,False,False,False,False,False,True,False,False,False,False,Unity Health Toronto - St. Joseph's,1954.8460771153914
Collector,Scarborough,Stop Sign,Clear,Dark,Dry,Non-Fatal Injury,Turning Movement,False,False,True,False,True,False,False,True,False,False,False,False,False,Morningside Heights,2007,1.2246467991473532e-16,-1.0,0.0,1.0,-0.5000000000000004,0.8660254037844384,0,0,0,0,0,1,1,0,0,1,0,0,0,0,0,0,0,0,0,0,0,3,False,True,False,False,False,False,False,False,False,False,False,False,True,False,False,False,True,False,False,False,False,False,True,False,False,False,False,False,Scarborough Health Network - Centenary,5234.4649430323625
Major Arterial,Toronto and East York,No Control,Clear,Daylight,Dry,Non-Fatal Injury,Pedestrian Collisions,True,False,True,False,False,False,False,False,False,False,False,False,False,Danforth East York,2007,1.2246467991473532e-16,-1.0,0.9749279121818236,-0.22252093395631434,0.8660254037844387,-0.4999999999999998,0,0,0,0,0,0,0,0,0,0,1,0,0,0,1,0,0,0,0,0,0,2,False,False,False,False,False,False,False,False,False,True,False,False,False,False,False,False,False,False,False,False,False,False,False,False,True,False,False,False,Michael Garron Hospital,1956.110342250904
Major Arterial,Etobicoke York,Traffic Signal,Clear,Daylight,Dry,Non-Fatal Injury,Turning Movement,False,False,True,False,True,False,False,True,False,True,True,False,False,West Humber-Clairville,2007,1.2246467991473532e-16,-1.0,0.9749279121818236,-0.22252093395631434,-0.4999999999999997,-0.8660254037844388,0,0,0,1,1,0,0,2,0,0,0,0,0,0,0,0,0,0,0,0,1,5,False,True,False,False,False,False,False,False,False,False,False,True,True,False,False,True,True,False,False,False,False,False,False,False,True,False,False,False,William Osler Health System - Etobicoke,1444.639984088717
Major Arterial,Scarborough,Traffic Signal,Clear,Daylight,Dry,Fatal,Pedestrian Collisions,True,False,True,False,True,False,False,True,False,False,False,False,False,Wexford/Maryvale,2007,1.2246467991473532e-16,-1.0,0.9749279121818236,-0.22252093395631434,-0.8660254037844385,-0.5000000000000004,1,1,0,0,0,1,0,2,0,1,2,0,0,0,0,0,0,0,0,0,6,14,False,True,False,False,False,False,False,False,False,False,False,True,False,False,False,False,True,False,False,False,False,False,False,True,False,False,False,False,Scarborough Health Network - Scarborough General,4915.059956755489
Major Arterial,Toronto and East York,Traffic Signal,Clear,Daylight,Dry,Non-Fatal Injury,Rear End,False,False,True,False,False,False,False,True,False,False,False,False,False,Rosedale-Moore Park,2007,1.2246467991473532e-16,-1.0,-0.433883739117558,-0.9009688679024191,0.8660254037844387,-0.4999999999999998,0,0,0,0,0,0,1,3,1,0,0,0,0,0,0,0,0,0,0,0,0,5,False,False,False,False,False,False,False,False,False,False,False,True,True,True,False,False,True,False,False,False,False,False,False,True,False,False,False,False,Unity Health Toronto - St. Michael's,2539.338947177632
Major Arterial,Scarborough,No Control,Clear,Daylight,Dry,Non-Fatal Injury,Pedestrian Collisions,True,False,True,False,False,False,False,False,False,False,False,False,False,Woburn North,2007,1.2246467991473532e-16,-1.0,-0.433883739117558,-0.9009688679024191,-0.9659258262890683,-0.25881904510252063,1,0,0,0,0,1,1,0,0,0,0,0,0,0,0,0,0,0,0,0,1,4,False,True,False,False,False,False,False,False,False,False,False,False,False,False,False,False,True,False,False,False,False,False,False,False,False,False,False,False,Scarborough Health Network - Centenary,2568.4985569512937
Minor Arterial,Toronto and East York,No Control,Clear,Dark,Dry,Non-Fatal Injury,Cyclist Collisions,False,True,True,False,False,False,False,False,False,False,False,False,False,Greenwood-Coxwell,2007,1.2246467991473532e-16,-1.0,-0.9749279121818236,-0.2225209339563146,0.49999999999999994,0.8660254037844387,0,0,0,0,1,0,1,0,0,0,0,0,0,0,0,0,0,0,0,0,0,2,False,True,False,False,False,False,False,False,False,False,False,True,False,False,False,False,True,False,False,False,False,False,False,False,False,False,False,False,Michael Garron Hospital,2906.090508740861
Local,Toronto and East York,No Control,Clear,Daylight,Dry,Non-Fatal Injury,Pedestrian Collisions,True,False,True,False,False,False,False,False,False,False,False,False,False,Wychwood,2007,1.2246467991473532e-16,-1.0,-0.9749279121818236,-0.2225209339563146,-0.9659258262890683,-0.25881904510252063,0,0,0,0,0,0,0,1,0,0,0,0,0,0,0,0,0,0,0,0,1,2,False,True,False,False,False,False,False,False,False,False,False,False,False,False,False,False,True,False,False,False,False,False,False,False,False,False,False,False,University Health Network - Toronto Western,3510.8257346100872
Major Arterial,Etobicoke York,No Control,Clear,Daylight,Dry,Non-Fatal Injury,Sideswipe,False,False,True,False,False,False,False,True,False,False,False,True,False,Glenfield-Jane Heights,2007,1.2246467991473532e-16,-1.0,-0.7818314824680299,0.6234898018587334,-0.2588190451025208,-0.9659258262890683,0,0,0,2,0,1,0,0,1,0,0,0,0,0,0,0,0,0,0,0,1,5,True,True,False,False,False,False,False,False,False,False,False,False,False,False,False,False,True,False,False,False,True,False,False,False,False,False,False,False,Humber River Health - Wilson,4086.177124541835
Major Arterial,Scarborough,Traffic Signal,Clear,Daylight,Dry,Non-Fatal Injury,Rear End,False,False,True,False,False,False,False,True,False,True,False,False,False,East L'Amoreaux,2007,1.2246467991473532e-16,-1.0,-0.7818314824680299,0.6234898018587334,-0.4999999999999997,-0.8660254037844388,0,0,0,0,0,1,0,2,0,0,0,1,1,0,0,0,0,0,0,0,1,6,False,True,False,False,False,False,False,False,False,False,False,True,False,False,False,False,True,False,False,True,False,False,False,False,False,False,False,False,Scarborough Health Network - Birchmount,610.1451965509914
Major Arterial,Toronto and East York,Traffic Signal,Clear,Dark,Dry,Non-Fatal Injury,Turning Movement,False,False,True,False,False,False,False,True,False,True,False,False,False,Yonge-Bay Corridor,2007,1.2246467991473532e-16,-1.0,-0.7818314824680299,0.6234898018587334,-0.25881904510252157,0.9659258262890681,0,2,1,0,0,0,0,2,1,1,0,0,0,0,0,0,0,0,0,0,2,9,False,True,False,False,False,False,False,False,False,False,False,False,True,False,False,False,True,False,False,False,False,False,True,False,False,False,False,False,University Health Network - Toronto General,627.1182570704259
Major Arterial,Scarborough,Traffic Signal,Clear,Daylight,Dry,Non-Fatal Injury,Cyclist Collisions,False,True,True,False,False,False,False,False,False,True,False,False,False,Clairlea-Birchmount,2007,1.2246467991473532e-16,-1.0,0.0,1.0,0.8660254037844387,-0.4999999999999998,0,0,0,0,0,1,0,0,0,0,1,0,0,0,0,0,0,0,0,0,1,3,False,True,False,False,False,False,False,False,False,False,False,False,False,True,False,False,False,False,True,False,False,False,False,False,False,False,False,False,Scarborough Health Network - Scarborough General,6235.054056754452
Major Arterial,Toronto and East York,No Control,Clear,Daylight,Dry,Non-Fatal Injury,Pedestrian Collisions,True,False,True,False,False,False,False,True,False,False,False,False,False,Yonge-Bay Corridor,2007,1.2246467991473532e-16,-1.0,0.7818314824680298,0.6234898018587336,0.49999999999999994,-0.8660254037844387,0,0,0,0,0,0,1,0,0,0,0,1,0,0,1,0,0,0,0,0,0,3,False,True,False,False,False,False,False,False,False,False,False,False,False,False,False,False,True,False,False,False,False,False,False,False,False,False,False,False,Unity Health Toronto - St. Michael's,630.8335178110283
Minor Arterial,Toronto and East York,Traffic Signal,Clear,Daylight,Dry,Non-Fatal Injury,Angle,False,False,True,False,False,False,False,True,True,True,True,False,False,Danforth East York,2007,1.2246467991473532e-16,-1.0,0.9749279121818236,-0.22252093395631434,-0.2588190451025208,-0.9659258262890683,0,0,0,0,0,1,0,1,0,1,0,0,0,0,1,0,0,0,0,0,2,6,False,True,False,False,False,False,False,False,False,False,False,True,False,False,False,True,True,False,False,False,False,False,False,False,False,False,False,False,Michael Garron Hospital,663.3629912647884
Major Arterial,Toronto and East York,No Control,Clear,Daylight,Dry,Non-Fatal Injury,Turning Movement,False,False,True,True,False,False,False,False,False,True,False,False,False,High Park-Swansea,2007,1.2246467991473532e-16,-1.0,0.9749279121818236,-0.22252093395631434,-0.8660254037844386,0.5000000000000001,0,0,0,0,1,0,1,0,0,0,0,0,0,0,0,0,0,0,0,0,0,2,False,True,True,False,False,False,False,False,False,False,False,False,False,False,False,False,True,False,True,False,False,False,False,False,False,False,False,False,Unity Health Toronto - St. Joseph's,2335.9134101071395
Minor Arterial,Toronto and East York,No Control,Clear,Dark,Dry,Non-Fatal Injury,SMV Other,False,False,False,True,False,False,False,False,False,False,False,True,False,Dovercourt Village,2007,1.2246467991473532e-16,-1.0,0.43388373911755823,-0.900968867902419,0.7071067811865476,0.7071067811865476,0,0,0,0,0,0,0,0,0,1,0,0,0,0,0,0,0,0,0,0,1,2,False,True,False,False,False,False,False,False,False,False,False,False,False,False,False,False,False,False,False,False,False,False,False,False,True,False,False,False,University Health Network - Toronto Western,2197.430234622676
Major Arterial,Toronto and East York,Traffic Signal,Clear,Dark,Dry,Non-Fatal Injury,Cyclist Collisions,False,True,True,False,False,False,False,False,False,True,False,False,False,Blake-Jones,2007,1.2246467991473532e-16,-1.0,-0.433883739117558,-0.9009688679024191,0.0,1.0,0,0,0,1,0,0,0,0,0,0,0,0,0,0,0,0,0,0,0,0,1,2,False,True,False,False,False,False,False,False,False,False,False,False,False,False,False,False,False,False,False,False,False,True,False,False,False,False,False,False,Michael Garron Hospital,2694.2348422483774
Major Arterial,Etobicoke York,Traffic Signal,Clear,Daylight,Dry,Non-Fatal Injury,Angle,False,False,True,False,False,False,False,False,False,True,True,False,False,Willowridge-Martingrove-Richview,2007,1.2246467991473532e-16,-1.0,-0.433883739117558,-0.9009688679024191,0.7071067811865476,-0.7071067811865475,0,0,0,0,0,1,0,0,0,1,0,0,0,0,0,0,0,0,0,0,2,4,False,True,False,False,False,False,False,False,False,False,False,False,False,False,False,True,True,False,False,False,False,False,False,False,False,False,False,False,William Osler Health System - Etobicoke,9356.314338273602
Major Arterial,Etobicoke York,Traffic Signal,Clear,Daylight,Dry,Non-Fatal Injury,Cyclist Collisions,False,True,True,False,False,False,False,False,False,True,False,False,False,Maple Leaf,2007,1.2246467991473532e-16,-1.0,-0.433883739117558,-0.9009688679024191,-1.0,-1.8369701987210297e-16,0,0,0,0,1,0,0,1,0,0,0,0,0,0,0,0,0,0,0,0,1,3,False,True,False,False,False,False,False,False,False,False,False,False,False,True,False,False,False,False,True,False,False,False,False,False,False,False,False,False,Humber River Health - Wilson,2951.1826754665235
Major Arterial,Scarborough,Traffic Signal,Clear,Daylight,Dry,Non-Fatal Injury,Pedestrian Collisions,True,False,True,False,False,False,False,False,False,False,False,False,False,Agincourt South-Malvern West,2007,1.2246467991473532e-16,-1.0,-0.9749279121818236,-0.2225209339563146,-0.2588190451025208,-0.9659258262890683,0,0,0,0,0,0,0,0,1,0,0,0,1,0,0,0,0,0,0,0,0,2,False,False,False,False,False,False,False,False,False,False,True,False,False,False,False,False,True,False,False,False,False,False,False,False,False,False,False,False,Scarborough Health Network - Scarborough General,4114.420218676212
Major Arterial,Scarborough,Stop Sign,Clear,Dark,Dry,Non-Fatal Injury,SMV Other,False,False,False,False,False,False,False,True,True,True,False,False,False,Woburn North,2007,1.2246467991473532e-16,-1.0,-0.7818314824680299,0.6234898018587334,0.25881904510252074,0.9659258262890683,0,0,0,1,0,1,0,0,0,0,0,0,0,0,0,0,0,0,0,0,0,2,False,False,False,True,False,False,False,False,False,False,False,False,False,False,False,False,False,False,False,False,False,False,False,True,False,False,False,False,Scarborough Health Network - Scarborough General,3275.4860186751466
Major Arterial,Toronto and East York,Traffic Signal,Clear,Daylight,Dry,Non-Fatal Injury,Turning Movement,False,False,True,False,False,False,False,True,False,False,False,False,False,South Riverdale,2007,1.2246467991473532e-16,-1.0,-0.7818314824680299,0.6234898018587334,-1.0,-1.8369701987210297e-16,0,1,0,1,2,0,1,0,0,0,0,0,0,0,0,0,0,0,0,0,1,6,False,True,False,False,False,False,False,False,False,False,False,False,True,False,False,False,True,False,False,False,False,False,False,False,False,False,False,False,Unity Health Toronto - St. Michael's,2721.659482193063
Major Arterial,Scarborough,Traffic Signal,Clear,Dark,Dry,Non-Fatal Injury,Turning Movement,False,False,True,False,False,True,False,False,True,True,True,True,False,Scarborough Village,2007,1.2246467991473532e-16,-1.0,0.0,1.0,0.25881904510252074,0.9659258262890683,0,0,0,0,0,1,0,0,1,0,0,0,0,0,0,0,0,0,0,0,2,4,False,True,False,False,False,False,False,False,False,False,False,False,True,False,False,True,True,False,False,False,False,False,False,False,False,False,False,False,Scarborough Health Network - Scarborough General,4133.58598131605
Local,North York,Stop Sign,Clear,Daylight,Dry,Non-Fatal Injury,Angle,False,False,True,False,False,False,False,True,False,True,False,False,False,Bathurst Manor,2007,-0.4999999999999997,-0.8660254037844388,0.9749279121818236,-0.22252093395631434,0.8660254037844387,-0.4999999999999998,0,0,0,0,1,0,0,0,1,1,0,0,0,0,0,0,0,0,0,0,1,4,False,True,False,False,False,False,False,False,False,False,False,True,False,False,False,False,True,False,True,False,False,False,False,False,False,False,False,False,Humber River Health - Wilson,6899.906043824507
Major Arterial,Toronto and East York,No Control,Clear,Dark,Dry,Non-Fatal Injury,Turning Movement,False,False,True,False,False,False,False,False,False,False,False,False,False,Harbourfront-CityPlace,2007,-0.4999999999999997,-0.8660254037844388,-0.433883739117558,-0.9009688679024191,-0.7071067811865477,0.7071067811865474,0,0,0,0,0,1,0,0,1,0,0,0,0,0,0,0,0,0,0,0,1,3,False,True,True,False,False,False,False,False,False,False,False,False,False,False,False,False,True,False,False,False,False,False,True,False,False,False,False,False,University Health Network - Toronto Western,2319.757065379061
Major Arterial,Scarborough,No Control,Clear,"Dusk, artificial",Dry,Non-Fatal Injury,Turning Movement,False,True,True,False,False,False,False,True,False,False,False,False,False,Kennedy Park,2007,-0.4999999999999997,-0.8660254037844388,-0.433883739117558,-0.9009688679024191,-0.5000000000000004,0.8660254037844384,0,0,0,1,1,0,0,1,0,0,0,0,0,0,0,1,0,0,0,0,1,5,False,True,False,False,False,False,False,False,False,False,False,False,True,False,False,False,True,False,False,False,False,False,True,False,False,False,False,False,Scarborough Health Network - Scarborough General,4749.048856757698
Major Arterial,Scarborough,Traffic Signal,Clear,Dark,Dry,Non-Fatal Injury,Pedestrian Collisions,True,False,True,False,False,False,False,False,False,False,False,False,False,Milliken,2007,-0.4999999999999997,-0.8660254037844388,-0.9749279121818236,-0.2225209339563146,0.0,1.0,0,0,0,0,0,0,0,0,0,2,0,0,0,0,0,0,0,0,0,0,0,2,False,True,False,False,False,False,False,False,False,False,False,False,False,False,False,False,True,False,False,False,False,False,False,False,False,False,False,False,Scarborough Health Network - Birchmount,5884.436903034919
Major Arterial,Scarborough,No Control,Clear,Daylight,Dry,Fatal,Pedestrian Collisions,True,False,True,False,False,False,False,False,False,False,False,False,False,Bendale South,2007,-0.4999999999999997,-0.8660254037844388,-0.7818314824680299,0.6234898018587334,0.258819045102521,-0.9659258262890682,0,0,0,0,0,0,0,1,0,0,1,0,0,0,0,1,0,0,0,0,2,5,False,True,False,False,False,False,False,False,False,False,False,False,False,False,False,False,True,False,False,False,False,False,False,False,False,False,False,False,Scarborough Health Network - Scarborough General,166.9487432448659
Major Arterial,North York,Traffic Signal,Clear,Daylight,Dry,Non-Fatal Injury,Pedestrian Collisions,True,False,True,False,False,False,False,False,False,True,False,False,False,York University Heights,2007,-0.4999999999999997,-0.8660254037844388,0.7818314824680298,0.6234898018587336,0.258819045102521,-0.9659258262890682,0,0,0,0,0,0,0,0,0,0,1,0,0,0,0,1,0,0,0,0,0,2,False,False,False,False,False,False,False,False,False,False,False,False,False,True,False,False,False,False,True,False,False,False,False,False,False,False,False,False,Humber River Health - Wilson,4455.713243816746
Collector,Etobicoke York,No Control,Clear,Dark,Dry,Non-Fatal Injury,SMV Other,False,False,True,False,False,False,False,False,False,False,False,False,False,Eringate-Centennial-West Deane,2007,-0.4999999999999997,-0.8660254037844388,0.43388373911755823,-0.900968867902419,0.9659258262890683,0.25881904510252074,0,0,0,0,1,0,0,0,0,0,0,0,0,0,0,0,0,0,0,0,1,2,False,True,False,False,False,False,False,False,False,False,False,False,False,False,False,False,False,False,False,False,False,False,False,True,False,False,False,False,William Osler Health System - Etobicoke,9060.8114382762
Minor Arterial,Toronto and East York,Traffic Signal,Clear,Daylight,Dry,Non-Fatal Injury,Pedestrian Collisions,True,True,False,False,False,False,False,False,False,False,False,False,False,St Lawrence-East Bayfront-The Islands,2007,-0.4999999999999997,-0.8660254037844388,0.43388373911755823,-0.900968867902419,0.7071067811865476,-0.7071067811865475,0,0,0,0,0,0,1,0,0,0,0,0,1,0,0,0,0,0,0,0,0,2,False,True,False,False,False,False,False,False,False,False,False,False,False,False,False,False,False,False,False,False,False,False,False,False,False,False,False,False,Unity Health Toronto - St. Michael's,1737.0442528130952