ROAD_CLASS,DISTRICT,TRAFFCTL,VISIBILITY,LIGHT,RDSFCOND,ACCLASS,IMPACTYPE,PEDESTRIAN,CYCLIST,AUTOMOBILE,MOTORCYCLE,TRUCK,TRSN_CITY_VEH,EMERG_VEH,PASSENGER,SPEEDING,AG_DRIV,REDLIGHT,ALCOHOL,DISABILITY,NEIGHBOURHOOD_158,YEAR,MONTH_sin,MONTH_cos,DOW_sin,DOW_cos,HOUR_sin,HOUR_cos,INVAGE_00to04,INVAGE_05to09,INVAGE_10to14,INVAGE_15to19,INVAGE_20to24,INVAGE_25to29,INVAGE_30to34,INVAGE_35to39,INVAGE_40to44,INVAGE_45to49,INVAGE_50to54,INVAGE_55to59,INVAGE_60to64,INVAGE_65to69,INVAGE_70to74,INVAGE_75to79,INVAGE_80to84,INVAGE_85to89,INVAGE_90to94,INVAGE_Over95,INVAGE_unknown,NUMPERSONS,MANOEUVER_ChangingLanes,MANOEUVER_GoingAhead,MANOEUVER_MakingUTurn,MANOEUVER_Merging,MANOEUVER_Other,MANOEUVER_Overtaking,MANOEUVER_Parked,MANOEUVER_PullingAwayfromShoulderorCurb,MANOEUVER_PullingOntoShoulderortowardCurb,MANOEUVER_Reversing,MANOEUVER_SlowingorStopping,MANOEUVER_Stopped,MANOEUVER_TurningLeft,MANOEUVER_TurningRight,MANOEUVER_Unknown,DRIVACT_DisobeyedTrafficControl,DRIVACT_DrivingProperly,DRIVACT_ExceedingSpeedLimit,DRIVACT_FailedtoYieldRightofWay,DRIVACT_FollowingtooClose,DRIVACT_ImproperLaneChange,DRIVACT_ImproperPassing,DRIVACT_ImproperTurn,DRIVACT_Lostcontrol,DRIVACT_Other,DRIVACT_SpeedtooFastForCondition,DRIVACT_SpeedtooSlow,DRIVACT_WrongWayonOneWayRoad,NEAREST_HOSPITAL,DIST_TO_HOS
Major Arterial,North York,No Control,Clear,Daylight,Dry,Non-Fatal Injury,Turning Movement,False,False,True,False,False,False,False,True,False,False,False,False,False,York University Heights,2009,0.49999999999999994,0.8660254037844387,0.0,1.0,-0.4999999999999997,-0.8660254037844388,1,0,0,0,2,0,1,0,0,1,0,0,0,0,0,0,0,0,0,0,3,8,False,True,False,False,False,False,False,False,False,False,False,True,True,False,False,False,True,False,False,False,False,False,True,False,False,False,False,False,Humber River Health - Wilson,2754.9727438202826
Major Arterial,Scarborough,Traffic Signal,Clear,Daylight,Dry,Non-Fatal Injury,Pedestrian Collisions,True,False,True,False,False,False,False,False,False,True,False,False,False,Birchcliffe-Cliffside,2009,0.49999999999999994,0.8660254037844387,0.0,1.0,-0.4999999999999997,-0.8660254037844388,0,0,0,0,0,0,0,0,0,0,1,0,0,0,0,0,1,0,0,0,0,2,False,False,False,False,False,False,False,False,False,False,False,False,True,False,False,False,False,False,True,False,False,False,False,False,False,False,False,False,Scarborough Health Network - Scarborough General,5587.851256745518
Major Arterial,Etobicoke York,Traffic Signal,Clear,Daylight,Dry,Fatal,Pedestrian Collisions,True,False,False,False,True,False,False,False,False,True,False,False,False,Humbermede,2009,0.49999999999999994,0.8660254037844387,0.0,1.0,-0.8660254037844385,-0.5000000000000004,0,0,0,0,0,0,0,0,0,0,0,1,0,0,0,0,0,0,1,0,1,3,False,False,False,False,False,False,False,False,False,False,False,False,True,False,False,False,False,False,True,False,False,False,False,False,False,False,False,False,William Osler Health System - Etobicoke,7152.761384085054
Major Arterial,North York,Traffic Signal,Clear,Daylight,Dry,Non-Fatal Injury,Pedestrian Collisions,True,False,True,False,False,False,False,False,False,False,False,False,False,St.Andrew-Windfields,2009,0.49999999999999994,0.8660254037844387,0.43388373911755823,-0.900968867902419,0.7071067811865476,-0.7071067811865475,0,0,0,0,1,0,0,1,0,0,0,0,0,0,0,0,0,0,0,0,1,3,False,False,False,False,False,False,False,False,False,False,False,False,True,False,False,False,False,False,False,False,False,False,True,False,False,False,False,False,Sunnybrook Health Sciences Centre - Bayview Campus,3187.1544699296355
Major Arterial,Toronto and East York,No Control,Clear,Dark,Dry,Non-Fatal Injury,Cyclist Collisions,False,True,True,False,False,False,False,False,False,False,False,False,False,Runnymede-Bloor West Village,2009,0.49999999999999994,0.8660254037844387,-0.7818314824680299,0.6234898018587334,-0.9659258262890684,0.2588190451025203,0,0,0,0,0,0,0,0,0,1,1,0,0,0,0,0,0,0,0,0,0,2,True,True,False,False,False,False,False,False,False,False,False,False,False,False,False,False,True,False,False,False,False,False,False,False,False,False,False,False,Unity Health Toronto - St. Joseph's,5575.657510113786
Major Arterial,Toronto and East York,No Control,Clear,Dark,Dry,Non-Fatal Injury,Pedestrian Collisions,True,False,True,False,False,False,False,False,False,False,False,False,False,Playter Estates-Danforth,2009,0.49999999999999994,0.8660254037844387,0.0,1.0,0.0,1.0,0,0,0,0,0,0,0,1,0,0,0,0,0,0,1,0,0,0,0,0,0,2,False,True,False,False,False,False,False,False,False,False,False,False,False,False,False,False,True,False,False,False,False,False,False,False,False,False,False,False,Michael Garron Hospital,2626.4945422427263
Minor Arterial,Scarborough,No Control,Rain,Dark,Wet,Non-Fatal Injury,SMV Other,False,False,False,False,False,False,False,False,False,False,False,False,False,Milliken,2009,0.49999999999999994,0.8660254037844387,0.43388373911755823,-0.900968867902419,0.0,1.0,0,0,0,0,0,0,0,0,0,0,0,0,0,0,0,0,0,0,0,0,2,2,False,True,False,False,False,False,False,False,False,False,False,False,False,False,False,False,False,False,False,False,False,False,False,True,False,False,False,False,Scarborough Health Network - Birchmount,6302.953903032932
Minor Arterial,Toronto and East York,No Control,Clear,Daylight,Dry,Non-Fatal Injury,Approaching,False,False,True,False,False,True,False,False,False,False,False,False,False,Little Portugal,2009,0.49999999999999994,0.8660254037844387,0.43388373911755823,-0.900968867902419,-0.7071067811865471,-0.7071067811865479,0,0,0,0,0,0,0,1,0,1,0,0,0,0,0,0,0,0,0,0,1,3,False,True,False,False,False,False,False,False,False,False,False,False,False,False,False,False,True,False,False,False,False,False,False,True,False,False,False,False,Unity Health Toronto - St. Joseph's,2528.7393771191128
Collector,Scarborough,No Control,Clear,Dark,Dry,Fatal,SMV Other,False,False,True,False,False,False,False,True,False,False,False,True,False,Woburn North,2009,0.49999999999999994,0.8660254037844387,-0.433883739117558,-0.9009688679024191,0.25881904510252074,0.9659258262890683,0,0,0,0,2,0,0,0,0,0,0,0,0,0,0,0,0,0,0,0,0,2,False,True,False,False,False,False,False,False,False,False,False,False,False,False,False,False,False,False,False,False,False,False,False,True,False,False,False,False,Scarborough Health Network - Scarborough General,2335.8874432422454
Major Arterial,North York,No Control,Clear,Daylight,Dry,Non-Fatal Injury,Pedestrian Collisions,True,False,True,False,False,False,False,False,False,False,False,False,False,Lansing-Westgate,2009,0.49999999999999994,0.8660254037844387,-0.433883739117558,-0.9009688679024191,-0.9659258262890683,-0.25881904510252063,0,0,0,0,0,1,1,0,0,0,0,0,0,0,0,0,0,0,0,0,0,2,False,True,False,False,False,False,False,False,False,False,False,False,False,False,False,False,True,False,False,False,False,False,False,False,False,False,False,False,North York General Hospital - General Site,4632.879910589312
Local,North York,No Control,Clear,Daylight,Dry,Non-Fatal Injury,Pedestrian Collisions,True,False,True,False,False,False,False,False,False,False,False,False,False,Bathurst Manor,2009,0.49999999999999994,0.8660254037844387,0.0,1.0,-0.8660254037844385,-0.5000000000000004,0,0,0,0,0,0,0,0,0,0,0,1,0,0,0,0,0,1,0,0,0,2,False,False,False,False,False,False,False,False,False,True,False,False,False,False,False,False,False,False,False,False,False,False,False,False,True,False,False,False,Humber River Health - Wilson,7333.60874381382
Major Arterial,Scarborough,Other,Clear,Dark,Dry,Non-Fatal Injury,Pedestrian Collisions,True,False,True,False,False,False,False,False,False,False,False,False,False,Milliken,2009,0.49999999999999994,0.8660254037844387,0.7818314824680298,0.6234898018587336,1.0,6.123233995736766e-17,0,0,0,0,0,0,0,0,0,0,1,0,0,0,0,0,0,0,0,0,1,2,False,True,False,False,True,False,False,False,False,False,False,False,False,False,False,False,False,False,False,False,False,False,False,False,False,False,False,False,Scarborough Health Network - Birchmount,2705.3416030338267
Major Arterial,Scarborough,Traffic Signal,Clear,Dark,Dry,Non-Fatal Injury,Pedestrian Collisions,True,False,True,False,False,False,False,False,False,True,False,False,False,Milliken,2009,0.49999999999999994,0.8660254037844387,0.7818314824680298,0.6234898018587336,1.0,6.123233995736766e-17,0,0,0,0,0,0,0,0,0,0,0,1,1,0,0,0,0,0,0,0,0,2,False,False,False,False,False,False,False,False,False,False,False,False,True,False,False,False,False,False,True,False,False,False,False,False,False,False,False,False,Scarborough Health Network - Birchmount,2694.464303029119
Major Arterial,North York,No Control,Clear,Daylight,Dry,Non-Fatal Injury,Other,False,False,True,False,False,False,False,True,False,False,False,False,False,Flemingdon Park,2009,0.49999999999999994,0.8660254037844387,0.7818314824680298,0.6234898018587336,0.49999999999999994,-0.8660254037844387,0,0,0,0,0,0,0,0,0,0,1,0,0,0,0,1,0,0,0,0,0,2,False,False,False,False,False,False,False,False,False,False,True,False,False,False,False,False,True,False,False,False,False,False,False,False,False,False,False,False,Michael Garron Hospital,2886.0517912609503
Major Arterial,Toronto and East York,Traffic Signal,Clear,Daylight,Dry,Non-Fatal Injury,Pedestrian Collisions,True,False,True,False,False,False,False,False,False,False,False,False,False,Birchcliffe-Cliffside,2009,0.49999999999999994,0.8660254037844387,0.7818314824680298,0.6234898018587336,-0.7071067811865471,-0.7071067811865479,0,0,0,0,0,0,0,0,1,0,0,0,1,0,0,0,0,0,0,0,0,2,False,True,False,False,True,False,False,False,False,False,False,False,False,False,False,False,True,False,False,False,False,False,False,False,False,False,False,False,Michael Garron Hospital,3276.061708729947
Minor Arterial,Etobicoke York,Pedestrian Crossover,Clear,Dark,Dry,Non-Fatal Injury,Pedestrian Collisions,True,False,True,False,False,False,False,False,False,True,False,False,False,Weston,2009,0.49999999999999994,0.8660254037844387,0.43388373911755823,-0.900968867902419,-0.8660254037844386,0.5000000000000001,0,0,0,0,0,0,0,0,1,0,0,0,0,0,0,0,0,0,0,0,1,2,False,True,False,False,False,False,False,False,False,False,False,False,False,False,False,False,False,False,True,False,False,False,False,False,False,False,False,False,Humber River Health - Wilson,4585.659656171338
Major Arterial,North York,Stop Sign,Clear,Dark,Wet,Non-Fatal Injury,Pedestrian Collisions,True,False,True,False,False,False,False,False,False,True,False,True,False,Clanton Park,2009,0.49999999999999994,0.8660254037844387,-0.9749279121818236,-0.2225209339563146,0.7071067811865476,0.7071067811865476,0,0,0,0,0,0,1,1,0,0,0,0,0,0,0,0,0,0,0,0,0,2,False,True,False,False,True,False,False,False,False,False,False,False,False,False,False,False,False,False,True,False,False,False,False,False,False,False,False,False,Humber River Health - Wilson,5722.286043822416
Major Arterial,North York,Traffic Signal,Clear,Daylight,Dry,Non-Fatal Injury,SMV Other,False,False,True,False,False,False,False,False,False,False,False,False,True,Mount Pleasant East,2009,0.49999999999999994,0.8660254037844387,-0.9749279121818236,-0.2225209339563146,0.258819045102521,-0.9659258262890682,0,0,0,0,0,0,0,0,0,0,0,0,0,0,0,0,1,0,0,0,0,1,False,True,False,False,False,False,False,False,False,False,False,False,False,False,False,False,False,False,False,False,False,False,False,True,False,False,False,False,Sunnybrook Health Sciences Centre - Bayview Campus,2129.3885297168745
Major Arterial,North York,Traffic Signal,Snow,Dark,Loose Snow,Non-Fatal Injury,Approaching,False,False,True,False,False,False,False,False,False,False,False,False,True,St.Andrew-Windfields,2009,0.49999999999999994,0.8660254037844387,-0.9749279121818236,-0.2225209339563146,-0.8660254037844386,0.5000000000000001,0,0,0,0,0,0,0,1,0,0,0,0,0,0,0,0,0,1,0,0,0,2,False,True,False,False,False,False,False,False,False,False,True,False,False,False,False,False,True,False,False,False,False,False,False,True,False,False,False,False,North York General Hospital - General Site,2908.642044845503
Major Arterial,Toronto and East York,No Control,Clear,Daylight,Dry,Non-Fatal Injury,Rear End,False,False,True,False,False,False,False,False,False,True,False,False,False,St Lawrence-East Bayfront-The Islands,2009,0.49999999999999994,0.8660254037844387,0.0,1.0,-0.9659258262890683,-0.25881904510252063,0,0,0,0,0,1,0,0,0,0,0,1,1,0,0,0,0,0,0,0,1,4,False,True,False,False,False,False,False,False,False,False,False,True,False,False,False,False,True,False,False,True,False,False,False,False,False,False,False,False,Unity Health Toronto - St. Michael's,1234.0124821891077
Major Arterial,Toronto and East York,Traffic Signal,Clear,"Dark, artificial",Dry,Non-Fatal Injury,Pedestrian Collisions,True,False,False,False,False,True,False,False,False,False,False,False,False,Yonge-Bay Corridor,2009,0.49999999999999994,0.8660254037844387,0.0,1.0,-0.9659258262890684,0.2588190451025203,0,0,0,0,0,0,1,0,0,0,0,0,1,0,0,0,0,0,0,0,1,3,False,False,False,False,False,False,False,False,False,False,False,False,False,True,False,False,False,False,False,False,False,False,True,False,False,False,False,False,Unity Health Toronto - St. Michael's,796.7479528259719
Major Arterial,North York,No Control,Clear,Dark,Dry,Non-Fatal Injury,Pedestrian Collisions,True,False,False,False,False,True,False,False,False,False,False,False,False,St.Andrew-Windfields,2009,0.49999999999999994,0.8660254037844387,0.7818314824680298,0.6234898018587336,0.7071067811865476,0.7071067811865476,0,0,0,0,0,0,0,0,0,0,0,1,0,0,0,0,0,0,0,0,2,3,False,False,False,False,False,False,False,True,False,False,False,False,False,False,False,False,True,False,False,False,False,False,False,False,False,False,False,False,North York General Hospital - General Site,5489.642510587582
Minor Arterial,Etobicoke York,Pedestrian Crossover,Rain,Dark,Wet,Non-Fatal Injury,Pedestrian Collisions,True,False,True,False,False,False,False,False,False,False,False,False,False,West Humber-Clairville,2009,0.49999999999999994,0.8660254037844387,0.9749279121818236,-0.22252093395631434,-0.8660254037844386,0.5000000000000001,0,0,0,0,1,0,0,0,0,0,0,0,1,0,0,0,0,0,0,0,0,2,False,True,False,False,False,False,False,False,False,False,False,False,False,False,False,False,True,False,False,False,False,False,False,False,False,False,False,False,William Osler Health System - Etobicoke,492.54876172344666
Major Arterial,Scarborough,Traffic Signal,Clear,Daylight,Dry,Non-Fatal Injury,Angle,False,False,True,False,False,False,False,True,False,False,False,False,False,Agincourt South-Malvern West,2009,0.49999999999999994,0.8660254037844387,0.43388373911755823,-0.900968867902419,0.8660254037844387,-0.4999999999999998,0,0,0,0,0,0,0,0,0,2,0,1,0,0,0,0,0,0,0,0,1,4,False,True,False,False,False,False,False,False,False,False,False,False,False,False,False,False,True,False,False,False,False,False,False,True,False,False,False,False,Scarborough Health Network - Birchmount,4681.155396557064
Minor Arterial,Toronto and East York,Traffic Signal,Clear,Dark,Dry,Non-Fatal Injury,Pedestrian Collisions,True,False,True,False,False,False,False,False,False,True,False,False,False,Greenwood-Coxwell,2009,0.49999999999999994,0.8660254037844387,0.43388373911755823,-0.900968867902419,-0.25881904510252157,0.9659258262890681,0,0,0,0,0,1,0,1,0,0,0,0,0,0,0,0,0,0,0,0,0,2,False,False,False,False,True,False,False,False,False,False,False,False,True,False,False,False,False,False,True,False,False,False,False,False,False,False,False,False,Michael Garron Hospital,3202.384342249017
Minor Arterial,North York,Pedestrian Crossover,Clear,Daylight,Dry,Non-Fatal Injury,Pedestrian Collisions,True,False,True,False,False,False,False,False,False,True,False,False,False,Yonge-Doris,2009,0.8660254037844386,0.5000000000000001,0.0,1.0,-0.8660254037844385,-0.5000000000000004,0,0,0,0,0,0,0,1,0,1,0,0,0,0,0,0,0,0,0,0,0,2,False,True,False,False,False,False,False,False,False,False,False,False,False,False,False,False,False,False,True,False,False,False,False,False,False,False,False,False,North York General Hospital - General Site,4089.0090105902636
Local,Toronto and East York,Stop Sign,Clear,Daylight,Dry,Non-Fatal Injury,Pedestrian Collisions,True,False,True,False,False,False,False,False,False,True,False,False,False,Forest Hill South,2009,0.8660254037844386,0.5000000000000001,0.7818314824680298,0.6234898018587336,0.258819045102521,-0.9659258262890682,0,0,0,0,0,0,0,0,0,1,0,0,0,0,0,0,0,1,0,0,1,3,False,False,False,False,True,False,False,False,False,False,False,False,True,False,False,True,False,False,False,False,False,False,False,False,False,False,False,False,University Health Network - Toronto Western,4552.442934620543
Major Arterial,Scarborough,No Control,Clear,Dawn,Dry,Non-Fatal Injury,Rear End,False,False,True,False,False,False,False,False,True,True,False,False,False,Agincourt South-Malvern West,2009,0.8660254037844386,0.5000000000000001,0.7818314824680298,0.6234898018587336,-0.9659258262890684,0.2588190451025203,0,0,0,0,0,0,0,0,0,1,0,0,1,0,0,0,0,0,0,0,1,3,False,True,False,False,False,False,False,False,False,False,False,False,False,False,False,False,True,False,False,True,False,False,False,False,False,False,False,False,Scarborough Health Network - Birchmount,4467.737296551233
Minor Arterial,Scarborough,No Control,Clear,Daylight,Dry,Non-Fatal Injury,Pedestrian Collisions,True,False,True,False,False,False,False,False,False,False,False,False,False,Malvern West,2009,0.8660254037844386,0.5000000000000001,0.9749279121818236,-0.22252093395631434,0.8660254037844387,-0.4999999999999998,0,0,0,0,0,0,0,1,0,0,0,0,0,0,0,1,0,0,0,0,0,2,False,False,False,False,False,False,False,False,False,False,True,False,False,False,False,False,True,False,False,False,False,False,False,False,False,False,False,False,Scarborough Health Network - Centenary,4115.49284882436
Major Arterial,Toronto and East York,Traffic Signal,Other,Dark,Other,Non-Fatal Injury,Other,False,False,True,False,False,False,False,True,False,False,False,False,False,East End-Danforth,2009,0.8660254037844386,0.5000000000000001,0.9749279121818236,-0.22252093395631434,-0.5000000000000004,0.8660254037844384,0,0,0,0,0,0,0,0,0,0,1,0,0,0,0,0,0,0,0,0,5,6,False,False,False,False,True,False,False,False,False,False,False,False,False,False,True,False,False,False,False,False,False,False,False,False,False,False,False,False,Michael Garron Hospital,2085.124608735321
Major Arterial,Toronto and East York,Traffic Signal,Other,Dark,Other,Non-Fatal Injury,Other,False,False,True,False,False,False,False,True,False,False,False,False,False,East End-Danforth,2009,0.8660254037844386,0.5000000000000001,0.9749279121818236,-0.22252093395631434,-0.5000000000000004,0.8660254037844384,0,0,0,0,0,0,0,0,0,0,1,0,0,0,0,0,0,0,0,0,6,7,False,False,False,False,True,False,False,False,False,False,False,False,False,False,True,False,False,False,False,False,False,False,False,False,False,False,False,False,Michael Garron Hospital,2085.124608735321
Expressway,Toronto and East York,No Control,Clear,Dark,Dry,Non-Fatal Injury,Rear End,False,False,True,False,False,False,False,True,False,True,False,False,False,South Parkdale,2009,0.8660254037844386,0.5000000000000001,-0.9749279121818236,-0.2225209339563146,0.8660254037844386,0.5000000000000001,0,0,0,0,0,5,3,0,0,1,0,0,0,0,0,0,0,0,0,0,2,11,False,True,False,False,False,False,False,False,False,False,False,True,False,False,False,False,True,False,False,True,False,False,False,False,False,False,False,False,Unity Health Toronto - St. Joseph's,933.0364898937987
Major Arterial,North York,Traffic Signal,Clear,Dark,Wet,Fatal,SMV Other,False,False,True,False,False,False,False,False,False,False,False,False,False,Clanton Park,2009,0.8660254037844386,0.5000000000000001,-0.9749279121818236,-0.2225209339563146,0.9659258262890683,0.25881904510252074,0,0,0,0,1,0,0,0,0,0,0,0,0,0,0,0,0,0,0,0,1,2,False,True,False,False,False,False,False,False,False,False,False,False,False,False,False,False,False,False,False,False,False,False,False,True,False,False,False,False,Humber River Health - Wilson,4823.347543812706
Minor Arterial,Toronto and East York,No Control,Rain,Daylight,Wet,Non-Fatal Injury,Pedestrian Collisions,True,False,True,False,False,False,False,False,False,False,False,False,False,Oakwood Village,2009,0.8660254037844386,0.5000000000000001,-0.9749279121818236,-0.2225209339563146,-0.2588190451025208,-0.9659258262890683,0,0,1,0,0,0,1,0,0,0,0,0,0,0,0,0,0,0,0,0,0,2,False,True,False,False,True,False,False,False,False,False,False,False,False,False,False,False,True,False,False,False,False,False,False,False,False,False,False,False,Unity Health Toronto - St. Joseph's,5678.2337771171005
Major Arterial,Etobicoke York,Traffic Signal,Rain,Dark,Wet,Non-Fatal Injury,Rear End,False,False,True,False,False,True,False,True,False,True,False,True,False,Alderwood,2009,0.8660254037844386,0.5000000000000001,-0.7818314824680299,0.6234898018587334,0.0,1.0,0,0,0,0,0,0,0,1,0,0,1,0,0,0,0,0,0,0,0,0,3,5,False,True,False,False,False,False,False,False,False,False,False,True,False,False,False,False,True,False,False,True,False,False,False,False,False,False,False,False,Trillium Health Partners- Mississauga,8499.507985563017
Major Arterial,Toronto and East York,Traffic Signal,Clear,Dark,Wet,Non-Fatal Injury,Rear End,False,False,True,False,False,False,False,True,False,True,False,False,False,Kensington-Chinatown,2009,0.8660254037844386,0.5000000000000001,-0.7818314824680299,0.6234898018587334,0.0,1.0,0,0,0,0,2,0,0,0,0,0,0,1,0,0,0,0,0,0,0,0,1,4,False,False,False,False,False,False,False,False,False,False,True,True,False,False,False,False,True,False,False,True,False,False,False,False,False,False,False,False,University Health Network - Toronto General,933.7346570686204
Collector,Scarborough,No Control,Rain,Dark,Wet,Fatal,SMV Other,False,False,True,False,False,False,False,True,True,True,False,True,False,Scarborough Village,2009,0.8660254037844386,0.5000000000000001,-0.7818314824680299,0.6234898018587334,0.8660254037844386,0.5000000000000001,0,0,0,0,2,0,0,0,0,0,0,0,0,0,0,0,0,0,0,0,1,3,False,True,False,False,False,False,True,False,False,False,False,False,False,False,False,False,False,True,False,False,False,False,False,False,False,False,False,False,Scarborough Health Network - Scarborough General,4889.684281325084
Minor Arterial,Toronto and East York,No Control,Clear,Daylight,Dry,Non-Fatal Injury,Cyclist Collisions,False,True,True,False,False,False,False,False,False,False,False,False,False,South Riverdale,2009,0.8660254037844386,0.5000000000000001,0.7818314824680298,0.6234898018587336,1.2246467991473532e-16,-1.0,0,0,0,0,0,0,0,0,0,1,1,0,0,0,0,0,0,0,0,0,0,2,False,True,False,False,False,False,True,False,False,False,False,False,False,False,False,False,False,False,False,False,False,False,False,False,True,False,False,False,Michael Garron Hospital,3830.609142242698
Major Arterial,Scarborough,Traffic Signal,Rain,Dark,Wet,Non-Fatal Injury,Pedestrian Collisions,True,False,True,False,False,False,False,False,False,True,False,False,False,Malvern East,2009,0.8660254037844386,0.5000000000000001,0.7818314824680298,0.6234898018587336,-0.7071067811865477,0.7071067811865474,0,0,0,1,0,0,0,0,0,1,0,0,0,0,0,0,0,0,0,0,0,2,False,False,False,False,False,False,False,False,False,False,False,False,True,False,False,False,False,False,True,False,False,False,False,False,False,False,False,False,Scarborough Health Network - Centenary,3645.0840488290414
Major Arterial,Etobicoke York,Traffic Signal,Rain,Dark,Wet,Fatal,Pedestrian Collisions,True,False,False,False,True,False,False,False,False,False,False,False,False,Humber Summit,2009,0.8660254037844386,0.5000000000000001,0.9749279121818236,-0.22252093395631434,0.9659258262890683,-0.25881904510252063,0,0,0,0,0,0,0,0,0,1,0,1,0,0,0,0,0,0,0,0,1,3,False,False,False,False,False,False,False,False,False,False,False,False,True,False,False,False,True,False,False,False,False,False,False,False,False,False,False,False,William Osler Health System - Etobicoke,6901.043084088014
Collector,North York,No Control,Clear,Daylight,Dry,Non-Fatal Injury,Pedestrian Collisions,True,False,False,False,False,True,False,False,False,True,False,False,False,St.Andrew-Windfields,2009,0.8660254037844386,0.5000000000000001,0.9749279121818236,-0.22252093395631434,0.8660254037844387,-0.4999999999999998,0,0,0,0,1,0,0,0,0,1,0,0,0,0,0,0,0,0,0,0,1,3,False,False,False,False,False,False,False,False,False,False,False,False,False,True,False,False,False,False,True,False,False,False,False,False,False,False,False,False,North York General Hospital - General Site,1457.584144850145
Major Arterial,Toronto and East York,No Control,Clear,Dark,Dry,Non-Fatal Injury,Pedestrian Collisions,True,False,False,False,False,True,False,False,False,False,False,False,False,High Park North,2009,0.8660254037844386,0.5000000000000001,0.9749279121818236,-0.22252093395631434,-0.7071067811865477,0.7071067811865474,0,0,0,0,0,0,0,0,2,0,0,0,0,0,0,0,0,0,0,0,0,2,False,True,False,False,False,False,False,False,False,False,False,False,False,False,False,False,True,False,False,False,False,False,False,False,False,False,False,False,Unity Health Toronto - St. Joseph's,2129.103610109072
Local,Etobicoke York,No Control,Clear,Daylight,Dry,Non-Fatal Injury,Pedestrian Collisions,True,False,True,False,False,False,False,False,False,False,False,False,True,Glenfield-Jane Heights,2009,0.8660254037844386,0.5000000000000001,0.43388373911755823,-0.900968867902419,-0.8660254037844385,-0.5000000000000004,0,1,0,0,0,0,0,0,0,0,0,0,0,0,0,0,1,0,0,0,0,2,False,True,False,False,False,False,False,False,False,False,False,False,False,False,False,False,True,False,False,False,False,False,False,False,False,False,False,False,Humber River Health - Wilson,5503.58852453914
Collector,Etobicoke York,Stop Sign,Clear,Dark,Dry,Non-Fatal Injury,Turning Movement,False,False,True,False,True,False,False,False,False,False,False,False,False,West Humber-Clairville,2009,0.8660254037844386,0.5000000000000001,-0.433883739117558,-0.9009688679024191,0.9659258262890683,0.25881904510252074,0,0,0,0,0,0,0,0,0,1,1,0,0,0,0,0,0,0,0,0,1,3,False,True,False,False,False,False,False,False,False,False,False,False,True,False,False,False,True,False,False,False,False,False,True,False,False,False,False,False,William Osler Health System - Etobicoke,5697.216738272342
Minor Arterial,Toronto and East York,Pedestrian Crossover,Other,Daylight,Other,Fatal,Pedestrian Collisions,True,False,False,False,False,True,False,False,False,True,False,False,False,South Riverdale,2009,0.8660254037844386,0.5000000000000001,-0.433883739117558,-0.9009688679024191,0.7071067811865476,-0.7071067811865475,0,0,0,0,0,0,0,0,1,0,0,0,0,0,0,0,0,1,0,0,0,2,False,True,False,False,False,False,False,False,False,False,False,False,False,False,False,False,False,False,True,False,False,False,False,False,False,False,False,False,Unity Health Toronto - St. Michael's,3743.9734471796546
Major Arterial,Toronto and East York,No Control,Clear,Daylight,Dry,Non-Fatal Injury,Pedestrian Collisions,True,False,True,False,False,False,False,False,False,False,False,False,False,Yonge-Bay Corridor,2009,0.8660254037844386,0.5000000000000001,-0.9749279121818236,-0.2225209339563146,-0.9659258262890683,-0.25881904510252063,0,0,0,1,0,0,0,0,0,0,1,0,0,0,0,0,0,0,0,0,0,2,False,True,False,False,False,False,False,False,False,False,False,False,False,False,False,False,True,False,False,False,False,False,False,False,False,False,False,False,Unity Health Toronto - St. Michael's,838.5472528191749
Major Arterial,Etobicoke York,No Control,Clear,Daylight,Dry,Non-Fatal Injury,Rear End,False,False,True,False,False,False,False,False,False,True,False,False,False,Beechborough-Greenbrook,2009,0.8660254037844386,0.5000000000000001,0.7818314824680298,0.6234898018587336,-0.9659258262890684,0.2588190451025203,0,0,0,0,1,0,0,0,0,0,0,0,0,1,0,0,0,0,0,0,1,3,False,True,False,False,False,False,False,False,False,False,False,True,False,False,False,False,True,False,False,True,False,False,False,False,False,False,False,False,Humber River Health - Wilson,4452.663775458233
Major Arterial,Scarborough,Traffic Signal,Clear,Dark,Dry,Non-Fatal Injury,Pedestrian Collisions,True,False,True,False,False,False,False,False,False,False,False,False,False,Cliffcrest,2009,0.8660254037844386,0.5000000000000001,0.43388373911755823,-0.900968867902419,-0.25881904510252157,0.9659258262890681,0,0,0,1,0,0,0,0,1,0,0,0,0,0,0,0,0,0,0,0,0,2,False,True,False,False,False,False,False,False,False,False,False,False,False,False,False,False,True,False,False,False,False,False,False,False,False,False,False,False,Scarborough Health Network - Scarborough General,4954.65988132183