ROAD_CLASS,DISTRICT,TRAFFCTL,VISIBILITY,LIGHT,RDSFCOND,ACCLASS,IMPACTYPE,PEDESTRIAN,CYCLIST,AUTOMOBILE,MOTORCYCLE,TRUCK,TRSN_CITY_VEH,EMERG_VEH,PASSENGER,SPEEDING,AG_DRIV,REDLIGHT,ALCOHOL,DISABILITY,NEIGHBOURHOOD_158,YEAR,MONTH_sin,MONTH_cos,DOW_sin,DOW_cos,HOUR_sin,HOUR_cos,INVAGE_00to04,INVAGE_05to09,INVAGE_10to14,INVAGE_15to19,INVAGE_20to24,INVAGE_25to29,INVAGE_30to34,INVAGE_35to39,INVAGE_40to44,INVAGE_45to49,INVAGE_50to54,INVAGE_55to59,INVAGE_60to64,INVAGE_65to69,INVAGE_70to74,INVAGE_75to79,INVAGE_80to84,INVAGE_85to89,INVAGE_90to94,INVAGE_Over95,INVAGE_unknown,NUMPERSONS,MANOEUVER_ChangingLanes,MANOEUVER_GoingAhead,MANOEUVER_MakingUTurn,MANOEUVER_Merging,MANOEUVER_Other,MANOEUVER_Overtaking,MANOEUVER_Parked,MANOEUVER_PullingAwayfromShoulderorCurb,MANOEUVER_PullingOntoShoulderortowardCurb,MANOEUVER_Reversing,MANOEUVER_SlowingorStopping,MANOEUVER_Stopped,MANOEUVER_TurningLeft,MANOEUVER_TurningRight,MANOEUVER_Unknown,DRIVACT_DisobeyedTrafficControl,DRIVACT_DrivingProperly,DRIVACT_ExceedingSpeedLimit,DRIVACT_FailedtoYieldRightofWay,DRIVACT_FollowingtooClose,DRIVACT_ImproperLaneChange,DRIVACT_ImproperPassing,DRIVACT_ImproperTurn,DRIVACT_Lostcontrol,DRIVACT_Other,DRIVACT_SpeedtooFastForCondition,DRIVACT_SpeedtooSlow,DRIVACT_WrongWayonOneWayRoad,NEAREST_HOSPITAL,DIST_TO_HOS
Major Arterial,North York,No Control,Clear,Daylight,Other,Non-Fatal Injury,Pedestrian Collisions,True,False,True,False,False,False,False,False,False,False,False,False,False,Yorkdale-Glen Park,2009,0.8660254037844386,0.5000000000000001,-0.433883739117558,-0.9009688679024191,0.7071067811865476,-0.7071067811865475,0,0,0,0,0,0,1,0,0,0,0,0,0,0,1,0,0,0,0,0,1,3,False,True,False,False,False,False,False,False,False,False,False,False,False,False,False,False,True,False,False,False,False,False,False,False,False,False,False,False,Humber River Health - Wilson,3953.6108754606685
Major Arterial,Etobicoke York,No Control,Clear,Dark,Dry,Non-Fatal Injury,Pedestrian Collisions,True,False,True,False,False,False,False,False,False,False,False,False,False,West Humber-Clairville,2009,0.8660254037844386,0.5000000000000001,-0.9749279121818236,-0.2225209339563146,-0.7071067811865477,0.7071067811865474,0,0,0,0,0,0,0,0,0,0,0,0,0,0,1,0,1,0,0,0,0,2,False,True,False,False,False,False,False,False,False,False,False,False,False,False,False,False,True,False,False,False,False,False,False,False,False,False,False,False,William Osler Health System - Etobicoke,1443.4701159006217
Minor Arterial,Toronto and East York,Traffic Signal,Rain,Dark,Wet,Fatal,Pedestrian Collisions,True,False,False,False,True,False,False,False,False,True,False,False,False,Wellington Place,2009,0.8660254037844386,0.5000000000000001,0.9749279121818236,-0.22252093395631434,-0.7071067811865477,0.7071067811865474,0,0,0,0,0,1,1,0,0,0,0,0,0,0,0,0,0,0,0,0,1,3,False,False,False,False,False,False,False,False,False,False,False,False,False,True,False,False,False,False,True,False,False,False,False,False,False,False,False,False,University Health Network - Toronto General,2104.4140570671298
Local,Etobicoke York,No Control,Clear,Daylight,Dry,Non-Fatal Injury,SMV Other,False,False,False,True,False,False,False,False,False,False,False,False,False,New Toronto,2009,0.8660254037844386,0.5000000000000001,-0.433883739117558,-0.9009688679024191,-0.9659258262890684,0.2588190451025203,0,0,0,0,0,0,0,0,1,0,0,0,0,0,0,0,0,0,0,0,1,2,False,False,False,False,False,False,False,False,False,False,False,False,False,True,False,False,False,False,False,False,False,False,False,True,False,False,False,False,Unity Health Toronto - St. Joseph's,8336.960922879749
Major Arterial,Etobicoke York,No Control,Clear,Dark,Dry,Non-Fatal Injury,Pedestrian Collisions,True,False,True,False,False,False,False,False,False,True,False,False,False,Rustic,2009,0.8660254037844386,0.5000000000000001,-0.9749279121818236,-0.2225209339563146,0.0,1.0,0,0,0,0,0,0,0,1,0,0,0,0,0,0,0,0,0,0,0,0,1,2,False,True,False,False,False,False,False,False,False,False,False,False,False,False,False,False,False,False,True,False,False,False,False,False,False,False,False,False,Humber River Health - Wilson,3322.778556181467
Minor Arterial,Toronto and East York,No Control,Clear,Daylight,Dry,Non-Fatal Injury,Cyclist Collisions,False,True,True,False,False,False,False,False,False,True,False,False,False,Roncesvalles,2009,0.8660254037844386,0.5000000000000001,-0.9749279121818236,-0.2225209339563146,-0.7071067811865471,-0.7071067811865479,0,0,0,0,0,0,1,0,0,0,0,0,0,0,0,0,0,0,0,0,1,2,False,True,False,False,False,False,False,False,False,False,False,False,False,False,True,False,False,False,True,False,False,False,False,False,False,False,False,False,Unity Health Toronto - St. Joseph's,1699.6508771093795
Major Arterial,Toronto and East York,Traffic Signal,Clear,Dark,Dry,Non-Fatal Injury,Approaching,False,False,True,False,False,False,False,True,False,False,False,False,False,Weston-Pelham Park,2009,0.8660254037844386,0.5000000000000001,-0.7818314824680299,0.6234898018587334,0.49999999999999994,0.8660254037844387,0,0,0,0,4,0,1,0,0,0,0,0,0,0,0,0,0,0,0,0,1,6,False,False,False,False,True,False,False,False,False,False,False,True,True,False,False,False,True,False,False,False,False,False,False,False,False,False,False,False,Unity Health Toronto - St. Joseph's,4735.785710103926
Major Arterial,Scarborough,No Control,Clear,Daylight,Dry,Non-Fatal Injury,Approaching,False,False,True,False,False,False,False,False,False,False,False,False,False,Clairlea-Birchmount,2009,0.8660254037844386,0.5000000000000001,0.7818314824680298,0.6234898018587336,0.7071067811865476,-0.7071067811865475,0,0,0,0,0,0,1,0,0,0,1,0,0,0,0,0,0,0,0,0,0,2,False,True,False,False,True,False,False,False,False,False,False,False,False,False,False,False,True,False,False,False,False,False,False,False,True,False,False,False,Michael Garron Hospital,5562.08465774334
Other,Etobicoke York,No Control,Clear,Daylight,Dry,Non-Fatal Injury,Rear End,False,False,True,False,False,False,False,False,False,True,False,False,False,Brookhaven-Amesbury,2009,1.0,6.123233995736766e-17,0.9749279121818236,-0.22252093395631434,-0.2588190451025208,-0.9659258262890683,0,0,0,1,0,0,0,0,1,0,0,0,0,0,0,0,0,0,0,0,0,2,False,True,False,False,False,False,False,False,False,False,False,True,False,False,False,False,True,False,False,True,False,False,False,False,False,False,False,False,Humber River Health - Wilson,3230.451175467344
Major Arterial,North York,No Control,Clear,Daylight,Dry,Non-Fatal Injury,SMV Other,False,False,True,False,False,False,False,False,False,False,False,False,True,Wexford/Maryvale,2009,1.0,6.123233995736766e-17,0.43388373911755823,-0.900968867902419,1.2246467991473532e-16,-1.0,0,0,0,0,0,0,0,0,0,0,0,0,0,0,0,0,1,0,0,0,1,2,False,True,False,False,False,False,False,False,False,False,False,False,False,False,False,False,False,False,False,False,False,False,False,True,False,False,False,False,North York General Hospital - General Site,4297.563244848861
Major Arterial,Toronto and East York,Traffic Signal,Rain,Daylight,Wet,Fatal,Pedestrian Collisions,True,False,True,False,False,False,False,False,False,False,False,False,False,Cabbagetown-South St.James Town,2009,1.0,6.123233995736766e-17,-0.433883739117558,-0.9009688679024191,-0.4999999999999997,-0.8660254037844388,0,0,0,1,0,0,0,0,0,0,0,0,0,0,0,0,0,0,1,0,1,3,False,False,False,False,False,False,False,False,False,False,False,False,True,False,False,False,True,False,False,False,False,False,False,False,False,False,False,False,University Health Network - Toronto General,1447.2475429207552
Major Arterial,Toronto and East York,No Control,Rain,Dark,Wet,Fatal,Pedestrian Collisions,True,False,True,False,False,False,False,False,False,False,False,True,False,University,2009,1.0,6.123233995736766e-17,-0.9749279121818236,-0.2225209339563146,0.49999999999999994,0.8660254037844387,0,0,0,0,1,1,0,0,0,0,0,0,0,0,0,0,0,0,0,0,0,2,False,True,False,False,False,False,False,False,False,False,False,False,False,False,False,False,False,False,False,False,False,False,False,False,True,False,False,False,University Health Network - Toronto Western,1640.716834615916
Major Arterial,Etobicoke York,No Control,Freezing Rain,Dark,Ice,Non-Fatal Injury,Rear End,False,False,True,False,False,False,False,False,True,True,False,True,False,West Humber-Clairville,2009,1.0,6.123233995736766e-17,0.0,1.0,-0.5000000000000004,0.8660254037844384,0,0,0,0,0,0,0,1,1,0,0,0,0,0,0,0,0,0,0,0,0,2,False,True,False,False,False,False,False,False,False,False,False,False,False,False,False,False,True,False,False,False,False,False,False,False,False,True,False,False,William Osler Health System - Etobicoke,3976.5746617248515
Major Arterial,Scarborough,Traffic Signal,Freezing Rain,Dark,Ice,Non-Fatal Injury,Rear End,False,False,True,False,False,True,False,True,False,False,False,False,False,Agincourt North,2009,1.0,6.123233995736766e-17,0.0,1.0,-0.5000000000000004,0.8660254037844384,0,0,0,2,1,0,1,0,0,1,0,1,0,0,0,0,0,0,0,0,1,7,False,True,False,False,False,False,False,False,False,False,False,True,False,False,False,False,True,False,False,False,False,False,False,True,False,False,False,False,Scarborough Health Network - Birchmount,5517.03330303554
Major Arterial,Etobicoke York,No Control,Freezing Rain,Dark,Ice,Non-Fatal Injury,SMV Other,False,False,True,False,False,False,False,False,False,False,False,False,False,West Humber-Clairville,2009,1.0,6.123233995736766e-17,0.7818314824680298,0.6234898018587336,0.25881904510252074,0.9659258262890683,0,0,0,0,0,0,0,0,0,1,0,0,0,0,0,0,0,0,0,0,2,3,False,True,False,False,False,False,False,False,False,False,False,False,False,False,False,False,False,False,False,False,False,False,False,True,False,False,False,False,William Osler Health System - Etobicoke,2443.2564617175376
Major Arterial,Toronto and East York,Traffic Signal,Clear,Daylight,Dry,Non-Fatal Injury,Approaching,False,False,True,False,False,False,False,False,False,True,False,False,False,Harbourfront-CityPlace,2009,1.0,6.123233995736766e-17,0.7818314824680298,0.6234898018587336,-0.2588190451025208,-0.9659258262890683,0,0,0,0,0,0,1,0,0,0,0,0,1,0,0,0,0,0,0,0,0,2,False,True,False,False,False,False,False,False,False,False,False,False,False,False,False,False,True,False,False,True,False,False,False,False,False,False,False,False,University Health Network - Toronto Western,2453.2838653819636
Minor Arterial,Toronto and East York,No Control,Clear,Daylight,Dry,Non-Fatal Injury,SMV Other,False,False,True,False,False,False,False,False,True,True,False,True,False,Broadview North,2009,1.0,6.123233995736766e-17,0.7818314824680298,0.6234898018587336,-0.8660254037844385,-0.5000000000000004,0,0,0,0,0,0,0,0,0,0,0,1,0,0,0,0,0,0,0,0,1,2,False,True,False,False,False,False,False,False,False,False,False,False,False,False,False,False,False,True,False,False,False,False,False,False,False,False,False,False,Michael Garron Hospital,2400.6291422460927
Collector,Etobicoke York,No Control,Clear,Daylight,Dry,Non-Fatal Injury,Pedestrian Collisions,True,False,True,False,False,False,False,False,False,False,False,False,False,Kingsway South,2009,1.0,6.123233995736766e-17,0.9749279121818236,-0.22252093395631434,-0.4999999999999997,-0.8660254037844388,0,0,0,0,0,0,1,0,0,0,0,0,0,1,0,0,0,0,0,0,1,3,False,True,False,False,False,False,False,False,False,False,False,False,False,False,False,False,True,False,False,False,False,False,False,False,False,False,False,False,Unity Health Toronto - St. Joseph's,7072.861910098349
Major Arterial,Scarborough,No Control,Clear,Dark,Dry,Non-Fatal Injury,Angle,False,False,True,False,False,False,False,True,True,True,False,False,False,Milliken,2009,1.0,6.123233995736766e-17,0.43388373911755823,-0.900968867902419,0.25881904510252074,0.9659258262890683,0,0,0,0,0,1,0,0,0,1,1,0,0,0,0,0,0,0,0,0,1,4,False,True,False,False,False,False,False,False,False,False,False,False,False,False,False,False,False,True,True,False,False,False,False,False,False,False,False,False,Scarborough Health Network - Birchmount,7402.508103039581
Major Arterial,Toronto and East York,Traffic Signal,Clear,Daylight,Dry,Non-Fatal Injury,Pedestrian Collisions,True,False,True,False,False,False,False,False,False,True,False,False,False,Palmerston-Little Italy,2009,1.0,6.123233995736766e-17,-0.433883739117558,-0.9009688679024191,0.7071067811865476,-0.7071067811865475,0,0,0,0,0,0,0,0,0,0,0,0,0,0,0,2,0,0,0,0,0,2,False,False,False,False,False,False,False,False,False,False,False,False,True,False,False,False,False,False,True,False,False,False,False,False,False,False,False,False,University Health Network - Toronto Western,2699.7487346077105
Major Arterial,Scarborough,No Control,Clear,Daylight,Dry,Non-Fatal Injury,SMV Other,False,False,True,False,False,False,False,True,False,False,False,False,False,Wexford/Maryvale,2009,1.0,6.123233995736766e-17,-0.433883739117558,-0.9009688679024191,-1.0,-1.8369701987210297e-16,0,0,1,0,0,0,0,1,0,0,0,0,0,0,0,0,0,0,0,0,2,4,False,True,False,False,False,False,False,False,False,False,False,False,False,False,False,False,False,False,False,False,False,False,False,True,False,False,False,False,Scarborough Health Network - Birchmount,4821.221796962665
Minor Arterial,Toronto and East York,Traffic Signal,Clear,Dark,Dry,Non-Fatal Injury,Pedestrian Collisions,True,False,True,False,False,False,False,False,False,False,False,False,False,Danforth East York,2009,1.0,6.123233995736766e-17,-0.9749279121818236,-0.2225209339563146,-0.7071067811865477,0.7071067811865474,0,0,1,0,0,0,0,0,0,0,0,0,0,0,1,0,0,0,0,0,0,2,False,True,False,False,False,False,False,False,False,False,False,False,False,False,False,False,True,False,False,False,False,False,False,False,False,False,False,False,Michael Garron Hospital,1377.3377422456397
Major Arterial,Scarborough,Traffic Signal,Clear,Dark,Dry,Non-Fatal Injury,Pedestrian Collisions,True,False,True,False,False,False,False,False,False,False,False,False,False,Agincourt South-Malvern West,2009,1.0,6.123233995736766e-17,0.0,1.0,-0.25881904510252157,0.9659258262890681,0,0,0,0,0,0,1,0,0,0,0,0,1,0,0,0,0,0,0,0,0,2,False,True,False,False,False,False,False,False,False,False,False,False,False,False,False,False,True,False,False,False,False,False,False,False,False,False,False,False,Scarborough Health Network - Scarborough General,4783.2222186787985
Minor Arterial,Etobicoke York,No Control,Clear,Daylight,Dry,Non-Fatal Injury,SMV Other,False,False,True,False,False,False,False,False,False,False,False,False,True,West Humber-Clairville,2009,1.0,6.123233995736766e-17,0.9749279121818236,-0.22252093395631434,-0.8660254037844385,-0.5000000000000004,0,0,0,0,0,0,0,0,0,0,0,0,1,0,0,0,0,0,0,0,0,1,False,True,False,False,False,False,False,False,False,False,False,False,False,False,False,False,False,False,False,False,False,False,False,True,False,False,False,False,William Osler Health System - Etobicoke,5361.280138276285
Minor Arterial,Toronto and East York,Stop Sign,Clear,Daylight,Dry,Fatal,Pedestrian Collisions,True,False,True,False,False,False,False,False,False,False,False,False,False,Weston-Pelham Park,2009,1.0,6.123233995736766e-17,-0.433883739117558,-0.9009688679024191,0.258819045102521,-0.9659258262890682,0,0,0,0,1,0,0,0,0,0,0,0,0,1,0,0,0,0,0,0,0,2,False,False,False,False,False,False,False,False,False,True,False,False,False,False,False,False,False,False,False,False,False,False,False,False,True,False,False,False,Unity Health Toronto - St. Joseph's,4978.114610099001
Local,Etobicoke York,No Control,Clear,Daylight,Dry,Non-Fatal Injury,Sideswipe,False,False,False,True,True,False,False,True,False,True,False,False,False,West Humber-Clairville,2009,1.0,6.123233995736766e-17,-0.433883739117558,-0.9009688679024191,-0.9659258262890684,0.2588190451025203,0,0,0,0,1,0,0,1,1,0,0,0,0,0,0,0,0,0,0,0,2,5,False,False,False,False,False,True,False,False,False,False,False,False,True,False,False,False,True,False,False,False,False,True,False,False,False,False,False,False,William Osler Health System - Etobicoke,5525.147438269923
Major Arterial,Toronto and East York,Traffic Signal,Clear,Daylight,Dry,Non-Fatal Injury,Angle,False,False,True,False,False,False,False,True,False,True,True,False,False,St Lawrence-East Bayfront-The Islands,2009,1.0,6.123233995736766e-17,-0.9749279121818236,-0.2225209339563146,-0.8660254037844385,-0.5000000000000004,4,0,0,0,0,1,0,2,1,0,0,1,0,0,0,0,0,0,0,0,0,9,False,True,False,False,False,False,False,False,False,False,False,True,False,False,False,True,True,False,False,False,False,False,False,False,False,False,False,False,Unity Health Toronto - St. Michael's,1214.9732821946964
Major Arterial,Etobicoke York,No Control,Clear,Dark,Dry,Non-Fatal Injury,Rear End,False,False,True,False,False,False,False,False,False,False,False,False,False,West Humber-Clairville,2009,1.0,6.123233995736766e-17,-0.9749279121818236,-0.2225209339563146,-0.25881904510252157,0.9659258262890681,0,0,0,0,0,0,0,0,1,0,0,0,0,0,0,0,0,0,0,0,1,2,False,True,False,False,False,False,False,False,False,False,False,True,False,False,False,False,False,False,False,False,False,False,False,False,False,False,False,False,William Osler Health System - Etobicoke,141.8222617249703
Minor Arterial,Toronto and East York,Traffic Signal,Rain,Daylight,Wet,Fatal,Pedestrian Collisions,True,False,False,False,False,True,False,False,False,True,False,False,False,Roncesvalles,2009,1.0,6.123233995736766e-17,0.0,1.0,-0.4999999999999997,-0.8660254037844388,0,0,0,0,0,0,0,0,1,0,0,0,0,0,0,0,0,1,0,0,1,3,False,False,False,False,False,False,False,False,False,False,False,False,True,False,False,False,False,False,True,False,False,False,False,False,False,False,False,False,Unity Health Toronto - St. Joseph's,865.984077113797
Major Arterial,Etobicoke York,Traffic Signal,Clear,Dawn,Dry,Non-Fatal Injury,Pedestrian Collisions,True,False,True,False,False,False,False,False,False,False,False,False,False,Thistletown-Beaumond Heights,2009,1.0,6.123233995736766e-17,0.9749279121818236,-0.22252093395631434,1.0,6.123233995736766e-17,0,0,0,0,0,0,0,0,1,0,0,1,0,0,0,0,0,0,0,0,1,3,False,True,False,False,False,False,False,False,False,False,False,False,False,False,False,False,True,False,False,False,False,False,False,False,False,False,False,False,William Osler Health System - Etobicoke,2940.4645840830635
Major Arterial,Etobicoke York,Traffic Signal,Clear,Dark,Dry,Non-Fatal Injury,Turning Movement,False,False,True,False,False,False,False,False,False,False,False,False,False,Edenbridge-Humber Valley,2009,1.0,6.123233995736766e-17,0.43388373911755823,-0.900968867902419,0.0,1.0,0,0,0,0,0,0,0,0,1,0,1,0,0,0,0,0,0,0,0,0,0,2,False,True,False,False,False,False,False,False,False,False,False,False,True,False,False,False,True,False,False,False,False,False,True,False,False,False,False,False,Humber River Health - Wilson,6181.9907561742
Local,Toronto and East York,No Control,Clear,Daylight,Dry,Non-Fatal Injury,Pedestrian Collisions,True,False,True,False,False,False,False,False,False,False,False,False,False,South Riverdale,2009,1.0,6.123233995736766e-17,0.43388373911755823,-0.900968867902419,-1.0,-1.8369701987210297e-16,0,0,0,0,0,0,1,0,0,0,0,1,0,0,0,0,0,0,0,0,0,2,False,False,False,False,False,False,False,False,False,False,True,False,False,False,False,False,True,False,False,False,False,False,False,False,False,False,False,False,Michael Garron Hospital,3951.0691422400996
Minor Arterial,Toronto and East York,Traffic Signal,Clear,Daylight,Dry,Non-Fatal Injury,Pedestrian Collisions,True,False,True,False,False,False,False,False,False,True,False,False,False,St Lawrence-East Bayfront-The Islands,2009,1.0,6.123233995736766e-17,-0.433883739117558,-0.9009688679024191,0.258819045102521,-0.9659258262890682,1,0,0,0,0,0,0,1,0,0,0,0,0,0,0,0,0,0,0,0,1,3,False,True,False,False,False,False,False,False,False,False,False,False,False,False,False,False,False,False,True,False,False,False,False,False,False,False,False,False,Unity Health Toronto - St. Michael's,1737.0442528130952
Major Arterial,North York,Traffic Signal,Clear,Dark,Dry,Non-Fatal Injury,Angle,False,False,True,False,False,False,False,False,False,True,True,False,False,Wexford/Maryvale,2009,1.0,6.123233995736766e-17,-0.9749279121818236,-0.2225209339563146,1.0,6.123233995736766e-17,0,0,0,0,0,1,0,0,0,0,1,0,0,0,0,0,0,0,0,0,0,2,False,True,False,False,False,False,False,False,False,False,False,False,False,False,False,True,True,False,False,False,False,False,False,False,False,False,False,False,Michael Garron Hospital,5758.717757750303
Major Arterial,Scarborough,Traffic Signal,Clear,Dark,Dry,Non-Fatal Injury,Angle,False,False,True,False,False,False,False,True,False,True,True,False,False,Dorset Park,2009,1.0,6.123233995736766e-17,0.7818314824680298,0.6234898018587336,0.0,1.0,0,0,0,0,2,0,1,0,0,0,0,0,0,0,0,0,0,0,0,0,1,4,False,True,False,False,False,False,False,False,False,False,False,False,False,False,False,True,True,False,False,False,False,False,False,False,False,False,False,False,Scarborough Health Network - Scarborough General,3830.3598186761374
Major Arterial,Etobicoke York,No Control,Clear,Dark,Dry,Non-Fatal Injury,Turning Movement,False,False,True,True,False,False,False,False,True,True,False,False,False,Etobicoke City Centre,2009,1.0,6.123233995736766e-17,0.9749279121818236,-0.22252093395631434,-0.7071067811865477,0.7071067811865474,0,0,0,0,1,1,0,0,0,0,0,0,0,0,0,0,0,0,0,0,0,2,False,True,False,False,False,False,False,False,False,False,False,False,False,True,False,False,False,True,False,False,False,False,True,False,False,False,False,False,Trillium Health Partners- Mississauga,9064.271085559507
Major Arterial,Scarborough,Traffic Signal,Clear,Dark,Dry,Non-Fatal Injury,Pedestrian Collisions,True,False,True,False,False,False,False,False,False,True,False,False,False,Malvern East,2009,1.0,6.123233995736766e-17,0.43388373911755823,-0.900968867902419,0.25881904510252074,0.9659258262890683,0,0,0,0,1,1,0,0,0,0,0,0,0,0,0,0,0,0,0,0,0,2,False,False,False,False,False,False,False,False,False,False,False,False,True,False,False,False,False,False,True,False,False,False,False,False,False,False,False,False,Scarborough Health Network - Centenary,2686.493443034473
Collector,Scarborough,Stop Sign,Clear,Daylight,Dry,Non-Fatal Injury,Cyclist Collisions,False,True,True,False,False,False,False,False,True,True,False,False,False,Birchcliffe-Cliffside,2009,1.0,6.123233995736766e-17,0.43388373911755823,-0.900968867902419,-0.8660254037844385,-0.5000000000000004,0,0,0,1,1,0,0,0,0,0,0,0,0,0,0,0,0,0,0,0,0,2,False,True,False,False,False,False,False,False,False,False,False,False,True,False,False,False,False,True,False,False,False,False,False,False,False,False,False,False,Scarborough Health Network - Scarborough General,5463.257256756886
Major Arterial,Toronto and East York,No Control,Clear,Daylight,Dry,Fatal,SMV Unattended Vehicle,False,False,True,False,False,False,False,True,False,False,False,False,False,Yonge-St.Clair,2009,0.8660254037844387,-0.4999999999999998,-0.433883739117558,-0.9009688679024191,-0.2588190451025208,-0.9659258262890683,0,0,0,0,0,0,1,1,0,0,0,0,0,0,0,0,1,0,1,0,4,8,False,True,False,False,False,False,True,False,False,False,False,False,False,False,False,False,False,False,False,False,False,False,False,True,False,False,False,False,University Health Network - Toronto General,4104.3080407088855
Minor Arterial,Toronto and East York,No Control,Clear,Daylight,Dry,Non-Fatal Injury,Turning Movement,False,False,True,False,True,False,False,False,False,True,False,False,False,South Parkdale,2009,0.8660254037844387,-0.4999999999999998,-0.9749279121818236,-0.2225209339563146,0.258819045102521,-0.9659258262890682,0,0,0,0,1,0,0,1,0,0,0,0,0,0,0,0,0,0,0,0,2,4,False,True,False,False,False,False,False,False,False,False,False,False,True,False,False,False,True,False,True,False,False,False,False,False,False,False,False,False,Unity Health Toronto - St. Joseph's,2015.4339898946928
Minor Arterial,Etobicoke York,No Control,Clear,Daylight,Dry,Non-Fatal Injury,Turning Movement,False,False,True,False,False,False,False,True,False,False,False,False,False,Brookhaven-Amesbury,2009,0.8660254037844387,-0.4999999999999998,0.0,1.0,0.258819045102521,-0.9659258262890682,0,0,0,0,0,0,0,0,0,1,1,1,0,0,0,0,0,0,0,0,2,5,False,True,False,False,False,False,False,False,False,False,False,False,True,False,False,False,True,False,False,False,False,False,True,False,False,False,False,False,Humber River Health - Wilson,3320.221056176815
Major Arterial,North York,No Control,Clear,Daylight,Dry,Non-Fatal Injury,Pedestrian Collisions,True,False,True,False,False,False,False,False,False,False,False,False,False,Bedford Park-Nortown,2009,0.8660254037844387,-0.4999999999999998,0.9749279121818236,-0.22252093395631434,-0.9659258262890684,0.2588190451025203,0,0,0,0,0,1,0,0,1,0,0,0,0,0,0,0,0,0,0,0,1,3,False,True,False,False,False,False,False,False,False,False,False,False,False,False,False,False,True,False,False,False,False,False,False,False,False,False,False,False,Sunnybrook Health Sciences Centre - Bayview Campus,3078.8020297167823
Major Arterial,Toronto and East York,Traffic Signal,Rain,Dawn,Wet,Non-Fatal Injury,Angle,False,False,True,False,False,False,False,False,False,True,True,True,False,Junction Area,2009,0.8660254037844387,-0.4999999999999998,0.43388373911755823,-0.900968867902419,1.0,6.123233995736766e-17,0,0,0,0,0,1,0,0,0,1,0,0,0,0,0,0,0,0,0,0,2,4,False,True,False,False,False,False,False,False,False,False,False,False,False,False,False,True,True,False,False,False,False,False,False,False,False,False,False,False,Unity Health Toronto - St. Joseph's,3849.13971009769
Minor Arterial,Toronto and East York,No Control,Clear,Dark,Dry,Non-Fatal Injury,Cyclist Collisions,False,True,True,False,False,False,False,False,False,False,False,False,False,Woodbine Corridor,2009,0.8660254037844387,-0.4999999999999998,0.43388373911755823,-0.900968867902419,-0.25881904510252157,0.9659258262890681,0,0,0,2,0,0,0,0,0,0,0,0,0,0,0,0,0,0,0,0,0,2,True,True,False,False,False,False,False,False,False,False,False,False,False,False,False,False,True,False,False,False,False,False,False,False,False,False,False,False,Michael Garron Hospital,1899.7447087477194
Major Arterial,Toronto and East York,Traffic Signal,Clear,Daylight,Dry,Non-Fatal Injury,SMV Other,False,False,True,False,False,False,False,True,False,True,False,False,False,Woodbine Corridor,2009,0.8660254037844387,-0.4999999999999998,-0.433883739117558,-0.9009688679024191,-1.0,-1.8369701987210297e-16,0,0,0,1,1,0,0,0,0,0,0,0,0,0,0,0,0,0,0,0,1,3,False,True,False,False,True,False,False,False,False,False,False,False,False,False,False,False,False,False,False,False,False,False,False,True,False,False,False,False,Michael Garron Hospital,1499.9905087380903
Major Arterial,Toronto and East York,Traffic Signal,Rain,Daylight,Wet,Non-Fatal Injury,Pedestrian Collisions,True,False,True,False,False,False,False,False,False,False,False,False,False,Yonge-Bay Corridor,2009,0.8660254037844387,-0.4999999999999998,-0.9749279121818236,-0.2225209339563146,-0.4999999999999997,-0.8660254037844388,0,0,0,0,0,0,0,0,0,0,0,0,2,0,0,0,0,0,0,0,0,2,False,True,False,False,False,False,False,False,False,False,False,False,False,False,False,False,True,False,False,False,False,False,False,False,False,False,False,False,Unity Health Toronto - St. Michael's,564.5145528223366
Minor Arterial,Toronto and East York,No Control,Clear,Daylight,Dry,Non-Fatal Injury,Pedestrian Collisions,True,False,False,False,True,False,False,False,False,False,False,False,False,Harbourfront-CityPlace,2009,0.8660254037844387,-0.4999999999999998,0.0,1.0,0.9659258262890683,-0.25881904510252063,0,0,0,0,0,0,1,0,0,0,1,0,0,0,0,0,0,0,0,0,1,3,False,True,False,False,False,False,False,False,False,False,False,False,False,False,False,False,True,False,False,False,False,False,False,False,False,False,False,False,University Health Network - Toronto Western,2105.183365387027
Major Arterial,Scarborough,Traffic Signal,Clear,Daylight,Dry,Non-Fatal Injury,Pedestrian Collisions,True,False,True,False,False,False,False,False,False,True,False,False,False,Agincourt North,2009,0.8660254037844387,-0.4999999999999998,0.7818314824680298,0.6234898018587336,-0.8660254037844385,-0.5000000000000004,0,0,0,0,1,0,0,0,0,0,0,0,1,0,0,0,0,0,0,0,0,2,False,False,False,False,True,False,False,False,False,False,False,False,True,False,False,False,False,False,True,False,False,False,False,False,False,False,False,False,Scarborough Health Network - Birchmount,2157.7906030325685
Minor Arterial,Toronto and East York,No Control,Clear,Daylight,Dry,Non-Fatal Injury,Pedestrian Collisions,True,False,True,False,False,False,False,False,False,False,False,False,False,Oakwood Village,2009,0.8660254037844387,-0.4999999999999998,0.9749279121818236,-0.22252093395631434,-0.9659258262890683,-0.25881904510252063,0,0,0,0,0,0,0,2,0,0,0,0,0,0,0,0,0,0,0,0,1,3,False,True,False,False,False,False,False,False,False,False,False,False,False,False,False,False,True,False,False,False,False,False,False,False,False,False,False,False,Unity Health Toronto - St. Joseph's,6611.408177120029