ROAD_CLASS,DISTRICT,TRAFFCTL,VISIBILITY,LIGHT,RDSFCOND,ACCLASS,IMPACTYPE,PEDESTRIAN,CYCLIST,AUTOMOBILE,MOTORCYCLE,TRUCK,TRSN_CITY_VEH,EMERG_VEH,PASSENGER,SPEEDING,AG_DRIV,REDLIGHT,ALCOHOL,DISABILITY,NEIGHBOURHOOD_158,YEAR,MONTH_sin,MONTH_cos,DOW_sin,DOW_cos,HOUR_sin,HOUR_cos,INVAGE_00to04,INVAGE_05to09,INVAGE_10to14,INVAGE_15to19,INVAGE_20to24,INVAGE_25to29,INVAGE_30to34,INVAGE_35to39,INVAGE_40to44,INVAGE_45to49,INVAGE_50to54,INVAGE_55to59,INVAGE_60to64,INVAGE_65to69,INVAGE_70to74,INVAGE_75to79,INVAGE_80to84,INVAGE_85to89,INVAGE_90to94,INVAGE_Over95,INVAGE_unknown,NUMPERSONS,MANOEUVER_ChangingLanes,MANOEUVER_GoingAhead,MANOEUVER_MakingUTurn,MANOEUVER_Merging,MANOEUVER_Other,MANOEUVER_Overtaking,MANOEUVER_Parked,MANOEUVER_PullingAwayfromShoulderorCurb,MANOEUVER_PullingOntoShoulderortowardCurb,MANOEUVER_Reversing,MANOEUVER_SlowingorStopping,MANOEUVER_Stopped,MANOEUVER_TurningLeft,MANOEUVER_TurningRight,MANOEUVER_Unknown,DRIVACT_DisobeyedTrafficControl,DRIVACT_DrivingProperly,DRIVACT_ExceedingSpeedLimit,DRIVACT_FailedtoYieldRightofWay,DRIVACT_FollowingtooClose,DRIVACT_ImproperLaneChange,DRIVACT_ImproperPassing,DRIVACT_ImproperTurn,DRIVACT_Lostcontrol,DRIVACT_Other,DRIVACT_SpeedtooFastForCondition,DRIVACT_SpeedtooSlow,DRIVACT_WrongWayonOneWayRoad,NEAREST_HOSPITAL,DIST_TO_HOS
Major Arterial,Etobicoke York,No Control,Clear,Dark,Dry,Non-Fatal Injury,Pedestrian Collisions,True,False,True,False,False,False,False,False,True,True,False,False,False,West Humber-Clairville,2009,0.8660254037844387,-0.4999999999999998,-0.433883739117558,-0.9009688679024191,0.7071067811865476,0.7071067811865476,0,0,0,0,0,0,0,1,0,0,0,0,0,0,0,0,0,0,0,0,1,2,False,True,False,False,False,False,False,False,False,False,False,False,False,False,False,False,False,True,False,False,False,False,False,False,False,False,False,False,William Osler Health System - Etobicoke,5177.043638277217
Major Arterial,Scarborough,No Control,Clear,Daylight,Dry,Non-Fatal Injury,Pedestrian Collisions,True,False,True,False,False,False,False,False,False,False,False,False,False,West Hill,2009,0.8660254037844387,-0.4999999999999998,-0.433883739117558,-0.9009688679024191,0.258819045102521,-0.9659258262890682,0,0,0,0,0,0,0,0,0,0,0,0,1,0,0,0,1,0,0,0,0,2,False,True,False,False,False,False,False,False,False,False,False,False,False,False,False,False,True,False,False,False,False,False,False,False,False,False,False,False,Scarborough Health Network - Centenary,3089.204751169542
Major Arterial,Scarborough,Traffic Signal,Clear,Daylight,Dry,Non-Fatal Injury,Pedestrian Collisions,True,False,True,False,False,False,False,False,False,True,False,False,False,Dorset Park,2009,0.8660254037844387,-0.4999999999999998,-0.433883739117558,-0.9009688679024191,1.2246467991473532e-16,-1.0,0,0,0,0,1,0,0,0,0,0,0,1,0,0,0,0,0,0,0,0,0,2,False,False,False,False,False,False,False,False,False,False,False,False,True,False,False,False,False,False,True,False,False,False,False,False,False,False,False,False,Scarborough Health Network - Scarborough General,4683.974418680184
Minor Arterial,Toronto and East York,No Control,Clear,Daylight,Wet,Non-Fatal Injury,Approaching,False,False,True,False,False,False,False,False,False,False,False,False,False,O'Connor-Parkview,2009,0.8660254037844387,-0.4999999999999998,-0.9749279121818236,-0.2225209339563146,0.7071067811865476,-0.7071067811865475,0,0,0,0,1,0,0,0,0,0,0,0,0,0,0,1,0,0,0,0,2,4,False,True,False,False,False,False,False,False,False,False,False,False,False,False,False,False,True,False,False,False,False,False,False,True,False,False,False,False,Michael Garron Hospital,4199.096557762125
Major Arterial,North York,Traffic Signal,Clear,Daylight,Dry,Non-Fatal Injury,Turning Movement,False,False,True,False,False,False,False,True,False,False,False,False,False,Banbury-Don Mills,2009,0.8660254037844387,-0.4999999999999998,-0.7818314824680299,0.6234898018587334,-0.8660254037844385,-0.5000000000000004,0,0,2,1,0,0,0,0,0,0,0,0,0,0,0,0,2,0,0,0,1,6,False,True,False,False,False,False,False,False,False,False,False,False,True,False,False,False,True,False,False,False,False,False,True,False,False,False,False,False,North York General Hospital - General Site,2479.872610593564
Major Arterial,North York,Other,Clear,Dark,Dry,Non-Fatal Injury,Rear End,False,False,True,False,False,False,False,False,False,False,False,False,True,Bedford Park-Nortown,2009,0.8660254037844387,-0.4999999999999998,0.0,1.0,-0.5000000000000004,0.8660254037844384,0,0,0,1,0,0,0,0,1,0,0,0,0,0,0,0,0,0,0,0,2,4,False,True,False,False,False,False,False,False,False,False,False,True,False,False,False,False,True,False,False,False,False,False,False,True,False,False,False,False,Sunnybrook Health Sciences Centre - Bayview Campus,2979.9760699260514
Minor Arterial,Scarborough,Traffic Signal,Clear,Daylight,Dry,Non-Fatal Injury,Turning Movement,False,False,True,False,False,False,False,True,False,False,False,False,False,Highland Creek,2009,0.8660254037844387,-0.4999999999999998,0.7818314824680298,0.6234898018587336,-0.9659258262890683,-0.25881904510252063,0,0,0,0,2,0,0,1,0,0,0,0,0,0,0,0,0,0,0,0,0,3,False,True,False,False,False,False,False,False,False,False,False,False,True,False,False,False,True,False,False,False,False,False,True,False,False,False,False,False,Scarborough Health Network - Centenary,3345.12264303735
Major Arterial,Toronto and East York,No Control,Clear,Dark,Dry,Non-Fatal Injury,SMV Unattended Vehicle,False,False,True,False,False,False,False,False,False,False,False,False,True,West Queen West,2009,0.8660254037844387,-0.4999999999999998,0.43388373911755823,-0.900968867902419,-0.5000000000000004,0.8660254037844384,0,0,0,0,0,0,0,0,1,0,0,0,0,0,0,0,0,0,0,0,1,2,False,True,False,False,False,False,True,False,False,False,False,False,False,False,False,False,False,False,False,False,False,False,False,True,False,False,False,False,University Health Network - Toronto Western,2030.0468970327638
Minor Arterial,Toronto and East York,No Control,Clear,Dark,Dry,Non-Fatal Injury,SMV Other,False,False,True,False,False,False,False,False,False,False,False,False,False,Annex,2009,0.8660254037844387,-0.4999999999999998,-0.433883739117558,-0.9009688679024191,0.7071067811865476,0.7071067811865476,0,0,0,0,0,0,1,0,0,0,0,0,0,0,0,0,0,0,0,0,3,4,False,False,False,False,False,False,False,False,True,False,False,False,False,False,False,False,False,False,False,False,False,False,False,True,False,False,False,False,University Health Network - Toronto Western,2535.741034616367
Major Arterial,Toronto and East York,No Control,Clear,Daylight,Dry,Non-Fatal Injury,Pedestrian Collisions,True,False,True,False,False,False,False,False,False,False,False,False,False,Moss Park,2009,0.8660254037844387,-0.4999999999999998,-0.433883739117558,-0.9009688679024191,-0.7071067811865471,-0.7071067811865479,0,0,0,0,0,0,0,0,1,1,0,0,0,0,0,0,0,0,0,0,1,3,False,True,False,False,True,False,False,False,False,False,False,False,False,False,False,False,True,False,False,False,False,False,False,False,False,False,False,False,Unity Health Toronto - St. Michael's,1855.2893471810967
Major Arterial,Etobicoke York,Traffic Signal,Clear,Daylight,Dry,Non-Fatal Injury,Rear End,False,False,True,False,False,False,False,True,False,True,False,False,False,Rockcliffe-Smythe,2009,0.8660254037844387,-0.4999999999999998,-0.433883739117558,-0.9009688679024191,-0.9659258262890684,0.2588190451025203,0,0,0,0,0,0,0,0,1,1,1,0,0,1,0,0,0,0,0,0,1,5,False,True,False,False,False,False,False,False,False,False,False,True,False,False,False,False,True,False,False,True,False,False,False,False,False,False,False,False,Humber River Health - Wilson,5736.119656185387
Minor Arterial,Toronto and East York,No Control,Clear,Dark,Dry,Non-Fatal Injury,Cyclist Collisions,False,True,True,False,False,False,False,False,False,True,False,False,False,Runnymede-Bloor West Village,2009,0.8660254037844387,-0.4999999999999998,-0.433883739117558,-0.9009688679024191,-0.5000000000000004,0.8660254037844384,0,0,0,1,0,0,0,1,0,0,0,0,0,0,0,0,0,0,0,0,0,2,False,True,False,False,False,False,False,False,False,False,False,False,True,False,False,False,False,False,False,True,False,False,False,False,False,False,False,False,Unity Health Toronto - St. Joseph's,4951.370610106038
Major Arterial,Scarborough,Traffic Signal,Clear,Daylight,Dry,Non-Fatal Injury,Angle,False,False,True,False,False,False,False,True,False,True,True,False,False,Bendale-Glen Andrew,2009,0.8660254037844387,-0.4999999999999998,-0.7818314824680299,0.6234898018587334,-0.4999999999999997,-0.8660254037844388,0,0,0,1,0,0,0,0,2,2,0,1,1,0,0,0,1,0,0,0,0,8,False,True,False,False,False,False,False,False,False,False,False,False,False,False,False,True,True,False,False,False,False,False,False,False,False,False,False,False,Scarborough Health Network - Scarborough General,2757.530818677391
Major Arterial,North York,No Control,Clear,Daylight,Dry,Non-Fatal Injury,Turning Movement,False,False,True,True,False,False,False,False,False,True,False,False,False,York University Heights,2009,0.8660254037844387,-0.4999999999999998,0.0,1.0,-0.9659258262890683,-0.25881904510252063,0,0,0,0,0,1,0,1,0,0,0,0,0,0,0,0,0,0,0,0,0,2,False,True,False,False,False,False,False,False,False,False,False,False,True,False,False,False,True,False,False,False,False,True,False,False,False,False,False,False,Humber River Health - Wilson,6435.518543819548
Minor Arterial,Etobicoke York,Traffic Signal,Rain,Daylight,Wet,Non-Fatal Injury,Cyclist Collisions,False,True,True,False,False,False,False,False,False,False,False,False,False,Keelesdale-Eglinton West,2009,0.8660254037844387,-0.4999999999999998,0.7818314824680298,0.6234898018587336,-0.9659258262890684,0.2588190451025203,0,0,0,0,0,1,0,0,0,0,1,0,0,0,0,0,0,0,0,0,0,2,False,True,False,False,False,False,False,False,False,False,False,False,False,True,False,False,False,False,False,False,False,False,True,False,False,False,False,False,Unity Health Toronto - St. Joseph's,5970.180010107695
Minor Arterial,Toronto and East York,Traffic Signal,Clear,Daylight,Dry,Non-Fatal Injury,Turning Movement,False,False,True,False,False,False,False,False,False,False,False,False,True,Greenwood-Coxwell,2009,0.8660254037844387,-0.4999999999999998,0.9749279121818236,-0.22252093395631434,-0.4999999999999997,-0.8660254037844388,0,0,0,0,0,0,0,2,0,1,0,0,0,0,0,0,0,0,0,0,2,5,False,True,False,False,False,False,False,False,False,False,False,True,True,False,False,False,True,False,False,False,False,False,True,False,False,False,False,False,Michael Garron Hospital,3386.977908740286
Major Arterial,Etobicoke York,Traffic Signal,Rain,Daylight,Wet,Non-Fatal Injury,SMV Other,False,False,True,False,False,False,False,False,False,False,False,False,True,West Humber-Clairville,2009,0.8660254037844387,-0.4999999999999998,0.9749279121818236,-0.22252093395631434,-0.8660254037844385,-0.5000000000000004,0,0,0,0,0,0,0,0,0,0,0,0,0,1,0,0,0,0,0,0,0,1,False,True,False,False,False,False,False,False,False,False,False,False,False,False,False,False,False,False,False,False,False,False,False,True,False,False,False,False,William Osler Health System - Etobicoke,6426.12433826772
Major Arterial,Scarborough,Traffic Signal,Rain,Dark,Wet,Non-Fatal Injury,Pedestrian Collisions,True,False,True,False,False,False,False,False,False,True,False,False,False,Bendale South,2009,0.8660254037844387,-0.4999999999999998,0.43388373911755823,-0.900968867902419,0.0,1.0,0,0,0,0,0,0,1,0,1,0,0,0,0,0,0,0,0,0,0,0,1,3,False,False,False,False,False,False,False,False,False,False,False,False,True,False,False,False,False,False,True,False,False,False,False,False,False,False,False,False,Scarborough Health Network - Scarborough General,246.23804324434604
Collector,Etobicoke York,No Control,Rain,Daylight,Wet,Non-Fatal Injury,SMV Other,False,False,True,False,False,False,False,True,False,False,False,False,False,Mount Olive-Silverstone-Jamestown,2009,0.8660254037844387,-0.4999999999999998,0.43388373911755823,-0.900968867902419,-0.2588190451025208,-0.9659258262890683,0,1,1,0,0,0,0,0,1,0,0,0,0,0,0,0,0,0,0,0,1,4,False,True,False,False,False,False,False,False,False,False,False,False,False,False,False,False,False,False,False,False,False,False,False,True,False,False,False,False,William Osler Health System - Etobicoke,1715.0603840872645
Major Arterial,North York,Traffic Signal,Rain,Daylight,Wet,Non-Fatal Injury,Rear End,False,False,True,False,False,False,False,False,False,True,False,False,False,Victoria Village,2009,0.8660254037844387,-0.4999999999999998,0.43388373911755823,-0.900968867902419,-0.7071067811865471,-0.7071067811865479,0,0,0,0,0,0,1,0,1,0,1,0,0,0,0,0,0,0,0,0,0,3,False,True,False,False,False,False,False,False,False,False,False,True,False,False,False,False,True,False,False,True,False,False,False,False,False,False,False,False,Michael Garron Hospital,5004.292957745027
Major Arterial,Scarborough,Traffic Signal,Rain,Dark,Wet,Non-Fatal Injury,Pedestrian Collisions,True,False,True,False,False,False,False,False,False,True,False,False,False,Clairlea-Birchmount,2009,0.8660254037844387,-0.4999999999999998,-0.433883739117558,-0.9009688679024191,-0.7071067811865477,0.7071067811865474,0,0,0,0,0,0,0,0,0,1,0,1,0,0,0,0,0,0,0,0,0,2,False,False,False,False,False,False,False,False,False,False,False,False,True,False,False,False,False,False,True,False,False,False,False,False,False,False,False,False,Scarborough Health Network - Scarborough General,5153.640656748554
Major Arterial,Etobicoke York,Traffic Signal,Clear,Dark,Dry,Non-Fatal Injury,SMV Other,False,False,True,False,False,False,False,True,False,False,False,True,False,Mount Dennis,2009,0.8660254037844387,-0.4999999999999998,-0.7818314824680299,0.6234898018587334,0.8660254037844386,0.5000000000000001,0,0,0,0,1,0,0,0,0,0,0,0,0,0,0,0,0,0,0,0,1,2,False,True,False,False,True,False,False,False,False,False,False,False,False,False,False,False,False,False,False,False,False,False,False,False,False,False,False,False,Humber River Health - Wilson,4351.12637546449
Minor Arterial,Toronto and East York,Stop Sign,Clear,Daylight,Dry,Non-Fatal Injury,Pedestrian Collisions,True,False,True,False,False,False,False,False,False,True,False,False,False,The Beaches,2009,0.49999999999999994,-0.8660254037844387,0.0,1.0,-0.9659258262890683,-0.25881904510252063,0,0,0,0,0,0,0,2,0,0,0,0,0,0,0,0,0,0,0,0,0,2,False,False,False,False,False,False,False,False,False,False,False,False,False,True,False,False,False,False,True,False,False,False,False,False,False,False,False,False,Michael Garron Hospital,3483.8263087373925
Major Arterial,North York,Traffic Signal,Clear,Daylight,Dry,Non-Fatal Injury,Cyclist Collisions,False,True,True,False,False,False,False,False,False,False,False,False,False,South Eglinton-Davisville,2009,0.49999999999999994,-0.8660254037844387,0.7818314824680298,0.6234898018587336,0.8660254037844387,-0.4999999999999998,0,0,0,0,1,0,0,0,0,1,0,0,0,0,0,0,0,0,0,0,0,2,False,True,False,False,False,False,False,False,False,False,False,True,False,False,False,False,True,False,False,False,False,False,False,False,False,False,False,False,Sunnybrook Health Sciences Centre - Bayview Campus,2667.3006297219545
Local,Etobicoke York,Stop Sign,Clear,Daylight,Dry,Non-Fatal Injury,Pedestrian Collisions,True,False,False,False,False,False,False,False,False,False,False,False,False,Rockcliffe-Smythe,2009,0.49999999999999994,-0.8660254037844387,0.7818314824680298,0.6234898018587336,-0.2588190451025208,-0.9659258262890683,0,0,0,1,0,0,0,0,0,0,0,0,0,0,0,0,0,0,0,0,0,1,False,True,False,False,False,False,False,False,False,False,False,False,False,False,False,False,False,False,False,False,False,False,False,False,False,False,False,False,Humber River Health - Wilson,6316.544575462467
Major Arterial,Toronto and East York,Traffic Signal,Clear,Dark,Dry,Non-Fatal Injury,Pedestrian Collisions,True,False,True,False,False,False,False,True,False,True,True,False,False,Yonge-Bay Corridor,2009,0.49999999999999994,-0.8660254037844387,0.7818314824680298,0.6234898018587336,-0.8660254037844386,0.5000000000000001,0,0,0,2,2,1,1,0,0,0,0,1,1,0,0,0,0,0,0,0,1,9,False,True,False,False,False,False,False,False,False,False,True,False,False,False,False,True,True,False,False,False,False,False,False,False,False,False,False,False,University Health Network - Toronto General,1026.3135592816398
Local,North York,No Control,Clear,Daylight,Dry,Non-Fatal Injury,Rear End,False,False,True,False,False,False,False,True,False,True,False,False,False,Yorkdale-Glen Park,2009,0.49999999999999994,-0.8660254037844387,0.9749279121818236,-0.22252093395631434,-0.9659258262890683,-0.25881904510252063,0,0,0,0,0,0,1,0,0,0,0,0,1,1,0,0,0,0,0,0,0,3,False,False,False,False,False,False,False,False,False,False,True,True,False,False,False,False,True,False,False,True,False,False,False,False,False,False,False,False,Humber River Health - Wilson,4325.357775458251
Major Arterial,Etobicoke York,Traffic Signal,Clear,Daylight,Dry,Non-Fatal Injury,Angle,False,False,True,False,False,False,False,True,True,True,True,False,False,Mimico-Queensway,2009,0.49999999999999994,-0.8660254037844387,0.9749279121818236,-0.22252093395631434,-1.0,-1.8369701987210297e-16,1,0,0,0,0,0,1,1,1,0,0,0,0,0,0,0,0,0,0,0,2,6,False,True,False,False,False,False,False,False,False,False,False,False,False,False,False,True,True,False,False,False,False,False,False,False,False,False,False,False,Unity Health Toronto - St. Joseph's,7297.955022881855
Major Arterial,North York,Stop Sign,Clear,Daylight,Dry,Non-Fatal Injury,Turning Movement,False,False,True,True,False,False,False,False,False,False,False,False,False,Willowdale West,2009,0.49999999999999994,-0.8660254037844387,0.43388373911755823,-0.900968867902419,-0.2588190451025208,-0.9659258262890683,0,0,0,0,0,0,0,0,0,1,0,0,0,1,0,0,0,0,0,0,1,3,False,True,True,False,False,False,False,False,False,False,False,False,False,False,False,False,True,False,False,False,False,False,True,False,False,False,False,False,North York General Hospital - General Site,6256.062755154213
Local,Toronto and East York,No Control,Clear,Daylight,Dry,Non-Fatal Injury,SMV Other,False,False,True,False,False,False,False,True,False,False,False,False,False,Broadview North,2009,0.49999999999999994,-0.8660254037844387,0.43388373911755823,-0.900968867902419,-0.4999999999999997,-0.8660254037844388,0,0,0,0,0,1,1,0,1,0,0,0,0,0,0,0,0,0,0,0,0,3,False,False,False,False,False,False,False,False,False,False,True,False,False,False,False,False,True,False,False,False,False,False,False,True,False,False,False,False,Michael Garron Hospital,2931.550591259729
Major Arterial,Toronto and East York,No Control,Clear,Dark,Dry,Non-Fatal Injury,Pedestrian Collisions,True,False,True,False,False,False,False,True,False,False,False,False,False,High Park-Swansea,2009,0.49999999999999994,-0.8660254037844387,0.43388373911755823,-0.900968867902419,-0.7071067811865477,0.7071067811865474,0,1,0,0,0,1,2,1,0,0,0,0,0,0,0,0,0,0,0,0,0,5,False,False,False,False,False,False,False,False,False,False,True,False,True,False,False,False,True,False,False,False,False,False,False,True,False,False,False,False,Unity Health Toronto - St. Joseph's,1624.2784101032885
Major Arterial,Etobicoke York,No Control,Clear,Daylight,Dry,Non-Fatal Injury,Turning Movement,False,False,True,True,False,False,False,False,False,False,False,False,False,Stonegate-Queensway,2009,0.49999999999999994,-0.8660254037844387,-0.433883739117558,-0.9009688679024191,1.2246467991473532e-16,-1.0,0,0,0,0,1,0,0,0,0,0,0,0,0,0,0,0,1,0,0,0,0,2,False,True,False,False,False,False,False,False,False,False,False,False,True,False,False,False,True,False,False,False,False,False,True,False,False,False,False,False,Unity Health Toronto - St. Joseph's,6556.013922888786
Major Arterial,Etobicoke York,Traffic Signal,Clear,Daylight,Dry,Fatal,Turning Movement,False,False,True,True,False,False,False,False,False,True,False,False,False,West Humber-Clairville,2009,0.49999999999999994,-0.8660254037844387,-0.433883739117558,-0.9009688679024191,-0.8660254037844385,-0.5000000000000004,0,0,0,0,0,0,0,2,0,0,0,0,0,0,0,0,0,0,0,0,0,2,False,False,False,False,False,False,False,False,False,False,True,False,True,False,False,False,False,False,True,False,False,False,False,True,False,False,False,False,William Osler Health System - Etobicoke,831.3431617226452
Major Arterial,North York,Traffic Signal,Clear,Daylight,Dry,Non-Fatal Injury,Rear End,False,False,True,False,False,False,False,False,False,True,False,False,False,York University Heights,2009,0.49999999999999994,-0.8660254037844387,-0.433883739117558,-0.9009688679024191,-1.0,-1.8369701987210297e-16,0,0,0,0,1,0,0,0,0,0,0,0,0,1,0,0,0,0,0,0,1,3,False,True,False,False,False,False,False,False,False,False,False,True,False,False,False,False,True,False,False,True,False,False,False,False,False,False,False,False,Humber River Health - Wilson,5029.15704382665
Minor Arterial,Toronto and East York,No Control,Clear,Daylight,Dry,Non-Fatal Injury,Cyclist Collisions,False,True,True,False,False,False,False,False,False,False,False,False,False,Woodbine Corridor,2009,0.49999999999999994,-0.8660254037844387,-0.9749279121818236,-0.2225209339563146,-0.8660254037844386,0.5000000000000001,0,0,0,0,0,0,0,0,1,0,1,0,0,0,0,0,0,0,0,0,0,2,False,True,False,False,False,False,True,False,False,False,False,False,False,False,False,False,False,False,False,False,False,False,False,False,True,False,False,False,Michael Garron Hospital,2765.442308734404
Major Arterial,Etobicoke York,No Control,Clear,Daylight,Dry,Non-Fatal Injury,SMV Other,False,False,False,True,False,False,False,False,False,False,False,False,False,Stonegate-Queensway,2009,0.49999999999999994,-0.8660254037844387,-0.7818314824680299,0.6234898018587334,-0.9659258262890683,-0.25881904510252063,0,0,0,0,0,0,0,1,0,0,0,0,0,0,0,0,0,0,0,0,0,1,False,True,False,False,False,False,False,False,False,False,False,False,False,False,False,False,False,False,False,False,False,False,False,True,False,False,False,False,Unity Health Toronto - St. Joseph's,6522.730222883285
Major Arterial,North York,Traffic Signal,Clear,Daylight,Dry,Non-Fatal Injury,Pedestrian Collisions,True,False,True,False,False,False,False,False,False,False,False,False,False,Newtonbrook East,2009,0.49999999999999994,-0.8660254037844387,0.7818314824680298,0.6234898018587336,-0.8660254037844385,-0.5000000000000004,0,0,0,0,1,0,0,0,0,0,0,0,1,0,0,0,0,0,0,0,1,3,False,True,False,False,False,False,False,False,False,False,False,False,False,False,False,False,True,False,False,False,False,False,False,False,False,False,False,False,North York General Hospital - General Site,4890.22345514968
Major Arterial,North York,Traffic Signal,Clear,Daylight,Dry,Non-Fatal Injury,Pedestrian Collisions,True,False,True,False,False,False,False,False,False,False,False,False,False,Forest Hill North,2009,0.49999999999999994,-0.8660254037844387,0.9749279121818236,-0.22252093395631434,-0.8660254037844385,-0.5000000000000004,0,0,0,0,0,0,0,0,1,0,2,0,0,0,0,0,0,0,0,0,1,4,False,True,False,False,False,False,False,False,False,False,False,False,False,False,False,False,True,False,False,False,False,False,False,False,False,False,False,False,Sunnybrook Health Sciences Centre - Bayview Campus,6628.5469297183445
Minor Arterial,Toronto and East York,Traffic Signal,Clear,Daylight,Dry,Non-Fatal Injury,Cyclist Collisions,False,True,True,False,False,False,False,False,False,False,False,False,False,Yonge-Bay Corridor,2009,0.49999999999999994,-0.8660254037844387,0.43388373911755823,-0.900968867902419,0.7071067811865476,-0.7071067811865475,0,0,0,0,0,0,0,0,1,0,0,0,0,0,0,0,0,0,0,0,1,2,False,True,False,False,False,False,False,False,False,False,True,False,False,False,False,False,True,False,False,False,False,False,False,False,False,False,False,False,Unity Health Toronto - St. Michael's,1248.5586528150598
Minor Arterial,Toronto and East York,No Control,Clear,Daylight,Dry,Non-Fatal Injury,Rear End,False,False,True,False,False,False,False,True,False,False,False,False,False,High Park-Swansea,2009,0.49999999999999994,-0.8660254037844387,0.43388373911755823,-0.900968867902419,0.49999999999999994,-0.8660254037844387,0,0,0,0,0,0,0,0,0,0,1,2,0,0,0,0,0,0,0,0,2,5,False,False,False,False,False,False,False,False,False,False,True,True,False,False,False,False,True,False,False,False,False,False,False,True,False,False,False,False,Unity Health Toronto - St. Joseph's,2341.773622883833
Major Arterial,Toronto and East York,No Control,Clear,Daylight,Dry,Non-Fatal Injury,Approaching,False,False,True,True,False,False,False,False,False,False,False,False,False,O'Connor-Parkview,2009,0.49999999999999994,-0.8660254037844387,-0.433883739117558,-0.9009688679024191,-0.9659258262890683,-0.25881904510252063,0,0,0,0,0,0,0,1,0,1,0,0,0,0,0,0,0,0,0,0,0,2,False,True,False,False,False,False,False,False,False,False,False,False,False,False,False,False,True,False,False,False,False,False,True,False,False,False,False,False,Michael Garron Hospital,4336.918357753777
Local,North York,No Control,Clear,Daylight,Dry,Non-Fatal Injury,Rear End,False,False,True,False,False,False,False,True,False,True,False,False,False,Forest Hill North,2009,0.49999999999999994,-0.8660254037844387,-0.9749279121818236,-0.2225209339563146,0.7071067811865476,-0.7071067811865475,0,0,0,1,0,0,0,0,1,1,0,0,0,1,0,0,0,0,0,0,0,4,False,False,False,False,False,False,False,False,False,False,True,True,False,False,True,False,True,False,False,True,False,False,False,False,False,False,False,False,Humber River Health - Wilson,6569.163475470501
Major Arterial,Toronto and East York,No Control,Clear,Daylight,Dry,Non-Fatal Injury,Turning Movement,False,False,True,True,False,False,False,False,False,False,False,False,False,Dovercourt Village,2009,0.49999999999999994,-0.8660254037844387,-0.9749279121818236,-0.2225209339563146,-1.0,-1.8369701987210297e-16,0,0,0,1,0,0,0,1,0,0,0,0,0,0,0,0,0,0,0,0,1,3,False,False,True,False,False,False,False,False,False,False,True,False,False,False,False,False,True,False,False,False,False,False,True,False,False,False,False,False,University Health Network - Toronto Western,3542.055534614832
Major Arterial,Etobicoke York,No Control,Clear,Dark,Dry,Non-Fatal Injury,SMV Other,False,False,True,False,False,False,False,True,False,False,False,True,False,Stonegate-Queensway,2009,0.49999999999999994,-0.8660254037844387,-0.7818314824680299,0.6234898018587334,-0.5000000000000004,0.8660254037844384,0,0,0,0,0,0,2,0,0,0,0,0,0,0,0,0,0,0,0,0,0,2,False,True,False,False,False,False,False,False,False,False,False,False,False,False,False,False,False,False,False,False,False,False,False,True,False,False,False,False,Unity Health Toronto - St. Joseph's,3694.9392228809884
Major Arterial,Toronto and East York,No Control,Rain,Daylight,Wet,Fatal,Pedestrian Collisions,True,False,False,False,True,False,False,False,False,False,False,False,False,Junction Area,2009,0.49999999999999994,-0.8660254037844387,0.9749279121818236,-0.22252093395631434,-0.9659258262890683,-0.25881904510252063,0,0,0,0,0,0,0,0,0,0,0,0,1,0,0,0,0,1,0,0,1,3,False,True,False,False,False,False,False,False,False,False,False,False,False,False,False,False,True,False,False,False,False,False,False,False,False,False,False,False,Unity Health Toronto - St. Joseph's,4043.674810103723
Major Arterial,Toronto and East York,Traffic Signal,Rain,Dark,Wet,Non-Fatal Injury,Pedestrian Collisions,True,False,True,False,False,False,False,False,False,False,False,False,False,Casa Loma,2009,0.49999999999999994,-0.8660254037844387,0.9749279121818236,-0.22252093395631434,-0.9659258262890684,0.2588190451025203,0,0,0,0,0,0,0,0,0,0,0,0,0,0,0,0,1,0,0,0,1,2,False,False,False,False,False,False,False,False,False,True,False,False,False,False,False,False,False,False,False,False,False,False,False,False,True,False,False,False,University Health Network - Toronto Western,4037.5250346182147
Major Arterial,Etobicoke York,Other,Clear,Dark,Dry,Non-Fatal Injury,Turning Movement,False,False,True,False,False,False,False,False,False,True,False,False,False,Eringate-Centennial-West Deane,2009,0.49999999999999994,-0.8660254037844387,0.43388373911755823,-0.900968867902419,-0.5000000000000004,0.8660254037844384,0,0,0,0,1,0,0,0,1,0,0,0,0,0,0,0,0,0,0,0,0,2,False,True,False,False,False,False,False,False,False,False,False,False,True,False,False,False,True,False,True,False,False,False,False,False,False,False,False,False,William Osler Health System - Etobicoke,9312.225638280623
Major Arterial,Toronto and East York,Traffic Signal,Clear,Daylight,Dry,Non-Fatal Injury,Pedestrian Collisions,True,False,True,False,False,False,False,False,False,False,False,False,False,Annex,2009,0.49999999999999994,-0.8660254037844387,-0.433883739117558,-0.9009688679024191,0.49999999999999994,-0.8660254037844387,0,0,0,0,0,0,0,0,1,0,0,0,0,0,1,0,0,0,0,0,1,3,False,False,False,False,False,False,True,False,False,True,False,False,False,False,False,False,False,False,False,False,False,False,False,False,True,False,False,False,University Health Network - Toronto Western,1998.6187346160877