ROAD_CLASS,DISTRICT,TRAFFCTL,VISIBILITY,LIGHT,RDSFCOND,ACCLASS,IMPACTYPE,PEDESTRIAN,CYCLIST,AUTOMOBILE,MOTORCYCLE,TRUCK,TRSN_CITY_VEH,EMERG_VEH,PASSENGER,SPEEDING,AG_DRIV,REDLIGHT,ALCOHOL,DISABILITY,NEIGHBOURHOOD_158,YEAR,MONTH_sin,MONTH_cos,DOW_sin,DOW_cos,HOUR_sin,HOUR_cos,INVAGE_00to04,INVAGE_05to09,INVAGE_10to14,INVAGE_15to19,INVAGE_20to24,INVAGE_25to29,INVAGE_30to34,INVAGE_35to39,INVAGE_40to44,INVAGE_45to49,INVAGE_50to54,INVAGE_55to59,INVAGE_60to64,INVAGE_65to69,INVAGE_70to74,INVAGE_75to79,INVAGE_80to84,INVAGE_85to89,INVAGE_90to94,INVAGE_Over95,INVAGE_unknown,NUMPERSONS,MANOEUVER_ChangingLanes,MANOEUVER_GoingAhead,MANOEUVER_MakingUTurn,MANOEUVER_Merging,MANOEUVER_Other,MANOEUVER_Overtaking,MANOEUVER_Parked,MANOEUVER_PullingAwayfromShoulderorCurb,MANOEUVER_PullingOntoShoulderortowardCurb,MANOEUVER_Reversing,MANOEUVER_SlowingorStopping,MANOEUVER_Stopped,MANOEUVER_TurningLeft,MANOEUVER_TurningRight,MANOEUVER_Unknown,DRIVACT_DisobeyedTrafficControl,DRIVACT_DrivingProperly,DRIVACT_ExceedingSpeedLimit,DRIVACT_FailedtoYieldRightofWay,DRIVACT_FollowingtooClose,DRIVACT_ImproperLaneChange,DRIVACT_ImproperPassing,DRIVACT_ImproperTurn,DRIVACT_Lostcontrol,DRIVACT_Other,DRIVACT_SpeedtooFastForCondition,DRIVACT_SpeedtooSlow,DRIVACT_WrongWayonOneWayRoad,NEAREST_HOSPITAL,DIST_TO_HOS
Collector,Scarborough,Stop Sign,Clear,Daylight,Dry,Non-Fatal Injury,Approaching,False,False,True,False,False,False,False,False,False,False,False,True,False,L'Amoreaux West,2009,0.49999999999999994,-0.8660254037844387,-0.433883739117558,-0.9009688679024191,-0.4999999999999997,-0.8660254037844388,0,0,0,0,0,0,0,1,0,0,0,0,1,0,0,0,0,0,0,0,1,3,False,True,False,False,False,False,False,False,False,False,False,False,False,False,False,False,True,False,False,False,True,False,False,False,False,False,False,False,Scarborough Health Network - Birchmount,1854.001496959012
Minor Arterial,Toronto and East York,Pedestrian Crossover,Clear,Daylight,Dry,Non-Fatal Injury,Cyclist Collisions,False,True,True,False,False,False,False,True,False,True,False,False,False,Regent Park,2009,0.49999999999999994,-0.8660254037844387,-0.433883739117558,-0.9009688679024191,-0.9659258262890684,0.2588190451025203,0,1,0,0,0,1,1,0,0,0,0,0,0,0,0,0,0,0,0,0,0,3,False,True,False,False,False,False,False,False,False,False,False,False,False,False,False,True,False,False,False,False,False,False,False,False,False,False,False,False,Unity Health Toronto - St. Michael's,1643.3922471781261
Major Arterial,Etobicoke York,No Control,Clear,Dark,Dry,Non-Fatal Injury,Pedestrian Collisions,True,False,True,False,False,False,False,False,False,False,False,False,False,Rustic,2009,0.49999999999999994,-0.8660254037844387,-0.9749279121818236,-0.2225209339563146,-0.5000000000000004,0.8660254037844384,1,0,0,0,0,0,0,1,0,0,0,0,0,0,0,0,0,0,0,0,1,3,False,True,False,False,False,False,False,False,False,False,False,False,False,False,False,False,True,False,False,False,False,False,False,False,False,False,False,False,Humber River Health - Wilson,3347.293956179521
Minor Arterial,Toronto and East York,Traffic Signal,Clear,Dark,Wet,Non-Fatal Injury,Pedestrian Collisions,True,False,True,False,False,False,False,False,False,False,False,False,False,Old East York,2009,0.49999999999999994,-0.8660254037844387,-0.9749279121818236,-0.2225209339563146,-0.5000000000000004,0.8660254037844384,0,0,0,1,0,0,0,0,0,1,0,0,0,0,0,0,0,0,0,0,0,2,False,True,False,False,False,False,False,False,False,False,False,False,False,False,False,False,True,False,False,False,False,False,False,False,False,False,False,False,Michael Garron Hospital,1199.3214912558906
Major Arterial,Scarborough,Traffic Signal,Clear,Daylight,Dry,Non-Fatal Injury,Cyclist Collisions,False,True,True,False,False,False,False,False,False,True,False,False,False,Birchcliffe-Cliffside,2009,0.49999999999999994,-0.8660254037844387,-0.7818314824680299,0.6234898018587334,-0.8660254037844385,-0.5000000000000004,0,0,0,0,0,0,0,0,0,1,0,0,0,0,0,0,0,0,0,0,1,2,False,True,False,False,False,False,False,False,False,False,False,False,False,True,False,False,False,False,False,True,False,False,False,False,False,False,False,False,Michael Garron Hospital,4569.383908739779
Major Arterial,Toronto and East York,No Control,Clear,Daylight,Dry,Non-Fatal Injury,Cyclist Collisions,False,True,True,False,False,False,False,False,False,False,False,False,False,Blake-Jones,2009,0.49999999999999994,-0.8660254037844387,-0.7818314824680299,0.6234898018587334,-0.9659258262890684,0.2588190451025203,0,0,0,0,0,0,1,1,0,0,0,0,0,0,0,0,0,0,0,0,0,2,False,False,False,False,False,True,True,False,False,False,False,False,False,False,False,False,False,False,False,False,False,False,False,False,True,False,False,False,Michael Garron Hospital,2382.2782422447344
Expressway,Etobicoke York,No Control,Clear,Daylight,Dry,Non-Fatal Injury,Sideswipe,False,False,True,True,False,False,False,False,True,True,False,False,False,Mimico-Queensway,2009,0.49999999999999994,-0.8660254037844387,0.0,1.0,0.0,1.0,0,0,0,0,0,1,0,0,1,0,0,0,0,0,0,0,0,0,0,0,0,2,True,True,False,False,False,False,False,False,False,False,False,False,False,False,False,False,True,False,False,False,True,False,False,False,False,False,False,False,Unity Health Toronto - St. Joseph's,8439.404622889357
Local,Scarborough,No Control,Clear,Daylight,Dry,Non-Fatal Injury,Rear End,False,False,True,False,False,False,False,True,False,True,False,False,False,Wexford/Maryvale,2009,0.49999999999999994,-0.8660254037844387,0.0,1.0,0.8660254037844387,-0.4999999999999998,1,0,0,0,0,1,0,0,0,0,0,0,0,0,0,0,0,0,0,0,1,3,False,True,False,False,False,False,False,False,False,False,False,False,False,False,False,False,False,False,False,True,False,False,False,False,False,False,False,False,Scarborough Health Network - Scarborough General,5389.4618567531
Major Arterial,Etobicoke York,Traffic Signal,Clear,Daylight,Dry,Non-Fatal Injury,Pedestrian Collisions,True,False,True,False,False,False,False,False,False,True,False,False,False,Rockcliffe-Smythe,2009,0.49999999999999994,-0.8660254037844387,0.0,1.0,-0.8660254037844385,-0.5000000000000004,0,0,0,0,0,0,0,0,0,0,0,1,0,1,0,0,0,0,0,0,0,2,False,False,False,False,False,False,False,False,False,False,False,False,True,False,False,False,False,False,True,False,False,False,False,False,False,False,False,False,Humber River Health - Wilson,6408.168475468061
Major Arterial,Toronto and East York,Traffic Signal,Clear,Dark,Dry,Non-Fatal Injury,Turning Movement,False,False,True,True,False,False,False,True,False,False,False,False,False,Blake-Jones,2009,0.49999999999999994,-0.8660254037844387,0.0,1.0,-0.5000000000000004,0.8660254037844384,0,0,0,0,0,1,1,0,1,0,0,0,0,0,0,0,0,0,0,0,1,4,False,True,False,False,False,False,False,False,False,False,False,False,True,False,False,False,True,False,False,False,False,False,True,False,False,False,False,False,Michael Garron Hospital,1402.6122422403423
Expressway,Toronto and East York,No Control,Clear,Dark,Dry,Non-Fatal Injury,Rear End,False,False,True,False,False,False,False,False,False,True,False,False,False,Fort York-Liberty Village,2009,0.49999999999999994,-0.8660254037844387,0.7818314824680298,0.6234898018587336,0.0,1.0,0,0,0,0,0,1,0,1,0,1,0,0,0,0,0,0,0,0,0,0,1,4,False,True,False,False,False,False,False,False,False,False,False,True,False,False,False,False,True,False,False,True,False,False,False,False,False,False,False,False,Unity Health Toronto - St. Joseph's,2753.417389899958
Major Arterial,Toronto and East York,Stop Sign,Clear,Daylight,Dry,Fatal,Pedestrian Collisions,True,False,False,False,True,False,False,False,False,True,False,False,False,Dufferin Grove,2009,0.49999999999999994,-0.8660254037844387,0.7818314824680298,0.6234898018587336,-0.7071067811865471,-0.7071067811865479,0,0,0,0,0,0,1,0,0,0,0,0,0,0,0,1,0,0,0,0,1,3,False,False,False,False,False,False,False,False,False,False,False,False,True,False,False,False,False,False,True,False,False,False,False,False,False,False,False,False,Unity Health Toronto - St. Joseph's,2558.417577121989
Major Arterial,Toronto and East York,Stop Sign,Clear,Daylight,Dry,Non-Fatal Injury,Pedestrian Collisions,True,True,False,False,False,False,False,False,False,False,False,False,False,Trinity-Bellwoods,2009,0.49999999999999994,-0.8660254037844387,0.7818314824680298,0.6234898018587336,-0.9659258262890684,0.2588190451025203,0,0,0,1,0,0,0,0,0,0,0,0,0,0,0,0,0,0,1,0,0,2,False,False,False,False,False,False,False,False,False,False,False,False,True,False,False,False,False,False,False,False,False,False,False,False,False,False,False,False,University Health Network - Toronto Western,346.40009704011027
Local,North York,No Control,Clear,Dark,Dry,Non-Fatal Injury,Rear End,False,False,True,True,False,False,False,False,False,True,False,False,False,Yorkdale-Glen Park,2009,0.49999999999999994,-0.8660254037844387,0.9749279121818236,-0.22252093395631434,-0.5000000000000004,0.8660254037844384,0,0,0,0,0,2,0,1,0,0,0,0,0,0,0,0,0,0,0,0,0,3,False,True,False,False,False,False,False,False,False,False,True,False,False,False,False,False,True,False,False,True,False,False,False,False,False,False,False,False,Humber River Health - Wilson,6210.629375468125
Local,Toronto and East York,Stop Sign,Clear,Daylight,Dry,Non-Fatal Injury,Pedestrian Collisions,True,False,True,False,False,False,False,False,False,False,False,False,False,Oakwood Village,2009,0.49999999999999994,-0.8660254037844387,0.43388373911755823,-0.900968867902419,-1.0,-1.8369701987210297e-16,0,1,0,1,0,0,0,0,0,0,0,0,0,0,0,0,0,0,0,0,0,2,False,True,False,False,False,False,False,False,False,False,False,False,False,False,False,False,True,False,False,False,False,False,False,False,False,False,False,False,University Health Network - Toronto Western,5498.762934613274
Major Arterial,Etobicoke York,No Control,Clear,Daylight,Dry,Non-Fatal Injury,SMV Other,False,False,True,False,False,False,False,False,False,False,False,False,True,Pelmo Park-Humberlea,2009,0.49999999999999994,-0.8660254037844387,0.0,1.0,0.9659258262890683,-0.25881904510252063,0,0,0,0,0,0,1,0,0,0,0,0,0,0,0,0,0,0,0,0,1,2,False,True,False,False,False,False,False,False,False,False,False,False,False,False,False,False,False,False,False,False,False,False,False,True,False,False,False,False,Humber River Health - Wilson,4733.641356171807
Major Arterial,North York,No Control,Clear,Daylight,Dry,Non-Fatal Injury,Pedestrian Collisions,True,False,True,False,False,False,False,False,False,False,False,False,False,Clanton Park,2009,0.49999999999999994,-0.8660254037844387,0.0,1.0,0.49999999999999994,-0.8660254037844387,0,0,0,0,1,0,0,0,0,0,0,0,0,0,0,0,1,0,0,0,1,3,False,True,False,False,False,False,False,False,False,False,False,False,False,False,False,False,True,False,False,False,False,False,False,False,False,False,False,False,Humber River Health - Wilson,7117.893543822342
Major Arterial,Toronto and East York,No Control,Clear,Daylight,Wet,Non-Fatal Injury,Angle,False,False,True,True,False,False,False,False,False,False,False,False,False,Wellington Place,2009,0.49999999999999994,-0.8660254037844387,0.0,1.0,-0.8660254037844385,-0.5000000000000004,0,0,0,0,0,0,0,0,0,0,2,0,0,0,0,0,0,0,0,0,1,3,False,True,False,False,False,False,False,False,False,True,False,False,False,False,False,False,True,False,False,False,False,False,False,False,True,False,False,False,University Health Network - Toronto Western,1257.5093653852819
Major Arterial,North York,No Control,Clear,Daylight,Dry,Non-Fatal Injury,Angle,False,False,True,False,False,False,False,True,False,False,False,False,False,Lawrence Park South,2009,0.49999999999999994,-0.8660254037844387,0.7818314824680298,0.6234898018587336,1.2246467991473532e-16,-1.0,0,0,0,0,0,0,0,1,0,1,1,0,0,0,0,0,0,0,0,0,1,4,False,True,False,False,False,False,False,False,False,False,False,False,False,False,False,False,True,False,False,False,False,False,False,True,False,False,False,False,Sunnybrook Health Sciences Centre - Bayview Campus,3315.3177297193324
Major Arterial,Scarborough,No Control,Clear,Daylight,Dry,Fatal,Pedestrian Collisions,True,False,False,False,False,True,False,False,False,True,False,False,False,Agincourt South-Malvern West,2009,0.49999999999999994,-0.8660254037844387,0.7818314824680298,0.6234898018587336,-0.8660254037844386,0.5000000000000001,0,0,0,0,0,0,0,0,0,0,1,0,0,0,1,0,0,0,0,0,1,3,False,False,False,False,False,False,False,False,False,False,False,False,True,False,False,False,False,False,True,False,False,False,False,False,False,False,False,False,Scarborough Health Network - Centenary,4062.0259488240117
Major Arterial,North York,Traffic Signal,Clear,Dark,Dry,Non-Fatal Injury,Pedestrian Collisions,True,False,True,False,False,False,False,True,False,True,True,False,False,East Willowdale,2009,1.2246467991473532e-16,-1.0,0.9749279121818236,-0.22252093395631434,-0.7071067811865477,0.7071067811865474,0,0,0,0,2,0,0,0,0,0,1,0,0,1,0,0,0,0,0,0,2,6,False,True,False,False,False,False,False,False,False,False,False,False,True,False,False,True,False,False,True,False,False,False,False,False,False,False,False,False,North York General Hospital - General Site,2024.425110587501
Major Arterial,North York,No Control,Clear,Dark,Dry,Non-Fatal Injury,Pedestrian Collisions,True,False,True,False,False,False,False,False,False,True,False,False,False,Oakwood Village,2009,1.2246467991473532e-16,-1.0,-0.9749279121818236,-0.2225209339563146,0.7071067811865476,0.7071067811865476,0,0,0,0,0,0,0,0,0,1,0,0,0,0,0,0,0,0,0,0,1,2,False,True,False,False,False,False,False,False,False,False,False,False,False,False,False,False,False,False,True,False,False,False,False,False,False,False,False,False,Unity Health Toronto - St. Joseph's,6340.4019101114245
Major Arterial,North York,Traffic Signal,Clear,Daylight,Dry,Non-Fatal Injury,Turning Movement,False,False,True,True,False,False,False,False,True,True,True,False,False,Bathurst Manor,2009,1.2246467991473532e-16,-1.0,0.0,1.0,-0.8660254037844386,0.5000000000000001,0,0,0,0,1,0,0,0,0,0,0,0,0,0,0,1,0,0,0,0,0,2,False,True,False,False,False,False,False,False,False,False,False,False,True,False,False,True,False,False,False,False,False,False,True,False,False,False,False,False,Humber River Health - Wilson,7394.030543823028
Local,North York,No Control,Clear,Daylight,Dry,Fatal,SMV Other,False,False,True,False,False,False,False,True,True,True,False,False,False,Flemingdon Park,2009,1.2246467991473532e-16,-1.0,0.0,1.0,-0.8660254037844386,0.5000000000000001,0,0,0,0,3,0,0,0,0,0,0,0,0,0,0,0,0,0,0,0,1,4,True,False,False,False,False,False,False,False,False,False,False,False,False,False,False,False,False,True,False,False,False,False,False,False,False,False,False,False,Michael Garron Hospital,3450.650591264013
Collector,Scarborough,No Control,Clear,Dark,Dry,Non-Fatal Injury,Cyclist Collisions,False,True,True,False,False,False,False,False,False,False,False,False,False,Cliffcrest,2009,1.2246467991473532e-16,-1.0,0.0,1.0,-0.25881904510252157,0.9659258262890681,0,0,0,1,1,0,0,0,0,0,0,0,0,0,0,0,0,0,0,0,0,2,False,True,False,False,False,False,False,False,False,False,False,False,False,False,False,False,True,False,False,False,False,False,False,False,False,False,False,False,Scarborough Health Network - Scarborough General,5901.046781320823
Major Arterial,North York,No Control,Clear,Daylight,Dry,Non-Fatal Injury,Pedestrian Collisions,True,False,True,False,False,False,False,False,False,True,False,False,False,Downsview,2009,1.2246467991473532e-16,-1.0,-0.433883739117558,-0.9009688679024191,-0.9659258262890684,0.2588190451025203,0,0,0,1,0,0,0,0,1,0,0,0,0,0,0,0,0,0,0,0,1,3,False,True,False,False,False,False,False,False,False,False,False,False,False,False,False,False,False,False,True,False,False,False,False,False,False,False,False,False,Humber River Health - Wilson,1060.5390438231407
Minor Arterial,Etobicoke York,No Control,Clear,Dark,Dry,Non-Fatal Injury,Pedestrian Collisions,True,False,True,False,False,False,False,False,False,False,False,False,False,Edenbridge-Humber Valley,2009,1.2246467991473532e-16,-1.0,-0.9749279121818236,-0.2225209339563146,0.0,1.0,0,0,0,0,0,0,0,0,0,0,1,0,1,0,0,0,0,0,0,0,0,2,False,True,False,False,False,False,False,False,False,False,False,False,False,False,False,False,True,False,False,False,False,False,False,False,False,False,False,False,Unity Health Toronto - St. Joseph's,7798.200210106908
Major Arterial,North York,No Control,Clear,Daylight,Dry,Non-Fatal Injury,SMV Other,False,False,True,False,False,False,False,False,False,False,False,False,False,Bedford Park-Nortown,2009,1.2246467991473532e-16,-1.0,-0.9749279121818236,-0.2225209339563146,1.0,6.123233995736766e-17,0,0,0,0,0,0,0,0,0,0,0,0,1,0,0,0,0,0,0,0,0,1,False,True,False,False,False,False,False,False,False,False,False,False,False,False,False,False,False,False,False,False,False,False,False,True,False,False,False,False,Sunnybrook Health Sciences Centre - Bayview Campus,5871.91686992906
Local,Etobicoke York,No Control,Clear,Daylight,Dry,Non-Fatal Injury,Pedestrian Collisions,True,False,True,False,False,False,False,False,False,False,False,False,False,Mimico-Queensway,2009,1.2246467991473532e-16,-1.0,0.0,1.0,-0.7071067811865471,-0.7071067811865479,0,0,0,0,2,0,0,0,0,0,0,0,0,0,0,0,0,0,0,0,0,2,False,True,False,False,False,False,False,False,False,False,False,False,False,False,False,False,True,False,False,False,False,False,False,False,False,False,False,False,Unity Health Toronto - St. Joseph's,6102.457922881469
Major Arterial,Toronto and East York,Traffic Signal,Clear,Daylight,Dry,Non-Fatal Injury,Cyclist Collisions,False,True,True,False,False,False,False,False,False,False,False,False,False,Harbourfront-CityPlace,2009,1.2246467991473532e-16,-1.0,0.0,1.0,-1.0,-1.8369701987210297e-16,0,0,0,0,0,0,2,0,0,0,0,0,0,0,0,0,0,0,0,0,0,2,False,True,False,False,False,False,False,False,False,False,False,False,False,False,False,False,True,False,False,False,False,False,False,False,False,False,False,False,University Health Network - Toronto Western,2190.949965386186
Minor Arterial,Toronto and East York,Traffic Signal,Clear,Daylight,Dry,Non-Fatal Injury,Pedestrian Collisions,True,False,True,False,False,False,False,False,False,False,False,False,False,East End-Danforth,2009,1.2246467991473532e-16,-1.0,0.0,1.0,-1.0,-1.8369701987210297e-16,0,0,0,1,0,0,0,0,0,1,0,0,0,0,0,0,0,0,0,0,0,2,False,False,False,False,False,False,False,False,False,False,False,False,False,True,False,False,False,False,False,False,False,False,True,False,False,False,False,False,Michael Garron Hospital,2985.646508739097
Major Arterial,North York,Traffic Signal,Clear,Daylight,Dry,Non-Fatal Injury,Cyclist Collisions,False,True,True,False,False,False,False,False,False,False,False,False,False,Humewood-Cedarvale,2009,1.2246467991473532e-16,-1.0,0.0,1.0,-0.8660254037844386,0.5000000000000001,0,0,0,0,2,0,0,0,0,0,0,0,0,0,0,0,0,0,0,0,1,3,False,True,False,False,False,False,False,False,False,False,False,False,True,False,False,False,True,False,False,False,False,False,False,False,False,False,False,False,Sunnybrook Health Sciences Centre - Bayview Campus,6065.323629716877
Major Arterial,Scarborough,No Control,Clear,Dark,Dry,Non-Fatal Injury,Turning Movement,False,False,True,True,False,False,False,False,True,True,False,False,False,Agincourt South-Malvern West,2009,1.2246467991473532e-16,-1.0,0.43388373911755823,-0.900968867902419,0.0,1.0,0,0,0,0,0,0,0,2,0,0,0,0,0,0,0,0,0,0,0,0,1,3,False,True,False,False,False,False,False,False,False,False,False,False,True,False,False,False,False,True,False,False,False,False,True,False,False,False,False,False,Scarborough Health Network - Scarborough General,4398.537118677166
Major Arterial,Toronto and East York,Traffic Signal,Clear,Daylight,Dry,Non-Fatal Injury,Cyclist Collisions,False,True,True,False,False,False,False,False,False,False,False,False,False,University,2009,1.2246467991473532e-16,-1.0,-0.433883739117558,-0.9009688679024191,0.49999999999999994,-0.8660254037844387,0,0,0,0,0,1,0,1,0,0,0,0,0,0,0,0,0,0,0,0,0,2,False,True,False,False,False,False,False,False,False,False,False,False,False,True,False,False,False,False,False,False,False,False,True,False,False,False,False,False,University Health Network - Toronto Western,1410.479102962534
Major Arterial,Toronto and East York,Traffic Signal,Clear,Dark,Dry,Non-Fatal Injury,Cyclist Collisions,False,True,True,False,False,False,False,False,False,False,False,False,False,Regent Park,2009,1.2246467991473532e-16,-1.0,-0.9749279121818236,-0.2225209339563146,0.7071067811865476,0.7071067811865476,0,0,0,0,1,0,0,0,0,0,1,0,0,0,0,0,0,0,0,0,1,3,False,True,False,False,False,False,False,False,False,False,False,False,False,False,False,False,True,False,False,False,False,False,False,False,False,False,False,False,Unity Health Toronto - St. Michael's,2380.2740471805446
Major Arterial,Toronto and East York,Traffic Signal,Clear,Daylight,Dry,Fatal,Pedestrian Collisions,True,False,True,False,False,False,False,True,False,False,False,False,False,Danforth East York,2009,1.2246467991473532e-16,-1.0,-0.9749279121818236,-0.2225209339563146,1.2246467991473532e-16,-1.0,0,0,0,0,1,0,0,0,1,0,0,0,0,0,0,0,0,1,0,0,1,4,False,True,False,False,False,False,False,False,False,False,False,False,False,False,False,False,True,False,False,False,False,False,False,False,False,False,False,False,Michael Garron Hospital,1183.7539577593561
Minor Arterial,Toronto and East York,Stop Sign,Clear,Daylight,Dry,Non-Fatal Injury,Turning Movement,False,False,True,True,False,False,False,False,False,True,False,False,False,The Beaches,2009,1.2246467991473532e-16,-1.0,-0.9749279121818236,-0.2225209339563146,-0.9659258262890683,-0.25881904510252063,0,0,0,0,0,0,0,0,0,0,0,1,0,1,0,0,0,0,0,0,2,4,False,True,False,False,False,False,True,False,False,False,False,False,True,False,False,False,True,False,True,False,False,False,False,False,False,False,False,False,Michael Garron Hospital,4644.591808740282
Minor Arterial,Toronto and East York,Stop Sign,Clear,Dark,Dry,Non-Fatal Injury,Pedestrian Collisions,True,False,True,False,False,False,False,True,False,True,False,False,False,Downtown Yonge East,2009,1.2246467991473532e-16,-1.0,-0.9749279121818236,-0.2225209339563146,-0.7071067811865477,0.7071067811865474,0,0,0,0,3,1,0,0,0,0,0,1,0,0,0,0,0,0,0,0,2,7,False,True,False,False,False,False,False,False,False,False,False,False,False,False,False,False,True,False,True,False,False,False,False,False,False,False,False,False,Unity Health Toronto - St. Michael's,379.16508219973184
Major Arterial,Toronto and East York,No Control,Clear,Daylight,Dry,Non-Fatal Injury,Cyclist Collisions,False,True,True,False,False,False,False,False,False,False,False,False,False,Annex,2009,1.2246467991473532e-16,-1.0,0.0,1.0,0.258819045102521,-0.9659258262890682,0,0,0,0,0,0,0,1,0,1,0,0,0,0,0,0,0,0,0,0,0,2,False,True,False,False,False,False,True,False,False,False,False,False,False,False,False,False,False,False,False,False,False,False,False,False,True,False,False,False,University Health Network - Toronto Western,1817.9558346123667
Major Arterial,North York,Traffic Signal,Rain,Daylight,Wet,Non-Fatal Injury,Pedestrian Collisions,True,False,True,False,False,False,False,False,False,True,False,False,False,Yorkdale-Glen Park,2009,1.2246467991473532e-16,-1.0,0.7818314824680298,0.6234898018587336,-0.9659258262890683,-0.25881904510252063,0,0,0,0,0,0,0,0,0,1,0,0,0,0,0,0,1,0,0,0,0,2,False,False,False,False,False,False,False,False,False,False,False,False,True,False,False,False,False,False,True,False,False,False,False,False,False,False,False,False,Humber River Health - Wilson,3013.52037546644
Major Arterial,Toronto and East York,Traffic Signal,Rain,Dark,Wet,Non-Fatal Injury,Pedestrian Collisions,True,False,True,False,False,False,False,False,False,False,False,False,False,Kensington-Chinatown,2009,1.2246467991473532e-16,-1.0,0.43388373911755823,-0.900968867902419,0.25881904510252074,0.9659258262890683,0,0,0,0,0,0,2,0,0,0,0,0,0,0,0,0,0,0,0,0,0,2,False,True,False,False,False,False,False,False,False,False,False,False,False,False,False,False,True,False,False,False,False,False,False,False,False,False,False,False,University Health Network - Toronto Western,711.9437653839123
Major Arterial,Toronto and East York,Pedestrian Crossover,Clear,Daylight,Dry,Non-Fatal Injury,Pedestrian Collisions,True,False,True,False,False,False,False,False,False,True,False,False,False,Danforth East York,2009,1.2246467991473532e-16,-1.0,-0.433883739117558,-0.9009688679024191,-0.9659258262890683,-0.25881904510252063,0,0,0,0,0,0,0,0,1,0,0,1,0,0,0,0,0,0,0,0,0,2,False,False,False,False,False,False,False,False,False,False,False,False,True,False,False,False,False,False,True,False,False,False,False,False,False,False,False,False,Michael Garron Hospital,996.2588087357581
Major Arterial,Etobicoke York,No Control,Clear,Dark,Dry,Non-Fatal Injury,Approaching,False,False,True,False,False,False,False,True,False,True,False,False,False,Pelmo Park-Humberlea,2009,1.2246467991473532e-16,-1.0,-0.9749279121818236,-0.2225209339563146,0.8660254037844386,0.5000000000000001,0,0,0,3,0,0,1,0,0,0,0,0,0,0,0,0,0,0,0,0,1,5,False,True,False,False,False,False,False,False,False,False,False,False,False,False,False,False,True,False,False,False,False,False,False,True,False,False,False,False,Humber River Health - Wilson,2260.16625617526
Major Arterial,North York,Traffic Signal,Rain,Dark,Wet,Non-Fatal Injury,SMV Other,False,False,True,False,False,False,False,True,True,True,False,False,False,Wexford/Maryvale,2009,1.2246467991473532e-16,-1.0,-0.9749279121818236,-0.2225209339563146,0.8660254037844386,0.5000000000000001,0,0,0,0,1,0,0,0,0,0,0,0,0,0,0,0,0,0,0,0,1,2,False,True,False,False,False,False,False,False,False,False,False,False,False,False,False,False,False,True,False,False,False,False,False,False,False,False,False,False,Scarborough Health Network - Scarborough General,6503.953556744964
Major Arterial,Etobicoke York,No Control,Clear,Daylight,Dry,Non-Fatal Injury,Approaching,False,False,True,False,False,False,False,False,False,False,False,False,False,West Humber-Clairville,2009,1.2246467991473532e-16,-1.0,-0.9749279121818236,-0.2225209339563146,0.8660254037844387,-0.4999999999999998,0,0,0,0,0,0,1,0,1,0,0,0,0,0,0,0,0,0,0,0,2,4,False,True,False,False,False,False,False,False,False,False,False,False,False,False,False,False,True,False,False,False,False,False,False,False,True,False,False,False,William Osler Health System - Etobicoke,3679.4977382777724
Minor Arterial,Scarborough,No Control,Clear,Dark,Dry,Non-Fatal Injury,Pedestrian Collisions,True,False,True,False,False,False,False,False,False,False,False,False,False,Steeles,2009,1.2246467991473532e-16,-1.0,-0.7818314824680299,0.6234898018587334,0.7071067811865476,0.7071067811865476,0,0,0,0,0,0,0,0,0,0,0,0,0,0,0,0,0,0,0,0,4,4,False,True,False,False,True,False,False,False,False,False,False,False,False,False,False,False,False,False,False,False,False,False,False,False,False,False,False,False,Scarborough Health Network - Birchmount,2120.18930345017
Major Arterial,Scarborough,Traffic Signal,Rain,Dark,Wet,Non-Fatal Injury,Pedestrian Collisions,True,False,True,False,False,False,False,False,False,True,False,False,False,Wexford/Maryvale,2009,1.2246467991473532e-16,-1.0,-0.7818314824680299,0.6234898018587334,-0.25881904510252157,0.9659258262890681,0,0,0,0,0,0,0,0,2,0,0,0,0,0,0,0,0,0,0,0,1,3,False,False,False,False,False,False,False,False,False,False,False,False,False,True,False,False,False,False,True,False,False,False,False,False,False,False,False,False,Scarborough Health Network - Scarborough General,4861.911718679243
Collector,Etobicoke York,No Control,Clear,Daylight,Dry,Non-Fatal Injury,Cyclist Collisions,False,True,True,False,False,False,False,False,False,False,False,False,False,Willowridge-Martingrove-Richview,2009,1.2246467991473532e-16,-1.0,0.7818314824680298,0.6234898018587336,1.2246467991473532e-16,-1.0,0,0,0,0,0,0,1,1,0,0,0,0,0,0,0,0,0,0,0,0,0,2,False,True,False,False,True,False,False,False,False,False,False,False,False,False,False,False,True,False,False,False,False,False,False,False,False,False,False,False,Humber River Health - Wilson,9001.643756179954
Minor Arterial,Toronto and East York,Traffic Signal,Clear,Daylight,Dry,Non-Fatal Injury,Angle,False,False,True,False,False,False,False,False,False,True,True,False,False,Wellington Place,2009,1.2246467991473532e-16,-1.0,0.43388373911755823,-0.900968867902419,0.9659258262890683,-0.25881904510252063,0,0,0,0,0,0,1,1,0,0,0,0,0,0,0,0,0,0,0,0,2,4,False,True,False,False,False,False,False,False,False,False,False,False,False,False,False,True,True,False,False,False,False,False,False,False,False,False,False,False,University Health Network - Toronto General,1735.72175707086
Major Arterial,Toronto and East York,Traffic Signal,Clear,Daylight,Dry,Non-Fatal Injury,Pedestrian Collisions,True,False,True,False,False,False,False,False,False,False,False,False,False,The Beaches,2009,1.2246467991473532e-16,-1.0,-0.433883739117558,-0.9009688679024191,0.8660254037844387,-0.4999999999999998,0,0,0,0,0,0,0,1,1,0,0,0,0,0,0,0,0,0,0,0,1,3,False,True,False,False,False,False,False,False,False,False,False,False,False,False,False,False,True,False,False,False,False,False,False,False,False,False,False,False,Michael Garron Hospital,3439.197608734248