ROAD_CLASS,DISTRICT,TRAFFCTL,VISIBILITY,LIGHT,RDSFCOND,ACCLASS,IMPACTYPE,PEDESTRIAN,CYCLIST,AUTOMOBILE,MOTORCYCLE,TRUCK,TRSN_CITY_VEH,EMERG_VEH,PASSENGER,SPEEDING,AG_DRIV,REDLIGHT,ALCOHOL,DISABILITY,NEIGHBOURHOOD_158,YEAR,MONTH_sin,MONTH_cos,DOW_sin,DOW_cos,HOUR_sin,HOUR_cos,INVAGE_00to04,INVAGE_05to09,INVAGE_10to14,INVAGE_15to19,INVAGE_20to24,INVAGE_25to29,INVAGE_30to34,INVAGE_35to39,INVAGE_40to44,INVAGE_45to49,INVAGE_50to54,INVAGE_55to59,INVAGE_60to64,INVAGE_65to69,INVAGE_70to74,INVAGE_75to79,INVAGE_80to84,INVAGE_85to89,INVAGE_90to94,INVAGE_Over95,INVAGE_unknown,NUMPERSONS,MANOEUVER_ChangingLanes,MANOEUVER_GoingAhead,MANOEUVER_MakingUTurn,MANOEUVER_Merging,MANOEUVER_Other,MANOEUVER_Overtaking,MANOEUVER_Parked,MANOEUVER_PullingAwayfromShoulderorCurb,MANOEUVER_PullingOntoShoulderortowardCurb,MANOEUVER_Reversing,MANOEUVER_SlowingorStopping,MANOEUVER_Stopped,MANOEUVER_TurningLeft,MANOEUVER_TurningRight,MANOEUVER_Unknown,DRIVACT_DisobeyedTrafficControl,DRIVACT_DrivingProperly,DRIVACT_ExceedingSpeedLimit,DRIVACT_FailedtoYieldRightofWay,DRIVACT_FollowingtooClose,DRIVACT_ImproperLaneChange,DRIVACT_ImproperPassing,DRIVACT_ImproperTurn,DRIVACT_Lostcontrol,DRIVACT_Other,DRIVACT_SpeedtooFastForCondition,DRIVACT_SpeedtooSlow,DRIVACT_WrongWayonOneWayRoad,NEAREST_HOSPITAL,DIST_TO_HOS
Major Arterial,Etobicoke York,No Control,Clear,"Dark, artificial",Dry,Non-Fatal Injury,Pedestrian Collisions,True,False,True,False,False,False,False,False,False,False,False,False,False,New Toronto,2010,0.8660254037844387,-0.4999999999999998,0.7818314824680298,0.6234898018587336,-0.7071067811865477,0.7071067811865474,0,0,0,0,0,0,1,0,0,2,0,0,0,0,0,0,0,0,0,0,1,4,False,False,True,False,False,False,False,False,False,False,False,False,False,False,False,False,False,False,False,False,False,False,True,False,False,False,False,False,Unity Health Toronto - St. Joseph's,8360.4530228785
Major Arterial,North York,No Control,Clear,Daylight,Dry,Non-Fatal Injury,Pedestrian Collisions,True,False,True,False,False,False,False,False,False,True,False,False,False,Downsview,2010,0.8660254037844387,-0.4999999999999998,0.9749279121818236,-0.22252093395631434,-0.8660254037844385,-0.5000000000000004,0,0,0,0,1,0,0,2,0,0,0,1,0,0,0,0,0,0,0,0,1,5,False,True,False,False,False,False,False,False,False,False,False,True,True,False,False,False,True,False,True,False,False,False,False,False,False,False,False,False,Humber River Health - Wilson,1286.6103438213468
Local,North York,Other,Clear,Daylight,Dry,Non-Fatal Injury,Turning Movement,False,False,True,False,False,False,False,False,False,True,False,False,False,Leaside-Bennington,2010,0.8660254037844387,-0.4999999999999998,0.9749279121818236,-0.22252093395631434,-1.0,-1.8369701987210297e-16,0,0,0,1,0,0,1,0,0,0,0,0,0,0,0,0,0,0,0,0,0,2,False,True,False,False,False,False,False,False,False,False,False,False,True,False,False,False,True,False,True,False,False,False,False,False,False,False,False,False,Sunnybrook Health Sciences Centre - Bayview Campus,3735.61803007219
Major Arterial,North York,No Control,Clear,Daylight,Dry,Non-Fatal Injury,Turning Movement,False,True,True,False,False,False,False,False,False,True,False,False,False,South Eglinton-Davisville,2010,0.8660254037844387,-0.4999999999999998,0.43388373911755823,-0.900968867902419,0.7071067811865476,-0.7071067811865475,0,0,0,0,1,0,0,0,0,1,0,0,0,0,0,0,0,0,0,0,1,3,False,True,False,False,False,False,False,False,False,False,False,False,True,False,False,False,True,False,False,False,False,False,True,False,False,False,False,False,Sunnybrook Health Sciences Centre - Bayview Campus,2743.3498297198676
Collector,Scarborough,No Control,Clear,Dark,Dry,Non-Fatal Injury,SMV Other,False,False,False,True,False,False,False,False,False,False,False,False,False,Morningside Heights,2010,0.8660254037844387,-0.4999999999999998,0.43388373911755823,-0.900968867902419,-0.7071067811865477,0.7071067811865474,0,0,0,0,1,0,0,0,0,0,0,0,0,0,0,0,0,0,0,0,1,2,False,True,False,False,False,False,False,False,False,False,False,False,False,False,False,False,False,False,False,False,False,False,False,True,False,False,False,False,Scarborough Health Network - Centenary,6607.928943037405
Major Arterial,Toronto and East York,No Control,Clear,Daylight,Dry,Non-Fatal Injury,Pedestrian Collisions,True,False,False,False,False,True,False,False,False,False,False,False,False,West Queen West,2010,0.8660254037844387,-0.4999999999999998,-0.433883739117558,-0.9009688679024191,1.0,6.123233995736766e-17,0,0,0,0,0,0,1,0,0,1,0,0,0,0,0,0,0,0,0,0,1,3,False,True,False,False,False,False,False,False,False,False,False,False,False,False,False,False,True,False,False,False,False,False,False,False,False,False,False,False,University Health Network - Toronto Western,1689.81389702647
Local,North York,No Control,Clear,Dark,Dry,Non-Fatal Injury,Pedestrian Collisions,True,False,True,False,False,False,False,False,False,True,False,False,False,Lawrence Park North,2010,0.8660254037844387,-0.4999999999999998,-0.7818314824680299,0.6234898018587334,0.7071067811865476,0.7071067811865476,0,0,0,0,1,0,1,0,0,0,0,0,0,0,0,0,0,0,0,0,1,3,False,True,False,False,False,False,False,False,False,False,False,False,False,False,False,False,False,False,False,True,False,False,False,False,False,False,False,False,Sunnybrook Health Sciences Centre - Bayview Campus,2775.6958699326497
Major Arterial,Toronto and East York,Traffic Signal,Clear,Dark,Dry,Non-Fatal Injury,SMV Other,False,False,True,False,False,False,False,True,False,False,False,False,False,Fort York-Liberty Village,2010,0.8660254037844387,-0.4999999999999998,0.0,1.0,-0.25881904510252157,0.9659258262890681,0,0,0,0,0,2,0,0,0,0,0,0,0,0,0,0,0,0,0,0,1,3,False,True,False,False,False,False,False,False,False,False,False,False,False,False,False,False,False,False,False,False,False,False,False,True,False,False,False,False,University Health Network - Toronto Western,2637.9043970403727
Major Arterial,North York,Traffic Signal,Clear,Daylight,Dry,Non-Fatal Injury,Turning Movement,False,False,True,False,False,False,False,True,False,False,False,False,False,Humewood-Cedarvale,2010,0.8660254037844387,-0.4999999999999998,0.7818314824680298,0.6234898018587336,0.49999999999999994,-0.8660254037844387,0,1,2,0,0,0,0,1,3,0,0,0,0,0,0,0,0,0,0,0,2,9,False,True,False,False,False,False,False,False,False,False,False,False,True,False,False,False,True,False,False,False,False,False,True,False,False,False,False,False,Sunnybrook Health Sciences Centre - Bayview Campus,6065.323629716877
Minor Arterial,Scarborough,No Control,Clear,Daylight,Dry,Fatal,Approaching,False,False,True,True,False,False,False,False,False,False,False,False,False,Morningside,2010,0.8660254037844387,-0.4999999999999998,0.7818314824680298,0.6234898018587336,0.49999999999999994,-0.8660254037844387,0,0,0,0,0,0,0,0,1,0,1,0,0,0,0,0,0,0,0,0,0,2,False,True,False,False,False,False,False,False,False,False,False,False,False,False,False,False,True,False,False,False,False,False,False,True,False,False,False,False,Scarborough Health Network - Centenary,1651.3970569556113
Collector,Toronto and East York,No Control,Clear,Daylight,Dry,Non-Fatal Injury,Pedestrian Collisions,True,False,True,False,False,False,False,False,False,True,False,False,False,Roncesvalles,2010,0.8660254037844387,-0.4999999999999998,0.7818314824680298,0.6234898018587336,0.258819045102521,-0.9659258262890682,0,0,0,0,0,0,0,1,1,0,0,0,0,0,0,0,0,0,0,0,0,2,False,False,False,False,False,False,False,False,False,False,False,False,True,False,False,False,False,False,True,False,False,False,False,False,False,False,False,False,Unity Health Toronto - St. Joseph's,1775.980777112767
Minor Arterial,Scarborough,No Control,Clear,Daylight,Dry,Non-Fatal Injury,Cyclist Collisions,False,True,False,False,False,False,False,False,False,False,False,False,False,West Rouge,2010,0.8660254037844387,-0.4999999999999998,0.43388373911755823,-0.900968867902419,-0.8660254037844385,-0.5000000000000004,0,0,0,0,0,0,0,1,0,0,0,0,0,0,0,0,0,0,0,0,1,2,False,True,False,False,False,False,True,False,False,False,False,False,False,False,False,False,False,False,False,False,False,False,False,False,False,False,False,False,Scarborough Health Network - Centenary,6734.082243031939
Minor Arterial,Toronto and East York,No Control,Clear,Daylight,Dry,Non-Fatal Injury,Turning Movement,False,False,True,False,False,True,False,True,False,False,False,False,False,Harbourfront-CityPlace,2010,0.8660254037844387,-0.4999999999999998,-0.433883739117558,-0.9009688679024191,-0.7071067811865471,-0.7071067811865479,0,0,0,0,0,0,0,0,1,2,0,0,0,0,0,0,0,0,0,0,1,4,False,True,False,False,False,False,False,False,False,False,False,False,True,False,False,False,True,False,False,False,False,False,True,False,False,False,False,False,Unity Health Toronto - St. Michael's,2117.530152818421
Minor Arterial,Toronto and East York,Traffic Signal,Clear,Daylight,Dry,Non-Fatal Injury,Pedestrian Collisions,True,False,True,False,False,False,False,False,False,True,False,False,False,Caledonia-Fairbank,2010,0.8660254037844387,-0.4999999999999998,-0.7818314824680299,0.6234898018587334,-0.4999999999999997,-0.8660254037844388,0,0,0,1,0,0,0,0,0,0,1,0,0,0,0,0,0,0,0,0,0,2,False,False,False,False,False,False,False,False,False,False,False,False,True,False,False,False,False,False,True,False,False,False,False,False,False,False,False,False,Humber River Health - Wilson,6419.1741754612885
Major Arterial,Etobicoke York,Traffic Signal,Clear,Daylight,Dry,Non-Fatal Injury,Rear End,False,False,True,False,False,False,False,False,False,False,False,False,False,Stonegate-Queensway,2010,0.8660254037844387,-0.4999999999999998,0.0,1.0,-0.8660254037844385,-0.5000000000000004,0,0,0,0,0,0,0,1,2,0,0,0,0,0,0,0,0,0,0,0,3,6,False,True,False,False,False,False,False,False,False,False,False,False,False,False,False,False,True,False,False,False,False,False,False,True,False,False,False,False,Unity Health Toronto - St. Joseph's,5774.223510105745
Major Arterial,Etobicoke York,Traffic Signal,Rain,Dark,Wet,Non-Fatal Injury,Angle,False,False,True,False,False,False,False,False,False,True,True,False,False,West Humber-Clairville,2010,0.49999999999999994,-0.8660254037844387,0.7818314824680298,0.6234898018587336,0.49999999999999994,0.8660254037844387,0,0,0,0,1,0,0,0,0,0,0,0,1,0,0,0,0,0,0,0,1,3,False,True,False,False,False,False,False,False,False,False,False,False,False,False,False,True,True,False,False,False,False,False,False,False,False,False,False,False,William Osler Health System - Etobicoke,6778.247338277521
Major Arterial,Scarborough,No Control,Clear,Daylight,Dry,Non-Fatal Injury,Rear End,False,False,True,False,False,False,False,True,True,True,False,False,False,Tam O'Shanter-Sullivan,2010,0.49999999999999994,-0.8660254037844387,0.7818314824680298,0.6234898018587336,-0.2588190451025208,-0.9659258262890683,0,0,0,0,1,0,0,0,0,1,1,1,0,0,0,1,0,0,0,0,0,5,False,True,False,False,False,False,False,False,False,False,False,True,False,False,False,False,True,False,False,False,False,False,False,False,False,True,False,False,Scarborough Health Network - Birchmount,3433.7970965489512
Major Arterial,North York,Traffic Signal,Clear,Daylight,Dry,Non-Fatal Injury,Pedestrian Collisions,True,False,True,False,False,False,False,False,False,True,False,False,False,Lawrence Park South,2010,0.49999999999999994,-0.8660254037844387,0.7818314824680298,0.6234898018587336,-1.0,-1.8369701987210297e-16,0,0,0,1,0,0,0,1,1,0,0,0,0,0,0,0,0,0,0,0,2,5,False,True,False,False,False,False,False,False,False,False,False,False,False,True,False,False,True,False,False,True,False,False,False,False,False,False,False,False,Sunnybrook Health Sciences Centre - Bayview Campus,3714.747529725777
Major Arterial,Scarborough,Traffic Signal,Clear,Daylight,Dry,Non-Fatal Injury,Angle,False,False,True,False,False,False,False,False,False,True,False,False,False,Milliken,2010,0.49999999999999994,-0.8660254037844387,0.9749279121818236,-0.22252093395631434,0.258819045102521,-0.9659258262890682,0,0,0,0,0,0,0,1,1,0,0,0,0,0,0,0,0,0,0,0,1,3,False,True,False,False,False,False,False,False,False,False,False,False,False,False,False,False,True,False,True,False,False,False,False,False,False,False,False,False,Oak Valley Health - Markham,6732.4511540995445
Major Arterial,North York,Stop Sign,Rain,Dark,Wet,Non-Fatal Injury,Pedestrian Collisions,True,False,True,False,False,False,False,False,False,True,False,False,False,York University Heights,2010,0.49999999999999994,-0.8660254037844387,0.9749279121818236,-0.22252093395631434,-0.7071067811865477,0.7071067811865474,0,0,0,1,0,0,0,0,0,0,0,0,0,0,0,0,0,0,0,0,1,2,False,False,False,False,False,False,False,False,False,False,False,False,False,True,False,False,False,False,True,False,False,False,False,False,False,False,False,False,Humber River Health - Wilson,4750.63004382432
Major Arterial,Toronto and East York,Traffic Signal,Rain,Dark,Wet,Non-Fatal Injury,Pedestrian Collisions,True,False,True,False,False,False,False,False,False,False,False,False,False,Yonge-Bay Corridor,2010,0.49999999999999994,-0.8660254037844387,0.9749279121818236,-0.22252093395631434,-0.5000000000000004,0.8660254037844384,0,0,0,0,0,0,2,0,0,0,0,0,0,0,0,0,0,0,0,0,0,2,False,True,False,False,False,False,False,False,False,False,False,False,False,False,False,False,True,False,False,False,False,False,False,False,False,False,False,False,University Health Network - Toronto General,420.8229570775293
Major Arterial,Toronto and East York,Traffic Signal,Rain,Dark,Wet,Fatal,Pedestrian Collisions,True,False,True,False,False,False,False,False,False,False,False,False,False,Corso Italia-Davenport,2010,0.49999999999999994,-0.8660254037844387,0.43388373911755823,-0.900968867902419,0.25881904510252074,0.9659258262890683,0,0,0,0,0,0,0,0,0,1,1,0,0,0,0,0,0,0,0,0,0,2,False,True,False,False,False,False,False,False,False,False,False,False,False,False,False,False,True,False,False,False,False,False,False,False,False,False,False,False,Unity Health Toronto - St. Joseph's,4801.030877114274
Local,Toronto and East York,No Control,Clear,Daylight,Dry,Non-Fatal Injury,Cyclist Collisions,False,True,True,False,False,False,False,False,False,False,False,False,False,Danforth,2010,0.49999999999999994,-0.8660254037844387,0.43388373911755823,-0.900968867902419,-0.2588190451025208,-0.9659258262890683,0,0,0,0,1,0,0,1,0,0,0,0,0,0,0,0,0,0,0,0,0,2,False,True,False,False,False,False,True,False,False,False,False,False,False,False,False,False,False,False,False,False,False,False,False,False,True,False,False,False,Michael Garron Hospital,821.9552422522102
Major Arterial,Toronto and East York,Traffic Signal,Clear,Dark,Dry,Non-Fatal Injury,Rear End,False,True,True,False,False,False,False,False,False,False,False,False,False,South Parkdale,2010,0.49999999999999994,-0.8660254037844387,-0.433883739117558,-0.9009688679024191,0.7071067811865476,0.7071067811865476,0,0,0,0,0,0,1,1,0,0,0,0,0,0,0,0,0,0,0,0,0,2,False,True,False,False,False,False,False,False,False,False,False,False,False,False,False,False,False,False,False,False,False,False,False,False,True,False,False,False,Unity Health Toronto - St. Joseph's,2240.568377123098
Major Arterial,North York,No Control,Rain,Dark,Wet,Non-Fatal Injury,SMV Other,False,False,True,False,False,False,False,False,True,True,False,False,False,Leaside-Bennington,2010,0.49999999999999994,-0.8660254037844387,-0.9749279121818236,-0.2225209339563146,0.7071067811865476,0.7071067811865476,0,0,0,0,0,0,1,0,0,0,0,0,0,0,0,0,0,0,0,0,1,2,False,True,False,False,False,False,False,False,False,False,False,False,False,False,False,False,False,False,False,False,False,False,False,False,False,True,False,False,Michael Garron Hospital,2979.334791264613
Major Arterial,North York,No Control,"Fog, Mist, Smoke, Dust",Dark,Dry,Non-Fatal Injury,Pedestrian Collisions,True,False,True,False,False,False,False,False,False,True,False,False,False,Oakwood Village,2010,0.49999999999999994,-0.8660254037844387,-0.9749279121818236,-0.2225209339563146,0.8660254037844386,0.5000000000000001,0,0,0,0,1,0,0,1,0,0,0,0,0,0,0,0,0,0,0,0,1,3,False,True,False,False,False,False,False,False,False,False,False,False,False,False,False,False,False,False,False,False,False,False,False,False,True,False,False,False,Unity Health Toronto - St. Joseph's,6461.439977115369
Major Arterial,Toronto and East York,No Control,Rain,Dark,Wet,Non-Fatal Injury,SMV Other,False,False,True,False,False,False,False,True,False,False,False,False,False,South Parkdale,2010,0.49999999999999994,-0.8660254037844387,-0.7818314824680299,0.6234898018587334,0.25881904510252074,0.9659258262890683,0,0,0,2,0,0,0,0,1,0,0,0,0,0,0,0,0,0,0,0,1,4,False,True,False,False,False,False,False,False,False,False,False,False,False,False,False,False,False,False,False,False,False,False,False,True,False,False,False,False,Unity Health Toronto - St. Joseph's,733.1296228817664
Major Arterial,Toronto and East York,Traffic Signal,Rain,Dark,Wet,Non-Fatal Injury,Pedestrian Collisions,True,False,True,False,False,False,False,False,False,True,False,False,False,High Park North,2010,0.49999999999999994,-0.8660254037844387,-0.7818314824680299,0.6234898018587334,0.7071067811865476,0.7071067811865476,0,0,0,0,0,1,0,0,0,0,0,0,0,0,0,0,0,0,0,0,1,2,False,False,False,False,False,False,False,False,False,False,False,False,True,False,False,False,False,False,True,False,False,False,False,False,False,False,False,False,Unity Health Toronto - St. Joseph's,2129.103610109072
Major Arterial,Toronto and East York,No Control,Rain,Daylight,Wet,Fatal,Pedestrian Collisions,True,False,False,False,False,True,False,False,False,False,False,False,False,Yonge-Bay Corridor,2010,0.49999999999999994,-0.8660254037844387,-0.7818314824680299,0.6234898018587334,0.8660254037844387,-0.4999999999999998,0,0,0,0,0,0,1,0,1,0,0,0,0,0,0,0,0,0,0,0,1,3,False,True,False,False,False,False,False,False,False,False,False,False,False,False,False,False,True,False,False,False,False,False,False,False,False,False,False,False,University Health Network - Toronto General,331.0955570813967
Major Arterial,Toronto and East York,No Control,Clear,Daylight,Dry,Non-Fatal Injury,Cyclist Collisions,False,True,True,False,False,False,False,False,False,True,False,False,False,Regent Park,2010,0.49999999999999994,-0.8660254037844387,0.7818314824680298,0.6234898018587336,0.7071067811865476,-0.7071067811865475,0,0,0,0,0,0,0,1,1,0,0,0,0,0,0,0,0,0,0,0,0,2,False,True,False,False,False,True,False,False,False,False,False,False,False,False,False,False,False,False,False,False,False,True,False,False,False,False,False,False,Unity Health Toronto - St. Michael's,1876.72774718015
Major Arterial,Scarborough,Traffic Signal,Clear,Daylight,Dry,Non-Fatal Injury,Pedestrian Collisions,True,False,True,False,False,False,False,False,False,False,False,False,False,Malvern East,2010,0.49999999999999994,-0.8660254037844387,0.43388373911755823,-0.900968867902419,-0.8660254037844385,-0.5000000000000004,0,0,0,0,0,0,2,0,0,0,0,0,0,0,0,0,0,0,0,0,1,3,False,True,False,False,False,False,False,False,False,False,False,False,False,False,False,False,True,False,False,False,False,False,False,False,False,False,False,False,Scarborough Health Network - Centenary,2559.324543031282
Major Arterial,Toronto and East York,No Control,Clear,Daylight,Dry,Non-Fatal Injury,Turning Movement,False,False,True,True,False,False,False,False,False,False,False,False,False,Wellington Place,2010,0.49999999999999994,-0.8660254037844387,0.43388373911755823,-0.900968867902419,-0.9659258262890683,-0.25881904510252063,0,0,0,0,1,1,0,0,0,0,0,0,0,0,0,0,0,0,0,0,0,2,False,True,True,False,False,False,False,False,False,False,False,False,False,False,False,False,True,False,False,False,False,False,True,False,False,False,False,False,University Health Network - Toronto Western,1253.0121653825045
Major Arterial,Etobicoke York,No Control,Clear,Dark,Dry,Non-Fatal Injury,Pedestrian Collisions,True,False,True,False,False,False,False,False,False,True,False,False,False,Rockcliffe-Smythe,2010,0.49999999999999994,-0.8660254037844387,-0.433883739117558,-0.9009688679024191,0.49999999999999994,0.8660254037844387,0,0,0,0,1,0,0,0,0,0,0,1,0,0,0,0,0,0,0,0,0,2,False,True,False,False,False,False,False,False,False,False,False,False,False,False,False,True,False,False,False,False,False,False,False,False,False,False,False,False,Humber River Health - Wilson,5669.3633754628245
Major Arterial,Etobicoke York,Traffic Signal,Clear,Daylight,Dry,Fatal,Angle,False,False,True,False,False,False,False,False,False,True,True,False,False,Kingsview Village-The Westway,2010,0.49999999999999994,-0.8660254037844387,-0.9749279121818236,-0.2225209339563146,0.7071067811865476,-0.7071067811865475,0,0,0,0,1,1,0,0,1,0,0,0,0,0,0,0,0,0,0,0,1,4,False,True,False,False,False,False,False,False,False,False,False,True,False,False,False,True,True,False,False,False,False,False,False,False,False,False,False,False,Humber River Health - Wilson,8244.938556187786
Major Arterial,Scarborough,No Control,Clear,Dark,Dry,Non-Fatal Injury,Turning Movement,False,False,True,False,False,False,False,False,False,False,False,False,False,Wexford/Maryvale,2010,0.49999999999999994,-0.8660254037844387,-0.7818314824680299,0.6234898018587334,-0.5000000000000004,0.8660254037844384,0,0,0,0,0,1,0,0,0,0,0,1,0,0,0,0,0,0,0,0,0,2,False,True,False,False,False,False,False,False,False,False,False,False,True,False,False,False,True,False,False,False,False,False,True,False,False,False,False,False,Scarborough Health Network - Birchmount,4752.842396963737
Major Arterial,Scarborough,Traffic Signal,Clear,Daylight,Dry,Non-Fatal Injury,Angle,False,False,True,False,False,False,False,False,False,True,True,False,False,Golfdale-Cedarbrae-Woburn,2010,0.49999999999999994,-0.8660254037844387,0.0,1.0,1.2246467991473532e-16,-1.0,0,0,0,0,0,0,0,0,1,0,0,0,0,0,1,0,0,0,0,0,1,3,False,True,False,False,False,False,False,False,False,False,False,False,False,False,False,True,True,False,False,False,False,False,False,False,False,False,False,False,Scarborough Health Network - Centenary,2986.203356965445
Major Arterial,Toronto and East York,Traffic Signal,Clear,Daylight,Dry,Non-Fatal Injury,Cyclist Collisions,False,True,True,False,False,False,False,False,False,True,True,True,False,Dovercourt Village,2010,0.49999999999999994,-0.8660254037844387,0.7818314824680298,0.6234898018587336,-0.9659258262890684,0.2588190451025203,0,0,0,0,0,1,0,0,0,1,0,0,0,0,0,0,0,0,0,0,0,2,False,True,False,False,False,False,False,False,False,False,False,False,False,False,False,True,False,False,False,False,False,False,False,False,False,False,False,False,University Health Network - Toronto Western,3930.5792346107773
Collector,North York,No Control,Clear,Daylight,Dry,Non-Fatal Injury,Pedestrian Collisions,True,False,True,False,False,False,False,False,False,False,False,False,False,Forest Hill North,2010,0.49999999999999994,-0.8660254037844387,0.9749279121818236,-0.22252093395631434,-0.9659258262890683,-0.25881904510252063,0,0,0,0,0,0,0,1,0,0,0,0,1,0,0,0,0,0,0,0,1,3,False,True,False,False,False,False,False,False,False,False,False,False,False,False,False,False,True,False,False,False,False,False,False,False,False,False,False,False,Humber River Health - Wilson,6670.850375464535
Collector,Scarborough,No Control,Clear,Dark,Dry,Non-Fatal Injury,Turning Movement,False,False,False,True,True,False,False,False,False,True,False,False,False,Dorset Park,2010,0.49999999999999994,-0.8660254037844387,0.43388373911755823,-0.900968867902419,-0.9659258262890684,0.2588190451025203,0,0,0,0,0,1,0,1,0,0,0,0,0,0,0,0,0,0,0,0,2,4,False,True,False,False,False,False,False,False,False,False,False,False,False,True,False,False,True,False,False,False,False,True,False,False,False,False,False,False,Scarborough Health Network - Scarborough General,2628.0824186777463
Local,Etobicoke York,No Control,Clear,Daylight,Dry,Non-Fatal Injury,Pedestrian Collisions,True,False,False,False,False,False,False,False,False,False,False,False,False,Mount Olive-Silverstone-Jamestown,2010,0.49999999999999994,-0.8660254037844387,-0.433883739117558,-0.9009688679024191,-0.9659258262890683,-0.25881904510252063,0,0,0,0,0,0,1,0,0,0,0,0,0,0,0,0,0,0,0,0,1,2,False,False,False,False,False,False,True,False,False,False,False,False,False,False,False,False,False,False,False,False,False,False,False,False,False,False,False,False,William Osler Health System - Etobicoke,2937.7427840932505
Major Arterial,Toronto and East York,No Control,Clear,Daylight,Dry,Non-Fatal Injury,Cyclist Collisions,False,True,True,False,False,False,False,False,False,False,False,False,False,Bay-Cloverhill,2010,0.49999999999999994,-0.8660254037844387,-0.9749279121818236,-0.2225209339563146,-0.8660254037844385,-0.5000000000000004,0,0,0,0,0,0,1,0,0,0,1,0,0,0,0,0,0,0,0,0,0,2,False,True,False,False,False,False,False,False,False,False,False,True,False,False,False,False,False,False,False,False,False,False,False,False,True,False,False,False,University Health Network - Toronto General,346.68414292950183
Major Arterial,Toronto and East York,Traffic Signal,Clear,Daylight,Dry,Non-Fatal Injury,Cyclist Collisions,False,True,True,False,False,False,False,False,False,False,False,False,False,Wellington Place,2010,0.49999999999999994,-0.8660254037844387,-0.9749279121818236,-0.2225209339563146,-1.0,-1.8369701987210297e-16,0,0,0,0,1,0,0,0,0,0,0,0,0,0,0,0,0,0,0,0,1,2,False,True,False,False,False,False,False,False,False,False,False,False,True,False,False,False,False,False,False,False,False,False,True,False,False,False,False,False,University Health Network - Toronto General,1909.7203570770798
Major Arterial,Scarborough,Stop Sign,Clear,Daylight,Dry,Non-Fatal Injury,Turning Movement,False,False,True,True,False,False,False,False,False,True,False,True,False,Clairlea-Birchmount,2010,0.49999999999999994,-0.8660254037844387,-0.9749279121818236,-0.2225209339563146,-0.8660254037844386,0.5000000000000001,0,0,0,0,0,1,1,0,0,0,0,0,0,0,0,0,0,0,0,0,0,2,False,True,False,False,False,False,False,False,False,False,False,False,True,False,False,False,True,False,True,False,False,False,False,False,False,False,False,False,Michael Garron Hospital,6705.696557749761
Major Arterial,Toronto and East York,No Control,Clear,Daylight,Dry,Non-Fatal Injury,Cyclist Collisions,False,True,False,False,False,True,False,False,False,False,False,False,False,Corso Italia-Davenport,2010,0.49999999999999994,-0.8660254037844387,0.7818314824680298,0.6234898018587336,-1.0,-1.8369701987210297e-16,0,0,0,0,0,0,1,0,0,1,0,0,0,0,0,0,0,0,0,0,1,3,False,True,False,False,False,False,False,False,False,False,False,False,False,False,False,False,True,False,False,False,False,False,False,False,False,False,False,False,Unity Health Toronto - St. Joseph's,4174.851377121406
Collector,Etobicoke York,No Control,Clear,Dark,Dry,Non-Fatal Injury,Turning Movement,False,False,True,False,False,False,False,True,False,True,False,False,False,Humber Summit,2010,0.49999999999999994,-0.8660254037844387,0.7818314824680298,0.6234898018587336,-0.7071067811865477,0.7071067811865474,0,0,0,0,3,0,0,0,0,1,0,0,0,0,0,0,0,0,0,0,0,4,False,True,False,False,False,False,False,False,False,False,False,False,False,True,False,False,True,False,True,False,False,False,False,False,False,False,False,False,William Osler Health System - Etobicoke,6336.195484088152
Major Arterial,North York,Traffic Signal,Clear,Daylight,Dry,Non-Fatal Injury,Rear End,False,False,True,False,False,False,False,True,False,True,False,False,False,Caledonia-Fairbank,2010,0.49999999999999994,-0.8660254037844387,0.43388373911755823,-0.900968867902419,-0.8660254037844385,-0.5000000000000004,0,0,0,1,1,2,0,0,0,0,0,0,0,0,0,0,0,0,0,0,0,4,False,True,False,False,False,False,False,False,False,False,True,False,False,False,False,False,True,False,False,True,False,False,False,False,False,False,False,False,Unity Health Toronto - St. Joseph's,6401.352710102103
Major Arterial,Etobicoke York,Traffic Signal,Clear,Dark,Dry,Non-Fatal Injury,Turning Movement,False,False,True,False,False,False,False,True,False,False,False,False,False,Weston,2010,0.49999999999999994,-0.8660254037844387,-0.433883739117558,-0.9009688679024191,0.0,1.0,0,0,0,0,0,1,0,0,0,0,0,0,1,1,0,0,0,0,0,0,1,4,False,True,False,False,False,False,False,False,False,False,False,False,True,False,False,False,True,False,False,False,False,False,True,False,False,False,False,False,Humber River Health - Wilson,3956.256056178827
Major Arterial,North York,Stop Sign,Clear,Daylight,Dry,Non-Fatal Injury,Cyclist Collisions,False,True,True,False,False,False,False,False,False,True,False,False,False,Newtonbrook East,2010,0.49999999999999994,-0.8660254037844387,-0.433883739117558,-0.9009688679024191,-1.0,-1.8369701987210297e-16,0,0,0,0,0,0,0,0,0,0,1,0,0,0,0,0,0,0,0,0,1,2,False,True,False,False,False,False,False,False,False,False,False,False,False,False,False,True,False,False,False,False,False,False,False,False,False,False,False,False,North York General Hospital - General Site,7181.856855143793