ROAD_CLASS,DISTRICT,TRAFFCTL,VISIBILITY,LIGHT,RDSFCOND,ACCLASS,IMPACTYPE,PEDESTRIAN,CYCLIST,AUTOMOBILE,MOTORCYCLE,TRUCK,TRSN_CITY_VEH,EMERG_VEH,PASSENGER,SPEEDING,AG_DRIV,REDLIGHT,ALCOHOL,DISABILITY,NEIGHBOURHOOD_158,YEAR,MONTH_sin,MONTH_cos,DOW_sin,DOW_cos,HOUR_sin,HOUR_cos,INVAGE_00to04,INVAGE_05to09,INVAGE_10to14,INVAGE_15to19,INVAGE_20to24,INVAGE_25to29,INVAGE_30to34,INVAGE_35to39,INVAGE_40to44,INVAGE_45to49,INVAGE_50to54,INVAGE_55to59,INVAGE_60to64,INVAGE_65to69,INVAGE_70to74,INVAGE_75to79,INVAGE_80to84,INVAGE_85to89,INVAGE_90to94,INVAGE_Over95,INVAGE_unknown,NUMPERSONS,MANOEUVER_ChangingLanes,MANOEUVER_GoingAhead,MANOEUVER_MakingUTurn,MANOEUVER_Merging,MANOEUVER_Other,MANOEUVER_Overtaking,MANOEUVER_Parked,MANOEUVER_PullingAwayfromShoulderorCurb,MANOEUVER_PullingOntoShoulderortowardCurb,MANOEUVER_Reversing,MANOEUVER_SlowingorStopping,MANOEUVER_Stopped,MANOEUVER_TurningLeft,MANOEUVER_TurningRight,MANOEUVER_Unknown,DRIVACT_DisobeyedTrafficControl,DRIVACT_DrivingProperly,DRIVACT_ExceedingSpeedLimit,DRIVACT_FailedtoYieldRightofWay,DRIVACT_FollowingtooClose,DRIVACT_ImproperLaneChange,DRIVACT_ImproperPassing,DRIVACT_ImproperTurn,DRIVACT_Lostcontrol,DRIVACT_Other,DRIVACT_SpeedtooFastForCondition,DRIVACT_SpeedtooSlow,DRIVACT_WrongWayonOneWayRoad,NEAREST_HOSPITAL,DIST_TO_HOS
Major Arterial,Etobicoke York,Traffic Signal,Snow,Daylight,Wet,Non-Fatal Injury,Turning Movement,False,False,True,False,False,False,False,True,False,False,False,False,False,Rustic,2010,-0.5000000000000004,0.8660254037844384,0.0,1.0,0.7071067811865476,-0.7071067811865475,0,1,0,0,0,0,1,0,0,1,0,0,0,0,0,0,0,0,0,0,1,4,False,True,False,False,False,False,False,False,False,False,False,False,True,False,False,False,True,False,False,False,False,False,True,False,False,False,False,False,Humber River Health - Wilson,3156.5758561737603
Minor Arterial,Toronto and East York,Traffic Signal,Clear,Daylight,Loose Snow,Non-Fatal Injury,Pedestrian Collisions,True,False,True,False,False,False,False,False,False,True,False,False,False,High Park North,2010,-0.5000000000000004,0.8660254037844384,0.0,1.0,-0.7071067811865471,-0.7071067811865479,0,0,0,0,0,0,0,1,0,0,0,0,0,0,0,0,1,0,0,0,0,2,False,False,False,False,False,False,False,False,False,False,False,False,True,False,False,False,False,False,True,False,False,False,False,False,False,False,False,False,Unity Health Toronto - St. Joseph's,4724.088310101535
Major Arterial,Toronto and East York,No Control,Snow,Dark,Dry,Non-Fatal Injury,Pedestrian Collisions,True,False,True,False,False,False,False,False,False,False,False,False,False,High Park-Swansea,2010,-0.5000000000000004,0.8660254037844384,0.0,1.0,-0.9659258262890684,0.2588190451025203,0,0,0,0,0,0,0,1,0,1,0,0,0,0,0,0,0,0,0,0,0,2,False,True,False,False,False,False,False,False,False,False,False,False,False,False,False,False,True,False,False,False,False,False,False,False,False,False,False,False,Unity Health Toronto - St. Joseph's,572.2291101069422
Major Arterial,Scarborough,Traffic Signal,Clear,Daylight,Dry,Non-Fatal Injury,Pedestrian Collisions,True,False,True,False,False,False,False,False,False,True,False,False,False,Steeles,2010,-0.5000000000000004,0.8660254037844384,0.9749279121818236,-0.22252093395631434,-0.7071067811865471,-0.7071067811865479,0,0,0,1,0,0,0,0,0,0,0,0,1,0,0,0,0,0,0,0,0,2,False,False,False,False,False,False,False,False,False,False,False,False,True,False,False,False,False,False,True,False,False,False,False,False,False,False,False,False,Scarborough Health Network - Birchmount,2157.1349034449086
Major Arterial,Etobicoke York,No Control,Clear,Dark,Dry,Non-Fatal Injury,SMV Other,False,False,True,False,False,False,False,False,False,False,False,False,True,Glenfield-Jane Heights,2010,-0.5000000000000004,0.8660254037844384,0.9749279121818236,-0.22252093395631434,-0.7071067811865477,0.7071067811865474,0,0,0,0,0,0,0,0,1,0,0,0,0,0,0,0,0,0,0,0,0,1,False,True,False,False,False,False,False,False,False,False,False,False,False,False,False,False,False,False,False,False,False,False,False,True,False,False,False,False,Humber River Health - Wilson,3349.2054245310137
Major Arterial,Etobicoke York,Traffic Signal,Clear,Dark,Dry,Non-Fatal Injury,Rear End,False,False,True,False,False,False,False,False,False,False,False,False,True,Glenfield-Jane Heights,2010,-0.5000000000000004,0.8660254037844384,0.9749279121818236,-0.22252093395631434,-0.7071067811865477,0.7071067811865474,0,0,0,0,0,0,1,0,1,0,0,0,0,0,0,0,0,0,0,0,0,2,False,True,False,False,False,False,False,False,False,False,False,True,False,False,False,False,True,False,False,False,False,False,False,True,False,False,False,False,Humber River Health - Wilson,3448.6112245291006
Major Arterial,Etobicoke York,Traffic Signal,Clear,Dark,Dry,Non-Fatal Injury,Pedestrian Collisions,True,False,True,False,False,False,False,False,False,True,False,False,False,Pelmo Park-Humberlea,2010,-0.5000000000000004,0.8660254037844384,0.43388373911755823,-0.900968867902419,0.9659258262890683,-0.25881904510252063,0,0,0,0,1,0,0,0,0,0,0,1,0,0,0,0,0,0,0,0,0,2,False,False,False,False,False,False,False,False,False,False,False,False,False,True,False,False,False,False,True,False,False,False,False,False,False,False,False,False,Humber River Health - Wilson,4554.545824534609
Collector,Scarborough,No Control,Snow,Dark,Slush,Non-Fatal Injury,SMV Other,False,False,True,False,False,False,False,False,True,True,False,False,False,Golfdale-Cedarbrae-Woburn,2010,-0.5000000000000004,0.8660254037844384,-0.433883739117558,-0.9009688679024191,-0.9659258262890683,-0.25881904510252063,0,0,0,0,0,0,1,0,0,0,0,0,0,0,0,0,0,0,0,0,0,1,False,True,False,False,False,False,False,False,False,False,False,False,False,False,False,False,False,False,False,False,False,False,False,True,False,False,False,False,Scarborough Health Network - Centenary,1731.5367569668451
Collector,Etobicoke York,No Control,Snow,Daylight,Other,Non-Fatal Injury,Pedestrian Collisions,True,False,True,False,False,False,False,False,False,False,False,False,False,Black Creek,2010,-0.5000000000000004,0.8660254037844384,-0.9749279121818236,-0.2225209339563146,0.49999999999999994,-0.8660254037844387,0,0,0,0,0,0,0,1,0,0,0,0,0,0,0,1,0,0,0,0,0,2,False,False,False,False,False,False,False,False,False,True,False,False,False,False,False,False,False,False,False,False,False,False,False,False,True,False,False,False,Humber River Health - Wilson,8256.89302453131
Major Arterial,Scarborough,Traffic Signal,Clear,Dark,Dry,Fatal,Pedestrian Collisions,True,False,False,False,False,True,False,False,False,False,False,False,False,Clairlea-Birchmount,2010,-0.5000000000000004,0.8660254037844384,-0.9749279121818236,-0.2225209339563146,-0.8660254037844386,0.5000000000000001,0,0,0,0,0,0,0,0,0,1,0,0,0,1,0,0,0,0,0,0,1,3,False,True,False,False,False,False,False,False,False,False,False,False,False,False,False,False,True,False,False,False,False,False,False,False,False,False,False,False,Scarborough Health Network - Scarborough General,5153.640656748554
Major Arterial,Etobicoke York,Traffic Signal,Clear,Dark,Dry,Non-Fatal Injury,Pedestrian Collisions,True,False,True,False,False,False,False,False,False,False,False,False,False,Humber Bay Shores,2010,-0.5000000000000004,0.8660254037844384,0.0,1.0,-0.9659258262890683,-0.25881904510252063,0,0,0,0,0,0,0,0,0,0,0,0,0,1,0,0,1,0,0,0,0,2,False,True,False,False,False,False,False,False,False,False,False,False,False,False,False,False,True,False,False,False,False,False,False,False,False,False,False,False,Unity Health Toronto - St. Joseph's,6333.382822891115
Major Arterial,Scarborough,No Control,Snow,Dark,Packed Snow,Fatal,SMV Other,False,False,True,False,False,False,False,True,False,False,False,False,False,Cliffcrest,2010,-0.5000000000000004,0.8660254037844384,0.7818314824680298,0.6234898018587336,0.49999999999999994,0.8660254037844387,0,0,0,1,1,0,0,0,0,0,0,0,0,0,0,0,0,0,0,0,1,3,False,True,False,False,False,False,False,False,False,False,False,False,False,False,False,False,False,False,False,False,False,False,False,True,False,False,False,False,Scarborough Health Network - Scarborough General,4749.092881325865
Minor Arterial,Toronto and East York,No Control,Clear,Daylight,Wet,Non-Fatal Injury,Pedestrian Collisions,True,False,True,False,False,False,False,False,False,False,False,False,False,High Park North,2010,-0.5000000000000004,0.8660254037844384,0.9749279121818236,-0.22252093395631434,-0.2588190451025208,-0.9659258262890683,0,0,0,0,0,0,0,0,0,0,0,0,0,0,0,1,0,1,0,0,0,2,False,True,False,False,False,False,False,False,False,False,False,False,False,False,False,False,True,False,False,False,False,False,False,False,False,False,False,False,Unity Health Toronto - St. Joseph's,2467.330710099777
Minor Arterial,Etobicoke York,Stop Sign,Clear,Daylight,Dry,Non-Fatal Injury,Turning Movement,False,False,True,False,False,False,False,False,False,True,False,False,False,Mimico-Queensway,2010,-0.5000000000000004,0.8660254037844384,0.9749279121818236,-0.22252093395631434,-0.8660254037844385,-0.5000000000000004,0,0,0,0,1,0,0,0,0,0,1,0,0,0,0,0,0,0,0,0,1,3,False,True,False,False,False,False,False,False,False,False,False,False,True,False,False,False,True,False,True,False,False,False,False,False,False,False,False,False,Unity Health Toronto - St. Joseph's,8248.874822877115
Collector,Scarborough,Pedestrian Crossover,Snow,Dark,Wet,Non-Fatal Injury,SMV Other,False,False,True,False,False,False,False,False,True,True,False,True,False,East L'Amoreaux,2010,-0.5000000000000004,0.8660254037844384,0.9749279121818236,-0.22252093395631434,-0.7071067811865477,0.7071067811865474,0,0,0,0,0,0,0,0,1,0,0,0,0,0,0,0,0,0,0,0,1,2,False,True,False,False,False,False,False,False,False,False,False,False,False,False,False,False,False,False,False,False,False,False,False,False,False,True,False,False,Scarborough Health Network - Birchmount,1212.7676969608292
Major Arterial,Scarborough,No Control,Clear,Dark,Dry,Fatal,Approaching,False,False,True,False,False,False,False,False,False,False,False,False,False,Bendale-Glen Andrew,2010,-0.5000000000000004,0.8660254037844384,-0.9749279121818236,-0.2225209339563146,-0.25881904510252157,0.9659258262890681,0,0,0,0,0,0,0,1,0,0,0,1,0,0,0,0,0,0,0,0,1,3,False,True,False,False,False,False,False,False,False,False,False,False,False,False,False,False,True,False,False,False,False,False,False,False,True,False,False,False,Scarborough Health Network - Scarborough General,1037.9876186805777
Major Arterial,Toronto and East York,Traffic Signal,Clear,Dark,Dry,Non-Fatal Injury,Pedestrian Collisions,True,False,True,False,False,False,False,False,False,False,False,False,False,Trinity-Bellwoods,2010,-0.5000000000000004,0.8660254037844384,-0.7818314824680299,0.6234898018587334,0.49999999999999994,0.8660254037844387,0,0,0,0,0,0,1,0,0,0,0,1,0,0,0,0,0,0,0,0,1,3,False,True,False,False,False,False,False,False,False,False,False,False,False,False,False,False,True,False,False,False,False,False,False,False,False,False,False,False,University Health Network - Toronto Western,587.2269970276393
Major Arterial,North York,No Control,Clear,Daylight,Wet,Non-Fatal Injury,Pedestrian Collisions,True,False,True,False,False,False,False,False,False,False,False,False,False,Wexford/Maryvale,2010,-0.5000000000000004,0.8660254037844384,0.0,1.0,-0.8660254037844385,-0.5000000000000004,0,0,0,0,0,0,0,0,0,2,0,0,0,0,0,0,0,0,0,0,0,2,False,True,False,False,False,False,False,False,False,False,False,False,False,False,False,False,True,False,False,False,False,False,False,False,False,False,False,False,North York General Hospital - General Site,4595.180044842884
Major Arterial,Toronto and East York,No Control,Clear,Daylight,Dry,Non-Fatal Injury,Cyclist Collisions,False,True,True,False,False,False,False,False,False,False,False,False,False,North Riverdale,2010,-0.5000000000000004,0.8660254037844384,0.7818314824680298,0.6234898018587336,-0.9659258262890683,-0.25881904510252063,0,0,0,0,0,0,1,0,0,0,0,1,0,0,0,0,0,0,0,0,1,3,False,True,False,False,False,False,False,False,True,False,False,False,False,False,False,False,False,False,False,False,True,False,False,False,False,False,False,False,Unity Health Toronto - St. Michael's,3955.7111471844837
Major Arterial,Toronto and East York,No Control,Clear,Dark,Dry,Fatal,Pedestrian Collisions,True,False,False,False,False,True,False,True,False,True,False,False,False,Casa Loma,2010,-0.5000000000000004,0.8660254037844384,0.43388373911755823,-0.900968867902419,-0.8660254037844386,0.5000000000000001,0,0,0,0,0,0,0,0,1,0,2,0,0,0,0,0,0,0,0,0,2,5,False,True,False,False,False,False,True,False,False,False,False,False,False,False,False,False,False,False,False,False,False,True,False,False,False,False,False,False,University Health Network - Toronto Western,2985.799934615614
Major Arterial,Scarborough,Traffic Signal,Snow,Dark,Wet,Non-Fatal Injury,Pedestrian Collisions,True,False,True,False,False,False,False,False,False,False,False,False,False,Milliken,2010,-0.5000000000000004,0.8660254037844384,0.7818314824680298,0.6234898018587336,-1.0,-1.8369701987210297e-16,0,0,0,0,0,0,1,0,0,0,0,0,0,0,0,0,0,0,0,0,1,2,False,False,False,False,False,False,False,False,False,False,False,False,False,True,False,False,False,False,False,False,False,False,True,False,False,False,False,False,Scarborough Health Network - Birchmount,3515.9387030359358
Major Arterial,Toronto and East York,No Control,Clear,Dark,Dry,Non-Fatal Injury,Pedestrian Collisions,True,False,True,False,False,False,False,False,False,True,False,True,False,Playter Estates-Danforth,2010,-0.5000000000000004,0.8660254037844384,0.9749279121818236,-0.22252093395631434,-0.5000000000000004,0.8660254037844384,0,0,0,0,0,0,1,0,0,0,0,0,1,0,0,0,0,0,0,0,1,3,True,False,False,False,False,False,False,False,False,False,False,False,False,False,False,False,False,False,False,False,False,True,False,False,False,False,False,False,Michael Garron Hospital,3706.704842243693
Local,Toronto and East York,No Control,Clear,Dark,Wet,Non-Fatal Injury,Pedestrian Collisions,True,False,True,False,False,False,False,False,False,False,False,False,False,Junction Area,2011,0.0,1.0,-0.9749279121818236,-0.2225209339563146,0.7071067811865476,0.7071067811865476,0,0,0,0,0,1,0,0,0,0,0,1,0,0,0,0,0,0,0,0,0,2,False,True,False,False,False,False,False,False,False,False,False,False,False,False,False,False,True,False,False,False,False,False,False,False,False,False,False,False,Unity Health Toronto - St. Joseph's,4513.973610114073
Major Arterial,Toronto and East York,Traffic Signal,Clear,Dark,Wet,Non-Fatal Injury,Cyclist Collisions,False,True,True,False,False,False,False,False,False,True,False,False,False,Annex,2011,0.0,1.0,-0.9749279121818236,-0.2225209339563146,0.9659258262890683,0.25881904510252074,0,0,0,0,1,0,0,0,0,0,0,0,1,0,0,0,0,0,0,0,0,2,False,True,False,False,False,False,False,False,False,False,False,False,True,False,False,False,False,False,True,False,False,False,False,False,False,False,False,False,University Health Network - Toronto Western,2486.752434611786
Major Arterial,Scarborough,Traffic Signal,Clear,Dark,Dry,Non-Fatal Injury,Turning Movement,False,False,True,True,False,False,False,False,True,True,False,False,False,Woburn North,2011,0.0,1.0,-0.7818314824680299,0.6234898018587334,0.25881904510252074,0.9659258262890683,0,0,0,0,1,0,0,0,0,0,0,1,0,0,0,0,0,0,0,0,0,2,False,True,False,False,False,False,False,False,False,False,False,False,True,False,False,False,False,True,False,False,False,False,True,False,False,False,False,False,Scarborough Health Network - Scarborough General,2223.553118678741
Major Arterial,Toronto and East York,No Control,Clear,Dusk,Dry,Non-Fatal Injury,Approaching,False,False,True,False,False,False,False,False,False,False,False,False,False,Oakwood Village,2011,0.0,1.0,0.7818314824680298,0.6234898018587336,-0.9659258262890683,-0.25881904510252063,0,0,0,0,0,0,2,0,0,0,0,0,1,0,0,0,0,0,0,0,0,3,False,True,False,False,False,False,False,False,False,False,False,False,False,False,False,False,True,False,False,False,False,False,False,True,False,False,False,False,Unity Health Toronto - St. Joseph's,5801.725677117822
Major Arterial,Toronto and East York,Traffic Signal,Clear,Daylight,Dry,Non-Fatal Injury,Pedestrian Collisions,True,False,True,False,False,False,False,False,False,True,False,False,False,Annex,2011,0.0,1.0,0.9749279121818236,-0.22252093395631434,0.49999999999999994,-0.8660254037844387,0,0,0,0,0,0,0,0,0,0,0,0,1,0,0,0,1,0,0,0,0,2,False,False,False,False,False,False,False,False,False,False,False,False,True,False,False,False,False,False,True,False,False,False,False,False,False,False,False,False,University Health Network - Toronto Western,3263.209834609879
Major Arterial,Scarborough,Traffic Signal,Clear,Dark,Wet,Non-Fatal Injury,Pedestrian Collisions,True,False,True,False,False,False,False,False,False,False,False,False,False,Tam O'Shanter-Sullivan,2011,0.0,1.0,0.9749279121818236,-0.22252093395631434,-0.9659258262890683,-0.25881904510252063,0,0,0,0,1,0,0,0,0,0,0,0,0,0,0,1,0,0,0,0,1,3,False,False,False,False,False,False,False,False,False,False,False,False,False,True,False,False,True,False,False,False,False,False,False,False,False,False,False,False,Scarborough Health Network - Birchmount,3269.6990965540754
Major Arterial,Scarborough,No Control,Clear,Dark,Wet,Non-Fatal Injury,Rear End,False,False,True,False,False,False,False,False,False,True,False,False,False,East L'Amoreaux,2011,0.0,1.0,0.9749279121818236,-0.22252093395631434,-0.8660254037844386,0.5000000000000001,0,0,0,0,0,0,0,0,1,0,0,0,0,0,1,0,0,0,0,0,0,2,False,True,False,False,False,False,False,False,False,False,False,True,False,False,False,False,True,False,False,True,False,False,False,False,False,False,False,False,Scarborough Health Network - Birchmount,1091.7799969660118
Major Arterial,Toronto and East York,No Control,Snow,Daylight,Wet,Non-Fatal Injury,Pedestrian Collisions,True,False,False,False,False,True,False,False,False,False,False,False,False,Yonge-Bay Corridor,2011,0.0,1.0,0.43388373911755823,-0.900968867902419,-0.4999999999999997,-0.8660254037844388,0,0,0,0,1,0,0,0,1,0,0,0,0,0,0,0,0,0,0,0,1,3,False,True,False,False,False,False,False,False,False,False,False,False,False,False,False,False,True,False,False,False,False,False,False,False,False,False,False,False,Unity Health Toronto - St. Michael's,988.7127528205747
Major Arterial,Scarborough,Traffic Signal,Snow,Dark,Loose Snow,Non-Fatal Injury,Sideswipe,False,False,True,False,False,False,False,True,False,False,False,False,False,Golfdale-Cedarbrae-Woburn,2011,0.0,1.0,0.43388373911755823,-0.900968867902419,-0.8660254037844386,0.5000000000000001,0,0,0,0,0,0,0,0,1,0,3,0,0,0,0,0,0,0,0,0,0,4,False,True,False,False,False,False,False,False,False,False,False,False,False,False,False,False,True,False,False,False,False,False,False,True,False,False,False,False,Scarborough Health Network - Centenary,2167.8490569597343
Major Arterial,Toronto and East York,No Control,Clear,Daylight,Wet,Non-Fatal Injury,Pedestrian Collisions,True,False,True,False,False,False,False,False,False,True,False,False,False,Wellington Place,2011,0.0,1.0,-0.433883739117558,-0.9009688679024191,-0.4999999999999997,-0.8660254037844388,0,0,0,0,0,0,0,0,0,0,2,0,0,0,0,0,0,0,0,0,0,2,False,False,False,False,False,False,False,False,False,False,False,False,True,False,False,False,False,False,True,False,False,False,False,False,False,False,False,False,University Health Network - Toronto Western,1130.1531653812854
Major Arterial,Etobicoke York,No Control,Clear,Dark,Dry,Non-Fatal Injury,Pedestrian Collisions,True,False,True,False,False,False,False,False,False,False,False,False,False,Glenfield-Jane Heights,2011,0.0,1.0,-0.433883739117558,-0.9009688679024191,-0.9659258262890684,0.2588190451025203,0,0,0,0,0,0,0,1,0,1,0,0,0,0,0,0,0,0,0,0,0,2,False,True,False,False,False,False,False,False,False,False,False,False,False,False,False,False,True,False,False,False,False,False,False,False,False,False,False,False,Humber River Health - Wilson,5960.227224544855
Major Arterial,North York,No Control,Clear,Daylight,Wet,Non-Fatal Injury,Rear End,False,False,True,False,False,True,False,True,True,True,False,False,False,Victoria Village,2011,0.0,1.0,0.0,1.0,0.7071067811865476,-0.7071067811865475,0,0,1,0,0,1,0,0,1,0,0,0,0,0,0,0,0,0,0,0,1,4,False,True,False,False,False,False,False,False,False,False,False,True,False,False,False,False,True,False,False,False,False,False,False,False,False,True,False,False,Scarborough Health Network - Scarborough General,6756.169256746303
Major Arterial,North York,Traffic Signal,Clear,Daylight,Dry,Non-Fatal Injury,Pedestrian Collisions,True,False,True,False,False,False,False,False,False,True,False,False,False,Lansing-Westgate,2011,0.0,1.0,0.0,1.0,-0.2588190451025208,-0.9659258262890683,0,0,0,0,0,0,0,0,0,1,0,0,0,1,0,0,0,0,0,0,1,3,False,False,False,False,False,False,False,False,False,False,False,False,False,True,False,False,False,False,True,False,False,False,False,False,False,False,False,False,North York General Hospital - General Site,4938.5742105905665
Major Arterial,Scarborough,Traffic Signal,Clear,Dawn,Wet,Non-Fatal Injury,Rear End,False,False,True,False,False,False,False,True,False,True,False,False,False,Ionview,2011,0.0,1.0,0.7818314824680298,0.6234898018587336,1.0,6.123233995736766e-17,0,0,0,0,0,0,1,0,2,0,0,0,0,0,0,0,0,0,0,0,1,4,False,True,False,False,False,False,False,False,False,False,False,True,False,False,False,False,True,False,False,True,False,False,False,False,False,False,False,False,Scarborough Health Network - Scarborough General,4495.257856752607
Major Arterial,Toronto and East York,No Control,Clear,Daylight,Wet,Fatal,Pedestrian Collisions,True,False,False,False,False,True,False,False,False,False,False,False,False,Kensington-Chinatown,2011,0.0,1.0,0.7818314824680298,0.6234898018587336,0.49999999999999994,-0.8660254037844387,0,0,0,0,0,0,0,0,0,0,1,0,0,0,0,0,0,0,0,0,2,3,False,True,False,False,False,False,False,False,False,False,False,False,False,False,False,False,True,False,False,False,False,False,False,False,False,False,False,False,University Health Network - Toronto Western,890.5628653862514
Major Arterial,Toronto and East York,Traffic Signal,Clear,Daylight,Dry,Non-Fatal Injury,Pedestrian Collisions,True,False,True,False,False,False,False,True,False,True,False,False,False,Yonge-Bay Corridor,2011,0.0,1.0,0.7818314824680298,0.6234898018587336,1.2246467991473532e-16,-1.0,0,0,0,0,0,1,1,0,1,0,0,0,0,1,0,0,0,0,0,0,1,5,False,True,False,False,False,False,False,False,False,False,False,False,True,False,False,False,True,False,True,False,False,False,False,False,False,False,False,False,University Health Network - Toronto General,692.914559282246
Major Arterial,Toronto and East York,No Control,Snow,Dark,Loose Snow,Non-Fatal Injury,Pedestrian Collisions,True,False,False,False,True,False,False,False,False,False,False,True,False,Wellington Place,2011,0.0,1.0,0.7818314824680298,0.6234898018587336,-0.8660254037844386,0.5000000000000001,0,0,0,0,0,0,0,0,1,0,0,1,0,0,0,0,0,0,0,0,1,3,False,True,False,False,False,False,False,False,False,False,False,False,False,False,False,False,False,False,False,False,False,False,False,False,True,False,False,False,University Health Network - Toronto Western,991.0676653811242
Major Arterial,North York,Traffic Signal,Snow,Dark,Packed Snow,Non-Fatal Injury,Angle,False,False,True,False,False,True,False,True,False,True,True,False,False,Bedford Park-Nortown,2011,0.0,1.0,0.9749279121818236,-0.22252093395631434,0.8660254037844386,0.5000000000000001,0,0,0,0,0,1,0,1,0,1,0,0,0,0,0,0,0,0,0,0,2,5,False,True,False,False,False,False,False,False,False,False,False,False,False,False,False,True,True,False,False,False,False,False,False,False,False,False,False,False,Sunnybrook Health Sciences Centre - Bayview Campus,2979.9760699260514
Collector,Etobicoke York,Pedestrian Crossover,Clear,Dark,Wet,Non-Fatal Injury,Pedestrian Collisions,True,False,True,False,False,False,False,False,False,True,False,False,False,Rockcliffe-Smythe,2011,0.0,1.0,0.43388373911755823,-0.900968867902419,0.9659258262890683,-0.25881904510252063,0,0,0,0,0,0,1,0,0,0,0,0,1,0,0,0,0,0,0,0,0,2,False,True,False,False,False,False,False,False,False,False,False,False,False,False,False,True,False,False,False,False,False,False,False,False,False,False,False,False,Humber River Health - Wilson,5761.591275469284
Minor Arterial,Etobicoke York,No Control,Snow,Daylight,Slush,Non-Fatal Injury,SMV Other,False,False,True,False,False,False,False,True,True,True,False,False,False,Eringate-Centennial-West Deane,2011,0.0,1.0,-0.9749279121818236,-0.2225209339563146,0.49999999999999994,-0.8660254037844387,0,0,0,1,0,0,0,0,0,1,0,0,0,0,0,0,0,0,0,0,0,2,False,True,False,False,False,False,False,False,False,False,False,False,False,False,False,False,False,False,False,False,False,False,False,False,False,True,False,False,William Osler Health System - Etobicoke,8495.303938272293
Major Arterial,Etobicoke York,Traffic Signal,Clear,Dark,Dry,Non-Fatal Injury,Rear End,False,False,True,False,False,False,False,False,True,True,False,False,False,Junction Area,2011,0.0,1.0,-0.7818314824680299,0.6234898018587334,-0.8660254037844386,0.5000000000000001,0,0,0,0,0,0,0,0,0,0,0,1,0,0,1,0,0,0,0,0,0,2,False,True,False,False,False,False,False,False,False,False,False,False,False,False,False,False,True,False,False,False,False,False,False,False,False,True,False,False,Unity Health Toronto - St. Joseph's,5343.036010101205
Major Arterial,Toronto and East York,Traffic Signal,Snow,Daylight,Wet,Non-Fatal Injury,Pedestrian Collisions,True,False,True,False,False,False,False,False,False,True,True,False,False,Woodbine-Lumsden,2011,0.0,1.0,0.9749279121818236,-0.22252093395631434,-0.4999999999999997,-0.8660254037844388,0,0,0,0,0,0,0,0,0,0,1,0,0,1,0,0,0,0,0,0,0,2,False,True,False,False,False,False,False,False,False,False,False,False,False,False,False,True,False,False,False,False,False,False,False,False,False,False,False,False,Michael Garron Hospital,1731.43895775103
Major Arterial,Etobicoke York,Stop Sign,Clear,Daylight,Dry,Non-Fatal Injury,Pedestrian Collisions,True,False,True,False,False,False,False,False,False,False,False,False,False,Rockcliffe-Smythe,2011,0.0,1.0,0.9749279121818236,-0.22252093395631434,-0.8660254037844385,-0.5000000000000004,0,0,0,0,0,0,0,1,0,1,0,0,0,0,0,0,0,0,0,0,0,2,False,False,False,False,False,False,False,False,False,False,False,False,True,False,False,False,True,False,False,False,False,False,False,False,False,False,False,False,Humber River Health - Wilson,6070.754575460567
Major Arterial,Etobicoke York,Traffic Signal,Rain,Dark,Wet,Non-Fatal Injury,Rear End,False,False,True,False,False,False,False,True,False,True,False,False,False,Brookhaven-Amesbury,2011,0.0,1.0,0.9749279121818236,-0.22252093395631434,-0.8660254037844386,0.5000000000000001,0,0,0,1,0,1,0,1,0,0,0,0,0,0,0,0,0,0,0,0,0,3,False,False,False,False,False,False,False,False,False,False,True,True,False,False,False,False,True,False,False,True,False,False,False,False,False,False,False,False,Humber River Health - Wilson,2742.976456173812
Minor Arterial,Scarborough,No Control,Clear,Daylight,Wet,Non-Fatal Injury,Rear End,False,False,True,False,False,False,False,True,True,True,False,False,False,Morningside Heights,2011,0.0,1.0,0.43388373911755823,-0.900968867902419,-0.8660254037844385,-0.5000000000000004,0,0,0,0,0,0,0,0,0,0,1,1,1,0,0,0,0,0,0,0,0,3,False,True,False,False,False,False,False,False,False,False,False,True,False,False,False,False,True,False,False,False,False,False,False,False,False,True,False,False,Oak Valley Health - Markham,7303.62859959784
Major Arterial,Toronto and East York,No Control,Snow,Dark,Slush,Fatal,Pedestrian Collisions,True,False,False,False,False,True,False,False,False,False,False,False,False,Corso Italia-Davenport,2011,0.0,1.0,-0.433883739117558,-0.9009688679024191,0.9659258262890683,0.25881904510252074,0,0,0,0,0,0,0,0,0,0,0,2,0,0,0,0,0,0,0,0,1,3,False,False,False,False,False,False,False,False,False,False,False,True,False,False,False,False,True,False,False,False,False,False,False,False,False,False,False,False,Unity Health Toronto - St. Joseph's,4860.891877111513
Major Arterial,Toronto and East York,No Control,Clear,Daylight,Wet,Non-Fatal Injury,Cyclist Collisions,False,True,True,False,False,False,False,False,False,False,False,False,False,Yonge-Bay Corridor,2011,0.0,1.0,-0.433883739117558,-0.9009688679024191,1.2246467991473532e-16,-1.0,0,0,0,0,1,0,0,0,1,0,0,0,0,0,0,0,0,0,0,0,0,2,True,False,False,False,False,True,False,False,False,False,False,False,False,False,False,False,False,False,False,False,True,False,False,False,False,False,False,False,Unity Health Toronto - St. Michael's,690.4735178067349