ROAD_CLASS,DISTRICT,TRAFFCTL,VISIBILITY,LIGHT,RDSFCOND,ACCLASS,IMPACTYPE,PEDESTRIAN,CYCLIST,AUTOMOBILE,MOTORCYCLE,TRUCK,TRSN_CITY_VEH,EMERG_VEH,PASSENGER,SPEEDING,AG_DRIV,REDLIGHT,ALCOHOL,DISABILITY,NEIGHBOURHOOD_158,YEAR,MONTH_sin,MONTH_cos,DOW_sin,DOW_cos,HOUR_sin,HOUR_cos,INVAGE_00to04,INVAGE_05to09,INVAGE_10to14,INVAGE_15to19,INVAGE_20to24,INVAGE_25to29,INVAGE_30to34,INVAGE_35to39,INVAGE_40to44,INVAGE_45to49,INVAGE_50to54,INVAGE_55to59,INVAGE_60to64,INVAGE_65to69,INVAGE_70to74,INVAGE_75to79,INVAGE_80to84,INVAGE_85to89,INVAGE_90to94,INVAGE_Over95,INVAGE_unknown,NUMPERSONS,MANOEUVER_ChangingLanes,MANOEUVER_GoingAhead,MANOEUVER_MakingUTurn,MANOEUVER_Merging,MANOEUVER_Other,MANOEUVER_Overtaking,MANOEUVER_Parked,MANOEUVER_PullingAwayfromShoulderorCurb,MANOEUVER_PullingOntoShoulderortowardCurb,MANOEUVER_Reversing,MANOEUVER_SlowingorStopping,MANOEUVER_Stopped,MANOEUVER_TurningLeft,MANOEUVER_TurningRight,MANOEUVER_Unknown,DRIVACT_DisobeyedTrafficControl,DRIVACT_DrivingProperly,DRIVACT_ExceedingSpeedLimit,DRIVACT_FailedtoYieldRightofWay,DRIVACT_FollowingtooClose,DRIVACT_ImproperLaneChange,DRIVACT_ImproperPassing,DRIVACT_ImproperTurn,DRIVACT_Lostcontrol,DRIVACT_Other,DRIVACT_SpeedtooFastForCondition,DRIVACT_SpeedtooSlow,DRIVACT_WrongWayonOneWayRoad,NEAREST_HOSPITAL,DIST_TO_HOS
Major Arterial,Toronto and East York,No Control,Clear,Daylight,Dry,Non-Fatal Injury,Cyclist Collisions,False,True,True,False,False,False,False,False,False,False,False,False,False,Blake-Jones,2011,1.2246467991473532e-16,-1.0,-0.433883739117558,-0.9009688679024191,-0.9659258262890683,-0.25881904510252063,0,0,0,0,0,0,0,0,0,1,1,0,0,0,0,0,0,0,0,0,0,2,False,True,False,False,False,False,True,False,False,False,False,False,False,False,False,False,False,False,False,False,False,False,False,False,True,False,False,False,Michael Garron Hospital,2261.8482422466623
Major Arterial,Toronto and East York,Other,Clear,Dark,Dry,Non-Fatal Injury,Pedestrian Collisions,True,False,True,False,False,False,False,False,False,True,False,False,False,South Parkdale,2011,1.2246467991473532e-16,-1.0,-0.9749279121818236,-0.2225209339563146,0.0,1.0,0,0,0,1,1,0,0,0,0,0,0,0,0,0,0,0,0,0,0,0,0,2,False,True,False,False,False,False,False,False,False,False,False,False,False,False,False,False,False,False,True,False,False,False,False,False,False,False,False,False,Unity Health Toronto - St. Joseph's,2030.9239771112334
Major Arterial,Scarborough,No Control,Clear,Daylight,Dry,Non-Fatal Injury,Rear End,False,False,True,False,False,False,False,True,True,True,False,False,True,Morningside Heights,2011,1.2246467991473532e-16,-1.0,-0.9749279121818236,-0.2225209339563146,0.7071067811865476,-0.7071067811865475,0,1,0,0,0,0,0,1,1,1,0,0,0,1,0,0,0,0,0,0,0,5,False,True,False,False,False,False,False,False,False,False,False,False,False,False,False,False,True,False,False,False,False,False,False,True,False,False,False,False,Scarborough Health Network - Centenary,2842.3770430360455
Minor Arterial,Etobicoke York,Traffic Signal,Clear,Daylight,Dry,Fatal,SMV Other,False,False,True,False,False,False,False,True,False,False,False,False,False,Humber Heights-Westmount,2011,1.2246467991473532e-16,-1.0,-0.9749279121818236,-0.2225209339563146,1.2246467991473532e-16,-1.0,0,0,0,0,0,0,0,0,0,0,0,0,0,0,2,0,0,0,0,0,1,3,False,True,False,False,False,False,False,False,False,False,False,False,False,False,False,False,False,False,False,False,False,False,False,True,False,False,False,False,Humber River Health - Wilson,6590.154256178648
Minor Arterial,Toronto and East York,Traffic Signal,Clear,Daylight,Dry,Non-Fatal Injury,Rear End,False,False,True,True,False,False,False,False,False,True,False,False,False,Harbourfront-CityPlace,2011,1.2246467991473532e-16,-1.0,-0.7818314824680299,0.6234898018587334,1.0,6.123233995736766e-17,0,0,0,0,0,0,1,1,0,0,0,0,0,0,0,0,0,0,0,0,1,3,False,True,False,False,False,False,False,False,False,False,True,False,False,False,False,False,True,False,False,False,False,True,False,False,False,False,False,False,University Health Network - Toronto General,2252.9233570756624
Collector,Scarborough,No Control,Clear,Daylight,Dry,Non-Fatal Injury,Approaching,False,False,True,True,False,False,False,False,False,False,False,False,False,Morningside Heights,2011,1.2246467991473532e-16,-1.0,-0.7818314824680299,0.6234898018587334,-0.8660254037844386,0.5000000000000001,0,0,0,0,0,1,1,1,0,0,0,0,0,0,0,0,0,0,0,0,0,3,False,True,False,False,False,False,False,False,False,False,False,False,False,False,False,False,True,False,False,False,False,False,False,False,True,False,False,False,Scarborough Health Network - Centenary,7573.471143040457
Major Arterial,North York,No Control,Clear,"Dark, artificial",Dry,Non-Fatal Injury,Pedestrian Collisions,True,False,True,False,False,False,False,True,True,True,False,False,False,Bayview Village,2011,1.2246467991473532e-16,-1.0,0.0,1.0,0.0,1.0,0,0,0,0,2,2,0,0,0,0,0,1,0,0,0,0,0,0,0,0,1,6,False,True,False,False,False,False,False,False,False,False,False,False,False,False,False,False,False,True,False,False,False,False,False,False,False,False,False,False,North York General Hospital - General Site,3152.116655155318
Expressway Ramp,Etobicoke York,No Control,Clear,Dark,Dry,Non-Fatal Injury,SMV Other,False,False,False,True,False,False,False,False,False,False,False,False,False,Etobicoke City Centre,2011,1.2246467991473532e-16,-1.0,0.7818314824680298,0.6234898018587336,0.8660254037844386,0.5000000000000001,0,0,0,0,1,0,0,0,0,0,0,0,0,0,0,0,0,0,0,0,0,1,False,True,False,False,False,False,False,False,False,False,False,False,False,False,False,False,False,False,False,False,False,False,False,True,False,False,False,False,Trillium Health Partners- Mississauga,9259.014385565533
Major Arterial,Toronto and East York,No Control,Clear,Daylight,Dry,Non-Fatal Injury,Rear End,False,False,True,False,False,False,False,True,False,False,False,False,False,High Park-Swansea,2011,1.2246467991473532e-16,-1.0,0.7818314824680298,0.6234898018587336,-0.9659258262890684,0.2588190451025203,0,0,0,0,0,0,1,0,2,0,0,0,0,0,1,0,0,0,0,0,1,5,False,True,False,False,False,False,False,False,False,False,False,True,False,False,False,False,True,False,False,False,False,False,False,False,True,False,False,False,Unity Health Toronto - St. Joseph's,873.1916101041716
Major Arterial,Scarborough,No Control,Clear,Daylight,Dry,Non-Fatal Injury,Turning Movement,False,False,True,False,False,False,False,True,False,True,False,False,False,East L'Amoreaux,2011,1.2246467991473532e-16,-1.0,0.9749279121818236,-0.22252093395631434,0.49999999999999994,-0.8660254037844387,0,0,0,0,0,0,0,0,0,0,1,0,2,0,0,0,0,0,0,0,0,3,False,True,False,False,False,False,False,False,False,False,False,False,True,False,False,False,True,False,True,False,False,False,False,False,False,False,False,False,Scarborough Health Network - Birchmount,154.4021034418838
Major Arterial,Etobicoke York,No Control,Clear,Daylight,Dry,Non-Fatal Injury,SMV Other,False,False,False,False,True,False,False,True,False,False,False,False,False,Beechborough-Greenbrook,2011,1.2246467991473532e-16,-1.0,0.9749279121818236,-0.22252093395631434,1.2246467991473532e-16,-1.0,0,0,0,0,0,1,0,0,0,1,0,0,0,0,0,0,0,0,0,0,4,6,False,False,False,False,False,False,False,False,False,False,False,False,True,False,False,False,False,False,False,False,False,False,False,True,False,False,False,False,Humber River Health - Wilson,4988.222275464446
Major Arterial,Scarborough,Traffic Signal,Clear,Daylight,Dry,Non-Fatal Injury,Turning Movement,False,False,True,False,False,False,False,False,False,True,True,False,False,Tam O'Shanter-Sullivan,2011,1.2246467991473532e-16,-1.0,0.9749279121818236,-0.22252093395631434,-0.2588190451025208,-0.9659258262890683,0,0,0,1,0,0,0,1,0,0,0,0,0,0,0,0,0,0,0,0,0,2,False,True,False,False,False,False,False,False,False,False,False,False,True,False,False,True,True,False,False,False,False,False,False,False,False,False,False,False,Scarborough Health Network - Birchmount,3362.5668965512887
Minor Arterial,Toronto and East York,Traffic Signal,Clear,Daylight,Dry,Non-Fatal Injury,Cyclist Collisions,False,True,True,False,False,False,False,False,False,False,False,False,False,Harbourfront-CityPlace,2011,1.2246467991473532e-16,-1.0,0.9749279121818236,-0.22252093395631434,-1.0,-1.8369701987210297e-16,0,0,0,0,0,0,0,0,2,0,0,0,0,0,0,0,0,0,0,0,1,3,False,True,False,False,False,False,True,False,False,False,False,False,False,False,False,False,False,False,False,False,False,False,False,False,True,False,False,False,Unity Health Toronto - St. Michael's,2383.1101528235013
Major Arterial,North York,No Control,Clear,Daylight,Dry,Non-Fatal Injury,Turning Movement,False,False,True,False,False,False,False,True,False,True,False,False,False,Thorncliffe Park,2011,1.2246467991473532e-16,-1.0,0.9749279121818236,-0.22252093395631434,-1.0,-1.8369701987210297e-16,0,0,0,0,0,0,0,0,0,0,2,1,0,0,0,0,0,0,0,0,0,3,False,True,False,False,False,False,False,False,False,False,False,False,True,False,False,False,True,False,True,False,False,False,False,False,False,False,False,False,Sunnybrook Health Sciences Centre - Bayview Campus,2158.5319300703704
Minor Arterial,Toronto and East York,Stop Sign,Clear,Daylight,Dry,Non-Fatal Injury,Pedestrian Collisions,True,False,True,False,False,False,False,False,False,True,False,False,False,The Beaches,2011,1.2246467991473532e-16,-1.0,0.43388373911755823,-0.900968867902419,-0.9659258262890683,-0.25881904510252063,0,0,0,0,0,0,0,1,1,0,0,0,0,0,0,0,0,0,0,0,0,2,False,False,False,False,False,False,False,False,False,False,False,False,True,False,False,False,False,False,True,False,False,False,False,False,False,False,False,False,Michael Garron Hospital,3673.043908738764
Major Arterial,Etobicoke York,No Control,Rain,"Dark, artificial",Wet,Non-Fatal Injury,Pedestrian Collisions,True,False,True,False,False,False,False,False,False,False,False,False,False,West Humber-Clairville,2011,1.2246467991473532e-16,-1.0,-0.9749279121818236,-0.2225209339563146,-0.5000000000000004,0.8660254037844384,0,0,0,0,0,0,0,0,0,1,0,0,0,1,0,0,0,0,0,0,0,2,False,True,False,False,False,False,False,False,False,False,False,False,False,False,False,False,True,False,False,False,False,False,False,False,False,False,False,False,William Osler Health System - Etobicoke,2783.3804382734234
Major Arterial,Scarborough,Traffic Signal,Clear,Daylight,Dry,Fatal,Approaching,False,False,True,False,False,False,False,True,False,True,False,False,False,West Hill,2011,1.2246467991473532e-16,-1.0,-0.7818314824680299,0.6234898018587334,-0.4999999999999997,-0.8660254037844388,0,0,0,0,0,0,0,0,1,0,0,0,0,1,0,0,0,0,0,0,4,6,False,True,False,False,True,False,False,False,False,False,False,True,False,False,False,False,False,False,False,False,False,False,False,False,False,False,False,False,Scarborough Health Network - Centenary,2455.2214511751663
Major Arterial,North York,Traffic Signal,Clear,Daylight,Dry,Non-Fatal Injury,Pedestrian Collisions,True,False,True,False,False,False,False,False,False,True,False,False,False,East Willowdale,2011,1.2246467991473532e-16,-1.0,0.9749279121818236,-0.22252093395631434,0.49999999999999994,-0.8660254037844387,0,0,0,0,0,0,0,0,0,0,1,0,0,1,0,0,0,0,0,0,0,2,False,False,False,False,False,False,False,False,False,False,False,False,True,False,False,False,False,False,True,False,False,False,False,False,False,False,False,False,North York General Hospital - General Site,5029.98725514987
Major Arterial,North York,No Control,Clear,Daylight,Dry,Non-Fatal Injury,Angle,False,False,True,False,False,False,False,True,False,False,False,False,False,Bayview Village,2011,1.2246467991473532e-16,-1.0,0.9749279121818236,-0.22252093395631434,-0.8660254037844385,-0.5000000000000004,0,0,0,0,0,0,0,0,0,0,0,0,2,0,0,1,0,0,0,0,1,4,False,True,False,False,False,False,False,False,False,False,False,False,False,False,False,False,True,False,False,False,False,False,False,True,False,False,False,False,North York General Hospital - General Site,3312.2412551506422
Minor Arterial,Scarborough,No Control,Rain,Daylight,Wet,Non-Fatal Injury,Cyclist Collisions,False,True,True,False,False,False,False,False,False,True,False,False,False,West Hill,2011,1.2246467991473532e-16,-1.0,0.43388373911755823,-0.900968867902419,-0.4999999999999997,-0.8660254037844388,0,0,0,0,0,0,0,2,0,0,0,0,0,0,0,0,0,0,0,0,0,2,False,True,False,False,False,False,False,False,False,False,True,False,False,False,False,False,False,False,True,False,False,False,False,False,False,False,False,False,Scarborough Health Network - Centenary,3539.1949511688435
Collector,Scarborough,Traffic Signal,Clear,Daylight,Dry,Non-Fatal Injury,Turning Movement,False,False,True,False,False,False,False,True,False,True,False,False,False,Woburn North,2011,1.2246467991473532e-16,-1.0,-0.433883739117558,-0.9009688679024191,-0.7071067811865471,-0.7071067811865479,1,0,0,2,0,0,2,0,0,0,0,0,0,0,0,0,0,0,0,0,2,7,False,True,False,False,False,False,False,False,False,False,False,False,True,False,False,False,True,False,True,False,False,False,False,False,False,False,False,False,Scarborough Health Network - Scarborough General,3050.5066186784534
Major Arterial,Etobicoke York,No Control,Clear,Daylight,Dry,Fatal,Pedestrian Collisions,True,False,True,False,False,False,False,False,False,True,False,False,False,New Toronto,2011,-0.4999999999999997,-0.8660254037844388,0.7818314824680298,0.6234898018587336,-0.2588190451025208,-0.9659258262890683,0,0,0,0,0,0,0,0,0,1,0,0,0,0,0,0,0,1,0,0,1,3,False,False,False,False,False,False,False,False,False,False,False,False,True,False,False,False,False,False,True,False,False,False,False,False,False,False,False,False,Unity Health Toronto - St. Joseph's,8847.743222875404
Major Arterial,Toronto and East York,No Control,Clear,Daylight,Dry,Non-Fatal Injury,Pedestrian Collisions,True,False,True,False,False,False,False,False,False,False,False,False,False,Annex,2011,-0.4999999999999997,-0.8660254037844388,0.7818314824680298,0.6234898018587336,-0.8660254037844385,-0.5000000000000004,0,0,0,0,0,0,0,0,0,1,0,0,0,0,0,0,0,0,1,0,0,2,False,True,False,False,False,False,False,False,False,False,False,False,False,False,False,False,True,False,False,False,False,False,False,False,False,False,False,False,University Health Network - Toronto Western,2353.349634606391
Major Arterial,Toronto and East York,No Control,Clear,Daylight,Dry,Non-Fatal Injury,Pedestrian Collisions,True,False,True,False,False,False,False,False,False,False,False,False,False,Danforth,2011,-0.4999999999999997,-0.8660254037844388,0.9749279121818236,-0.22252093395631434,-0.2588190451025208,-0.9659258262890683,0,0,0,0,0,1,0,0,0,0,0,0,0,0,0,1,0,0,0,0,0,2,False,True,False,False,False,False,False,False,False,False,False,False,False,False,False,False,True,False,False,False,False,False,False,False,False,False,False,False,Michael Garron Hospital,1714.5810422470095
Minor Arterial,Toronto and East York,Stop Sign,Clear,Daylight,Dry,Non-Fatal Injury,Turning Movement,False,False,True,False,False,False,False,True,True,True,False,True,False,East End-Danforth,2011,-0.4999999999999997,-0.8660254037844388,0.9749279121818236,-0.22252093395631434,-0.8660254037844385,-0.5000000000000004,0,0,0,0,0,1,0,1,0,0,0,2,0,0,0,0,0,0,0,0,2,6,True,False,False,False,False,False,False,False,False,False,False,False,True,False,False,False,False,False,False,False,False,False,False,False,True,True,False,False,Michael Garron Hospital,3271.4372087316588
Local,Etobicoke York,No Control,Rain,Daylight,Wet,Non-Fatal Injury,Cyclist Collisions,False,True,True,False,False,False,False,False,False,False,False,False,False,Keelesdale-Eglinton West,2011,-0.4999999999999997,-0.8660254037844388,0.9749279121818236,-0.22252093395631434,-0.9659258262890684,0.2588190451025203,0,0,1,0,0,0,0,0,0,1,0,0,0,0,0,0,0,0,0,0,0,2,False,True,False,False,False,False,False,False,False,False,False,False,False,False,False,False,True,False,False,False,False,False,False,False,False,False,False,False,Humber River Health - Wilson,6182.467475470621
Major Arterial,Etobicoke York,No Control,Clear,Dark,Dry,Non-Fatal Injury,SMV Other,False,False,True,False,False,False,False,True,True,True,False,False,False,Mimico-Queensway,2011,-0.4999999999999997,-0.8660254037844388,0.43388373911755823,-0.900968867902419,0.49999999999999994,0.8660254037844387,0,0,0,0,0,0,1,1,0,0,0,0,0,0,0,0,0,0,0,0,1,3,False,True,False,False,False,False,False,False,False,False,False,False,False,False,False,False,False,True,False,False,False,False,False,False,False,False,False,False,Unity Health Toronto - St. Joseph's,6747.900222883793
Major Arterial,North York,Traffic Signal,Clear,Dark,Dry,Non-Fatal Injury,Cyclist Collisions,False,True,True,False,False,False,False,False,False,False,False,False,False,Fenside-Parkwoods,2011,-0.4999999999999997,-0.8660254037844388,0.43388373911755823,-0.900968867902419,-0.25881904510252157,0.9659258262890681,0,0,0,0,1,0,0,0,1,0,0,0,0,0,0,0,0,0,0,0,0,2,False,True,False,False,False,False,False,False,False,False,False,True,False,False,False,False,True,False,False,False,False,False,False,False,False,False,False,False,North York General Hospital - General Site,3583.9044448505156
Major Arterial,Toronto and East York,No Control,Clear,Dark,Dry,Non-Fatal Injury,Pedestrian Collisions,True,False,False,False,False,True,False,False,False,False,False,False,False,Yonge-Bay Corridor,2011,-0.4999999999999997,-0.8660254037844388,0.43388373911755823,-0.900968867902419,-0.25881904510252157,0.9659258262890681,0,0,0,0,0,0,1,0,0,0,1,0,0,0,0,0,0,0,0,0,1,3,False,True,False,False,False,False,False,False,False,False,False,False,False,False,False,False,True,False,False,False,False,False,False,False,False,False,False,False,Unity Health Toronto - St. Michael's,745.1710528165568
Collector,Toronto and East York,Stop Sign,Clear,Daylight,Dry,Fatal,Cyclist Collisions,False,True,True,False,False,False,False,False,False,True,False,False,False,Old East York,2011,-0.4999999999999997,-0.8660254037844388,-0.433883739117558,-0.9009688679024191,0.7071067811865476,-0.7071067811865475,0,0,0,0,0,0,0,0,0,0,0,0,0,0,0,0,2,0,0,0,1,3,False,True,False,False,False,False,False,False,False,False,False,False,False,False,False,False,False,False,True,False,False,False,False,False,False,False,False,False,Michael Garron Hospital,1458.5243912648875
Minor Arterial,Toronto and East York,Stop Sign,Clear,Daylight,Dry,Non-Fatal Injury,Turning Movement,False,True,True,False,False,False,False,False,False,True,False,False,False,Palmerston-Little Italy,2011,-0.4999999999999997,-0.8660254037844388,-0.433883739117558,-0.9009688679024191,-0.7071067811865471,-0.7071067811865479,0,0,0,0,0,0,0,0,1,1,0,0,0,0,0,0,0,0,0,0,1,3,False,True,False,False,False,False,False,False,False,False,False,False,True,False,False,False,True,False,True,False,False,False,False,False,False,False,False,False,University Health Network - Toronto Western,1773.5438346148003
Local,Etobicoke York,No Control,Clear,Daylight,Dry,Non-Fatal Injury,Cyclist Collisions,False,True,True,False,False,False,False,False,False,False,False,False,False,Keelesdale-Eglinton West,2011,-0.4999999999999997,-0.8660254037844388,-0.9749279121818236,-0.2225209339563146,-0.4999999999999997,-0.8660254037844388,0,0,1,0,0,0,0,0,0,0,0,0,0,0,0,0,0,0,0,0,1,2,False,True,False,False,False,False,False,False,False,False,False,False,False,False,False,False,False,False,False,False,False,False,False,False,True,False,False,False,Humber River Health - Wilson,5676.653575459612
Major Arterial,Etobicoke York,No Control,Clear,Dark,Dry,Non-Fatal Injury,Rear End,False,False,True,False,False,False,False,False,False,False,False,True,False,Keelesdale-Eglinton West,2011,-0.4999999999999997,-0.8660254037844388,-0.7818314824680299,0.6234898018587334,0.49999999999999994,0.8660254037844387,0,0,0,0,0,0,0,1,0,1,0,0,0,0,0,0,0,0,0,0,2,4,False,True,False,False,False,False,False,False,False,False,False,True,False,False,False,False,True,False,False,False,False,False,False,False,True,False,False,False,Humber River Health - Wilson,4787.387075464823
Major Arterial,Etobicoke York,Traffic Signal,Clear,Daylight,Dry,Fatal,Turning Movement,False,False,True,True,False,False,False,False,True,True,False,False,False,Kingsview Village-The Westway,2011,-0.4999999999999997,-0.8660254037844388,-0.7818314824680299,0.6234898018587334,1.2246467991473532e-16,-1.0,0,0,0,0,0,0,1,0,0,0,0,0,0,0,0,1,0,0,0,0,1,3,False,True,False,False,False,False,False,False,False,False,False,False,True,False,False,False,True,True,False,False,False,False,False,False,False,False,False,False,Humber River Health - Wilson,6918.737556169392
Major Arterial,Scarborough,Traffic Signal,Clear,Daylight,Dry,Non-Fatal Injury,Cyclist Collisions,False,True,True,False,False,False,False,False,False,True,False,False,False,Tam O'Shanter-Sullivan,2011,-0.4999999999999997,-0.8660254037844388,0.0,1.0,-0.7071067811865471,-0.7071067811865479,0,0,0,0,0,0,0,0,0,0,1,0,1,0,0,0,0,0,0,0,0,2,False,True,False,False,False,False,False,False,False,False,False,False,True,False,False,False,False,False,True,False,False,False,False,False,False,False,False,False,Scarborough Health Network - Birchmount,2746.7680965494365
Major Arterial,Toronto and East York,No Control,Clear,Daylight,Dry,Non-Fatal Injury,Rear End,False,False,True,False,False,True,False,False,False,False,False,False,False,Downtown Yonge East,2011,-0.4999999999999997,-0.8660254037844388,0.7818314824680298,0.6234898018587336,-1.0,-1.8369701987210297e-16,0,0,0,0,0,0,0,0,0,0,2,0,0,0,0,0,0,0,0,0,1,3,False,True,False,False,False,False,False,False,False,False,True,False,False,False,False,False,True,False,False,False,False,False,False,False,True,False,False,False,Unity Health Toronto - St. Michael's,209.30828219174873
Major Arterial,Toronto and East York,No Control,Clear,Dark,Dry,Non-Fatal Injury,Pedestrian Collisions,True,False,True,False,False,False,False,False,False,True,False,False,False,O'Connor-Parkview,2011,-0.4999999999999997,-0.8660254037844388,0.7818314824680298,0.6234898018587336,-0.5000000000000004,0.8660254037844384,0,0,0,0,0,0,1,0,0,0,0,1,0,0,0,0,0,0,0,0,2,4,False,True,False,False,False,False,False,False,False,False,False,False,False,False,True,False,True,False,False,False,False,False,False,False,True,False,False,False,Michael Garron Hospital,3977.720657757134
Collector,North York,No Control,Clear,Daylight,Dry,Non-Fatal Injury,Pedestrian Collisions,True,False,True,False,False,False,False,False,False,True,False,False,False,Newtonbrook East,2011,-0.4999999999999997,-0.8660254037844388,0.43388373911755823,-0.900968867902419,-0.8660254037844385,-0.5000000000000004,0,0,0,0,0,0,0,0,0,0,1,1,0,0,0,0,0,0,0,0,0,2,False,False,False,False,False,False,False,False,False,False,False,False,True,False,False,False,False,False,True,False,False,False,False,False,False,False,False,False,North York General Hospital - General Site,5308.198755144374
Major Arterial,Etobicoke York,No Control,Clear,Daylight,Dry,Non-Fatal Injury,Rear End,False,False,False,True,False,True,False,False,True,True,False,False,False,Mount Olive-Silverstone-Jamestown,2011,-0.4999999999999997,-0.8660254037844388,-0.433883739117558,-0.9009688679024191,-0.4999999999999997,-0.8660254037844388,0,0,0,0,0,1,0,0,1,0,0,0,0,0,0,0,0,0,0,0,1,3,False,True,False,False,False,False,False,False,False,False,False,True,False,False,False,False,True,False,False,False,False,False,False,False,False,True,False,False,William Osler Health System - Etobicoke,4446.914284088067
Major Arterial,North York,Traffic Signal,Clear,Daylight,Dry,Non-Fatal Injury,Turning Movement,False,False,True,True,False,False,False,False,True,True,False,False,False,Bathurst Manor,2011,-0.4999999999999997,-0.8660254037844388,-0.433883739117558,-0.9009688679024191,-1.0,-1.8369701987210297e-16,0,0,0,0,0,1,0,0,0,0,1,0,0,0,0,0,0,0,0,0,1,3,False,True,False,False,False,False,False,False,False,False,False,False,True,False,False,False,True,False,False,False,False,False,False,False,False,True,False,False,Humber River Health - Wilson,6022.268843823462
Local,North York,No Control,Clear,Daylight,Dry,Fatal,Pedestrian Collisions,True,False,True,False,False,False,False,False,False,False,False,False,False,Newtonbrook West,2011,-0.4999999999999997,-0.8660254037844388,-0.9749279121818236,-0.2225209339563146,-1.0,-1.8369701987210297e-16,0,0,0,0,0,0,0,0,0,1,0,0,0,0,0,1,0,0,0,0,0,2,False,False,False,False,False,False,False,False,False,True,False,False,False,False,False,False,False,False,False,False,False,False,False,False,True,False,False,False,North York General Hospital - General Site,8531.636555150966
Major Arterial,Etobicoke York,No Control,Clear,Daylight,Dry,Non-Fatal Injury,Rear End,False,False,True,False,False,False,False,True,False,False,False,False,True,Stonegate-Queensway,2011,-0.4999999999999997,-0.8660254037844388,0.0,1.0,-1.0,-1.8369701987210297e-16,0,0,0,0,0,0,0,0,0,0,0,2,2,0,0,0,0,0,0,0,1,5,False,True,False,False,False,False,False,False,False,False,True,False,False,False,False,False,True,False,False,False,False,False,False,True,False,False,False,False,Unity Health Toronto - St. Joseph's,4996.9943228805205
Expressway,Etobicoke York,No Control,Clear,Dark,Dry,Non-Fatal Injury,Rear End,False,False,True,False,False,False,False,True,False,True,False,False,False,Alderwood,2011,-0.4999999999999997,-0.8660254037844388,0.0,1.0,-0.7071067811865477,0.7071067811865474,0,0,0,1,0,0,0,0,0,0,1,0,0,0,0,0,0,0,0,0,1,3,False,True,False,False,False,False,False,False,False,False,False,False,False,False,False,False,True,False,False,True,False,False,False,False,False,False,False,False,Unity Health Toronto - St. Joseph's,9445.92942287086
Other,Toronto and East York,No Control,Clear,Daylight,Dry,Fatal,SMV Other,False,False,True,False,False,False,False,False,False,False,False,False,False,Dufferin Grove,2011,-0.4999999999999997,-0.8660254037844388,0.7818314824680298,0.6234898018587336,1.0,6.123233995736766e-17,0,0,0,0,0,0,0,0,0,0,0,1,0,0,0,0,0,0,0,0,1,2,False,False,False,False,True,False,False,False,False,True,False,False,False,False,False,False,False,False,False,False,False,False,False,False,True,False,False,False,Unity Health Toronto - St. Joseph's,2523.0577771153767
Minor Arterial,Toronto and East York,No Control,Clear,Daylight,Dry,Non-Fatal Injury,Cyclist Collisions,False,True,True,False,False,False,False,False,False,True,False,False,False,Harbourfront-CityPlace,2011,-0.4999999999999997,-0.8660254037844388,0.7818314824680298,0.6234898018587336,-0.9659258262890683,-0.25881904510252063,0,0,0,0,0,1,0,0,0,0,0,0,0,0,0,0,0,0,0,0,1,2,False,True,False,False,False,False,False,False,False,False,False,False,True,False,False,False,False,False,True,False,False,False,False,False,False,False,False,False,University Health Network - Toronto General,2338.8932570730103
Major Arterial,Toronto and East York,No Control,Clear,Daylight,Dry,Non-Fatal Injury,Pedestrian Collisions,True,False,True,False,False,False,False,False,False,False,False,False,False,Trinity-Bellwoods,2011,-0.4999999999999997,-0.8660254037844388,0.9749279121818236,-0.22252093395631434,0.9659258262890683,-0.25881904510252063,0,0,0,0,0,0,1,1,0,0,0,0,0,0,0,0,0,0,0,0,1,3,False,True,False,False,False,False,False,False,False,False,False,False,False,False,False,False,True,False,False,False,False,False,False,False,False,False,False,False,University Health Network - Toronto Western,821.553865388385
Major Arterial,Toronto and East York,Traffic Signal,Clear,Daylight,Dry,Non-Fatal Injury,Turning Movement,False,False,True,True,False,False,False,True,False,False,False,False,False,Annex,2011,-0.4999999999999997,-0.8660254037844388,-0.433883739117558,-0.9009688679024191,-0.2588190451025208,-0.9659258262890683,0,0,0,1,0,0,0,1,1,0,0,0,0,0,0,0,0,0,0,0,0,3,False,True,False,False,False,False,False,False,False,False,False,False,True,False,False,False,True,False,False,False,False,False,True,False,False,False,False,False,University Health Network - Toronto Western,2147.4393346159486
Minor Arterial,Toronto and East York,No Control,Clear,Daylight,Dry,Non-Fatal Injury,Pedestrian Collisions,True,False,True,False,False,False,False,False,False,False,False,False,False,South Riverdale,2011,-0.4999999999999997,-0.8660254037844388,-0.433883739117558,-0.9009688679024191,-0.2588190451025208,-0.9659258262890683,0,0,0,0,0,0,0,0,0,0,1,0,0,0,0,0,0,1,0,0,0,2,False,False,False,False,False,False,False,False,False,True,False,False,False,False,False,False,False,False,False,False,False,False,False,False,True,False,False,False,Michael Garron Hospital,3418.640942250262
Major Arterial,Toronto and East York,No Control,Clear,Dark,Dry,Non-Fatal Injury,Cyclist Collisions,False,True,True,False,False,False,False,False,False,True,False,False,False,High Park-Swansea,2011,-0.4999999999999997,-0.8660254037844388,-0.433883739117558,-0.9009688679024191,-0.7071067811865477,0.7071067811865474,0,0,0,0,0,0,0,0,0,1,0,0,0,0,0,0,0,0,0,0,1,2,False,True,False,False,False,True,False,False,False,False,False,False,False,False,False,False,False,False,False,False,False,True,False,False,False,False,False,False,Unity Health Toronto - St. Joseph's,3234.6374101073015