ROAD_CLASS,DISTRICT,TRAFFCTL,VISIBILITY,LIGHT,RDSFCOND,ACCLASS,IMPACTYPE,PEDESTRIAN,CYCLIST,AUTOMOBILE,MOTORCYCLE,TRUCK,TRSN_CITY_VEH,EMERG_VEH,PASSENGER,SPEEDING,AG_DRIV,REDLIGHT,ALCOHOL,DISABILITY,NEIGHBOURHOOD_158,YEAR,MONTH_sin,MONTH_cos,DOW_sin,DOW_cos,HOUR_sin,HOUR_cos,INVAGE_00to04,INVAGE_05to09,INVAGE_10to14,INVAGE_15to19,INVAGE_20to24,INVAGE_25to29,INVAGE_30to34,INVAGE_35to39,INVAGE_40to44,INVAGE_45to49,INVAGE_50to54,INVAGE_55to59,INVAGE_60to64,INVAGE_65to69,INVAGE_70to74,INVAGE_75to79,INVAGE_80to84,INVAGE_85to89,INVAGE_90to94,INVAGE_Over95,INVAGE_unknown,NUMPERSONS,MANOEUVER_ChangingLanes,MANOEUVER_GoingAhead,MANOEUVER_MakingUTurn,MANOEUVER_Merging,MANOEUVER_Other,MANOEUVER_Overtaking,MANOEUVER_Parked,MANOEUVER_PullingAwayfromShoulderorCurb,MANOEUVER_PullingOntoShoulderortowardCurb,MANOEUVER_Reversing,MANOEUVER_SlowingorStopping,MANOEUVER_Stopped,MANOEUVER_TurningLeft,MANOEUVER_TurningRight,MANOEUVER_Unknown,DRIVACT_DisobeyedTrafficControl,DRIVACT_DrivingProperly,DRIVACT_ExceedingSpeedLimit,DRIVACT_FailedtoYieldRightofWay,DRIVACT_FollowingtooClose,DRIVACT_ImproperLaneChange,DRIVACT_ImproperPassing,DRIVACT_ImproperTurn,DRIVACT_Lostcontrol,DRIVACT_Other,DRIVACT_SpeedtooFastForCondition,DRIVACT_SpeedtooSlow,DRIVACT_WrongWayonOneWayRoad,NEAREST_HOSPITAL,DIST_TO_HOS
Major Arterial,Toronto and East York,No Control,Clear,Dark,Dry,Non-Fatal Injury,Pedestrian Collisions,True,False,True,False,False,False,False,False,False,False,False,False,False,Dufferin Grove,2011,-0.8660254037844385,-0.5000000000000004,-0.7818314824680299,0.6234898018587334,0.49999999999999994,0.8660254037844387,0,0,0,0,0,0,0,0,0,0,1,0,0,0,1,0,0,0,0,0,1,3,False,True,False,False,False,False,False,False,False,False,False,False,False,False,False,False,True,False,False,False,False,False,False,False,False,False,False,False,Unity Health Toronto - St. Joseph's,2749.874477109639
Collector,Etobicoke York,Stop Sign,Clear,Dark,Dry,Non-Fatal Injury,Cyclist Collisions,False,True,True,False,False,False,False,False,False,True,False,False,False,Humber Summit,2011,-0.8660254037844385,-0.5000000000000004,-0.7818314824680299,0.6234898018587334,-0.8660254037844386,0.5000000000000001,0,0,1,0,0,0,0,0,0,0,0,0,0,1,0,0,0,0,0,0,0,2,False,True,False,False,False,False,False,False,False,False,False,False,False,False,False,False,False,False,True,False,False,False,False,False,False,False,False,False,William Osler Health System - Etobicoke,5569.133284094278
Major Arterial,Scarborough,No Control,Clear,Dark,Dry,Non-Fatal Injury,Pedestrian Collisions,True,False,True,False,False,False,False,False,False,False,False,False,False,Bendale South,2011,-0.8660254037844385,-0.5000000000000004,-0.7818314824680299,0.6234898018587334,-0.8660254037844386,0.5000000000000001,0,0,0,0,0,0,0,0,0,0,2,0,0,0,0,0,0,0,0,0,1,3,False,True,False,False,False,False,False,False,False,False,False,False,False,False,False,False,True,False,False,False,False,False,False,False,False,False,False,False,Scarborough Health Network - Scarborough General,98.53094325342681
Local,North York,No Control,Clear,Daylight,Dry,Non-Fatal Injury,Pedestrian Collisions,True,False,True,False,False,False,False,False,False,False,False,False,False,Bedford Park-Nortown,2011,-0.8660254037844385,-0.5000000000000004,0.7818314824680298,0.6234898018587336,-0.9659258262890684,0.2588190451025203,0,1,0,0,0,0,0,0,0,0,0,1,0,0,0,0,0,0,0,0,0,2,False,True,False,False,False,False,False,False,False,False,False,False,False,False,False,False,True,False,False,False,False,False,False,False,False,False,False,False,Sunnybrook Health Sciences Centre - Bayview Campus,3828.1847297191853
Major Arterial,North York,Stop Sign,Clear,Daylight,Dry,Non-Fatal Injury,Pedestrian Collisions,True,False,True,False,False,False,False,False,False,True,False,False,False,Lansing-Westgate,2011,-0.8660254037844385,-0.5000000000000004,0.9749279121818236,-0.22252093395631434,0.8660254037844387,-0.4999999999999998,0,0,0,0,0,0,0,0,0,0,0,0,0,0,0,0,1,0,0,0,1,2,False,False,False,False,False,False,False,False,False,False,False,False,False,True,False,False,False,False,True,False,False,False,False,False,False,False,False,False,Humber River Health - Wilson,7329.27544381679
Collector,Toronto and East York,Traffic Signal,Clear,Daylight,Dry,Non-Fatal Injury,Pedestrian Collisions,True,False,True,False,False,False,False,False,False,True,False,False,False,Wellington Place,2011,-0.8660254037844385,-0.5000000000000004,-0.433883739117558,-0.9009688679024191,-0.7071067811865471,-0.7071067811865479,0,0,0,0,0,0,0,0,0,0,2,0,0,0,0,0,0,0,0,0,0,2,False,False,False,False,False,False,False,False,False,False,False,False,True,False,False,False,False,False,True,False,False,False,False,False,False,False,False,False,University Health Network - Toronto General,2003.9386570767965
Major Arterial,Etobicoke York,Traffic Signal,Rain,Dark,Wet,Non-Fatal Injury,Pedestrian Collisions,True,False,True,False,False,False,False,False,False,False,False,False,False,New Toronto,2011,-0.8660254037844385,-0.5000000000000004,-0.433883739117558,-0.9009688679024191,-0.9659258262890684,0.2588190451025203,0,0,0,0,0,0,2,0,1,0,0,0,0,0,0,0,0,0,0,0,0,3,False,True,False,False,False,False,False,False,False,False,False,False,False,False,False,False,True,False,False,False,False,False,False,False,False,False,False,False,Unity Health Toronto - St. Joseph's,9961.281122877263
Major Arterial,North York,Traffic Signal,Clear,Daylight,Dry,Non-Fatal Injury,Sideswipe,False,False,True,False,False,False,False,False,False,False,False,False,False,Downsview,2011,-1.0,-1.8369701987210297e-16,-0.9749279121818236,-0.2225209339563146,-0.2588190451025208,-0.9659258262890683,0,0,0,0,0,0,0,0,1,0,0,0,0,1,0,0,0,0,0,0,1,3,True,True,False,False,False,False,False,False,False,False,False,False,False,False,False,False,True,False,False,False,True,False,False,False,False,False,False,False,Humber River Health - Wilson,4823.90014381404
Major Arterial,Etobicoke York,No Control,Rain,Daylight,Wet,Non-Fatal Injury,Pedestrian Collisions,True,False,True,False,False,False,False,False,False,True,False,False,False,West Humber-Clairville,2011,-1.0,-1.8369701987210297e-16,0.0,1.0,0.9659258262890683,-0.25881904510252063,0,0,0,0,0,0,1,0,0,0,0,0,0,0,0,0,0,0,0,0,1,2,False,True,False,False,False,False,False,False,False,False,False,False,False,False,False,False,False,False,True,False,False,False,False,False,False,False,False,False,William Osler Health System - Etobicoke,4454.531038274872
Major Arterial,Toronto and East York,No Control,Clear,Daylight,Dry,Non-Fatal Injury,Cyclist Collisions,False,True,True,False,False,False,False,False,False,False,False,False,False,Bay-Cloverhill,2011,-1.0,-1.8369701987210297e-16,0.0,1.0,-0.8660254037844385,-0.5000000000000004,0,0,0,0,0,0,0,0,0,0,0,1,1,0,0,0,0,0,0,0,1,3,False,True,False,False,False,True,False,False,False,False,False,False,False,False,False,False,False,False,False,False,True,False,False,False,False,False,False,False,University Health Network - Toronto General,340.5075429211138
Minor Arterial,Toronto and East York,No Control,Clear,Daylight,Dry,Non-Fatal Injury,Rear End,False,False,False,False,True,False,False,True,False,False,False,False,False,Greenwood-Coxwell,2011,-1.0,-1.8369701987210297e-16,0.0,1.0,-0.9659258262890683,-0.25881904510252063,0,0,0,2,0,0,0,0,0,1,0,0,0,0,0,0,0,0,0,0,1,4,False,True,False,False,False,False,False,False,False,False,False,True,False,False,False,False,True,False,False,False,False,False,False,True,False,False,False,False,Michael Garron Hospital,2853.1817087462405
Major Arterial,Etobicoke York,No Control,Clear,Daylight,Dry,Non-Fatal Injury,SMV Other,False,False,True,False,False,False,False,True,False,True,False,False,False,Rexdale-Kipling,2011,-1.0,-1.8369701987210297e-16,0.7818314824680298,0.6234898018587336,-0.9659258262890683,-0.25881904510252063,0,0,0,0,0,0,0,0,0,0,0,0,0,0,2,0,0,0,0,0,0,2,False,True,False,False,False,False,False,False,False,False,False,False,False,False,False,False,False,False,False,False,False,False,False,True,False,False,False,False,William Osler Health System - Etobicoke,4351.6932382714
Major Arterial,Scarborough,Traffic Signal,Clear,Dark,Dry,Non-Fatal Injury,Turning Movement,False,False,True,False,False,False,False,True,False,True,False,False,False,Bendale-Glen Andrew,2011,-1.0,-1.8369701987210297e-16,0.7818314824680298,0.6234898018587336,-0.7071067811865477,0.7071067811865474,0,0,0,0,2,0,0,0,0,1,0,0,0,0,0,0,0,0,0,0,1,4,False,True,False,False,False,False,False,False,False,False,False,False,True,False,False,False,True,False,True,False,False,False,False,False,False,False,False,False,Scarborough Health Network - Scarborough General,3496.8987186700106
Major Arterial,North York,Traffic Signal,Clear,Daylight,Dry,Non-Fatal Injury,Pedestrian Collisions,True,False,True,False,False,False,False,False,False,False,False,False,False,Bedford Park-Nortown,2011,-1.0,-1.8369701987210297e-16,0.9749279121818236,-0.22252093395631434,0.8660254037844387,-0.4999999999999998,0,0,0,0,0,0,0,0,2,0,0,0,0,0,0,0,0,0,0,0,0,2,False,False,False,False,False,False,False,False,False,False,False,False,True,False,False,False,True,False,False,False,False,False,False,False,False,False,False,False,Sunnybrook Health Sciences Centre - Bayview Campus,3642.6716297271196
Major Arterial,Etobicoke York,No Control,Clear,Dark,Dry,Non-Fatal Injury,Pedestrian Collisions,True,False,True,False,False,False,False,False,False,False,False,False,False,Glenfield-Jane Heights,2011,-1.0,-1.8369701987210297e-16,0.43388373911755823,-0.900968867902419,-0.8660254037844386,0.5000000000000001,0,0,0,0,0,0,0,0,0,0,0,0,0,2,0,0,0,0,0,0,0,2,False,True,False,False,True,False,False,False,False,False,False,False,False,False,False,False,False,False,False,False,False,False,False,False,False,False,False,False,Humber River Health - Wilson,4181.131324534072
Local,Scarborough,No Control,Clear,Dark,Dry,Non-Fatal Injury,Pedestrian Collisions,True,False,False,False,False,False,False,False,False,False,False,False,False,Wexford/Maryvale,2011,-1.0,-1.8369701987210297e-16,0.43388373911755823,-0.900968867902419,-0.8660254037844386,0.5000000000000001,0,0,0,0,0,0,0,0,0,0,1,0,0,0,0,0,0,0,0,0,3,4,False,False,False,False,False,False,False,False,False,True,False,False,False,False,False,False,False,False,False,False,False,False,False,False,False,False,False,False,Scarborough Health Network - Scarborough General,4546.672556748032
Major Arterial,Etobicoke York,Traffic Signal,Clear,Dark,Dry,Non-Fatal Injury,Pedestrian Collisions,True,False,True,False,False,False,False,False,False,True,False,False,False,Rexdale-Kipling,2011,-1.0,-1.8369701987210297e-16,-0.433883739117558,-0.9009688679024191,0.0,1.0,0,0,0,0,1,0,0,0,0,0,1,0,0,0,0,0,0,0,0,0,0,2,False,False,False,False,False,False,False,False,False,False,False,False,True,False,False,False,False,False,True,False,False,False,False,False,False,False,False,False,William Osler Health System - Etobicoke,5080.15803827194
Collector,North York,No Control,Clear,Daylight,Dry,Non-Fatal Injury,Pedestrian Collisions,True,False,True,False,False,False,False,False,False,False,False,False,False,Newtonbrook West,2011,-1.0,-1.8369701987210297e-16,-0.433883739117558,-0.9009688679024191,0.49999999999999994,-0.8660254037844387,0,0,0,1,0,0,0,0,0,0,0,0,0,1,0,0,0,0,0,0,0,2,False,False,False,False,False,False,False,False,False,False,False,False,True,False,False,False,False,False,False,False,False,False,False,True,False,False,False,False,North York General Hospital - General Site,8717.15545515099
Local,Etobicoke York,Stop Sign,Clear,Daylight,Dry,Non-Fatal Injury,SMV Other,False,False,False,True,False,False,False,True,False,False,False,False,False,Kingsview Village-The Westway,2011,-1.0,-1.8369701987210297e-16,-0.9749279121818236,-0.2225209339563146,-0.2588190451025208,-0.9659258262890683,0,0,0,0,0,1,1,0,0,0,0,0,0,0,0,0,0,0,0,0,0,2,False,True,False,False,False,False,False,False,False,False,False,False,False,False,False,False,False,False,False,False,False,False,False,True,False,False,False,False,William Osler Health System - Etobicoke,6915.409638280864
Major Arterial,Etobicoke York,Stop Sign,Clear,Daylight,Dry,Non-Fatal Injury,Pedestrian Collisions,True,False,True,False,False,False,False,False,False,True,False,False,False,Beechborough-Greenbrook,2011,-1.0,-1.8369701987210297e-16,-0.7818314824680299,0.6234898018587334,-0.9659258262890683,-0.25881904510252063,0,0,0,0,0,2,0,0,0,0,0,0,0,0,0,0,0,0,0,0,0,2,False,False,False,False,False,False,False,False,False,False,False,False,False,True,False,False,False,False,True,False,False,False,False,False,False,False,False,False,Humber River Health - Wilson,4601.43927546707
Minor Arterial,North York,No Control,Clear,Dark,Dry,Non-Fatal Injury,Pedestrian Collisions,True,False,True,False,False,False,False,False,True,True,False,True,False,Yonge-Doris,2011,-1.0,-1.8369701987210297e-16,0.0,1.0,0.9659258262890683,0.25881904510252074,0,0,0,0,1,1,0,0,0,0,0,0,0,0,0,0,0,0,0,0,0,2,False,True,False,False,False,False,False,False,False,False,False,False,False,False,False,False,False,False,False,False,False,False,False,True,False,False,False,False,North York General Hospital - General Site,4503.478155159275
Expressway,Etobicoke York,No Control,Clear,Dark,Dry,Non-Fatal Injury,SMV Other,False,False,True,False,False,False,False,False,False,False,False,False,False,Mimico-Queensway,2011,-1.0,-1.8369701987210297e-16,0.0,1.0,1.0,6.123233995736766e-17,0,0,0,0,0,0,0,0,1,0,0,0,0,0,0,0,0,0,0,0,1,2,False,True,False,False,False,False,False,False,False,False,False,False,False,False,False,False,False,False,False,False,False,False,False,True,False,False,False,False,Unity Health Toronto - St. Joseph's,7271.407422882738
Major Arterial,Scarborough,Traffic Signal,Clear,"Dark, artificial",Dry,Fatal,SMV Other,False,False,True,False,False,False,False,True,False,False,False,False,False,East L'Amoreaux,2011,-1.0,-1.8369701987210297e-16,0.0,1.0,1.0,6.123233995736766e-17,0,0,0,0,1,1,0,0,0,0,0,0,0,0,0,0,0,0,0,0,2,4,False,True,False,False,False,False,False,False,False,False,False,False,False,False,False,False,False,False,False,False,False,False,False,True,False,False,False,False,Scarborough Health Network - Birchmount,953.2357965547126
Major Arterial,Toronto and East York,No Control,Clear,Daylight,Dry,Non-Fatal Injury,Turning Movement,False,False,True,False,False,False,False,False,False,True,False,False,False,Danforth,2011,-1.0,-1.8369701987210297e-16,0.7818314824680298,0.6234898018587336,-1.0,-1.8369701987210297e-16,0,0,0,0,0,0,0,1,0,0,0,0,0,0,0,1,0,0,0,0,0,2,False,True,False,False,False,False,False,False,False,False,False,False,True,False,False,False,True,False,True,False,False,False,False,False,False,False,False,False,Michael Garron Hospital,1966.3300422502216
Minor Arterial,Toronto and East York,No Control,Clear,Dark,Dry,Non-Fatal Injury,SMV Unattended Vehicle,False,False,True,False,False,False,False,False,False,True,False,False,False,Downtown Yonge East,2011,-1.0,-1.8369701987210297e-16,0.9749279121818236,-0.22252093395631434,0.7071067811865476,0.7071067811865476,0,0,0,0,0,0,0,0,0,0,0,1,0,0,0,0,0,0,0,0,2,3,False,True,False,False,False,False,True,False,False,False,False,False,False,False,False,False,False,False,False,False,False,False,False,True,False,False,False,False,Unity Health Toronto - St. Michael's,188.55421780468896
Major Arterial,Toronto and East York,No Control,Rain,Daylight,Wet,Non-Fatal Injury,Pedestrian Collisions,True,False,True,False,False,False,False,False,False,False,False,False,False,Yonge-Eglinton,2011,-1.0,-1.8369701987210297e-16,0.9749279121818236,-0.22252093395631434,1.2246467991473532e-16,-1.0,0,0,0,1,0,0,0,0,0,0,0,0,1,0,0,0,0,0,0,0,0,2,False,True,False,False,False,False,False,False,False,False,False,False,False,False,False,False,True,False,False,False,False,False,False,False,False,False,False,False,Sunnybrook Health Sciences Centre - Bayview Campus,4067.6873297268758
Major Arterial,Toronto and East York,No Control,Clear,Daylight,Other,Non-Fatal Injury,Pedestrian Collisions,True,False,True,False,False,False,False,False,False,False,False,False,False,High Park North,2011,-1.0,-1.8369701987210297e-16,0.9749279121818236,-0.22252093395631434,-0.2588190451025208,-0.9659258262890683,0,0,0,0,0,0,0,0,0,0,0,0,0,0,0,0,0,0,0,0,2,2,False,True,False,False,True,False,False,False,False,False,False,False,False,False,False,False,False,False,False,False,False,False,False,False,False,False,False,False,Unity Health Toronto - St. Joseph's,3424.6115101005416
Major Arterial,Etobicoke York,Traffic Signal,Clear,Dusk,Dry,Non-Fatal Injury,Pedestrian Collisions,True,False,True,False,False,False,False,True,False,True,True,False,False,York University Heights,2011,-1.0,-1.8369701987210297e-16,0.43388373911755823,-0.900968867902419,-1.0,-1.8369701987210297e-16,0,0,0,0,2,0,0,0,0,0,1,0,0,1,0,0,0,0,0,0,1,5,False,True,False,False,False,False,False,False,False,False,False,False,True,False,True,True,False,False,False,False,False,False,False,False,False,False,False,False,Humber River Health - Wilson,3155.459343824652
Major Arterial,Scarborough,No Control,Clear,Daylight,Wet,Non-Fatal Injury,Pedestrian Collisions,True,False,True,False,False,False,False,False,False,False,False,False,False,Agincourt South-Malvern West,2011,-1.0,-1.8369701987210297e-16,-0.433883739117558,-0.9009688679024191,0.9659258262890683,-0.25881904510252063,0,0,0,0,0,0,0,0,0,0,0,1,0,0,0,0,1,0,0,0,1,3,False,False,False,False,False,False,False,False,False,True,False,False,False,False,False,False,False,False,False,False,False,False,False,False,True,False,False,False,Scarborough Health Network - Birchmount,4946.389096554136
Major Arterial,Toronto and East York,Stop Sign,Clear,Daylight,Dry,Non-Fatal Injury,Pedestrian Collisions,True,False,True,False,False,False,False,False,False,True,False,False,False,Kensington-Chinatown,2011,-1.0,-1.8369701987210297e-16,0.0,1.0,0.7071067811865476,-0.7071067811865475,0,0,0,0,0,0,0,0,0,0,0,0,0,0,0,0,2,0,0,0,0,2,False,False,False,False,False,False,False,False,False,False,False,False,True,False,False,False,False,False,True,False,False,False,False,False,False,False,False,False,University Health Network - Toronto Western,611.5514029685874
Minor Arterial,Toronto and East York,Traffic Signal,Clear,"Dark, artificial",Dry,Non-Fatal Injury,Pedestrian Collisions,True,False,True,False,False,False,False,False,False,False,False,False,False,Dufferin Grove,2011,-1.0,-1.8369701987210297e-16,0.7818314824680298,0.6234898018587336,1.0,6.123233995736766e-17,0,0,0,0,0,0,1,0,0,0,0,1,0,0,0,0,0,0,0,0,0,2,False,False,False,False,False,False,False,False,False,False,False,False,True,False,False,False,False,False,False,False,False,False,True,False,False,False,False,False,Unity Health Toronto - St. Joseph's,2115.10017711157
Major Arterial,North York,No Control,Clear,"Dark, artificial",Other,Fatal,Pedestrian Collisions,True,False,True,False,False,False,False,False,False,False,False,False,False,Clanton Park,2011,-1.0,-1.8369701987210297e-16,0.7818314824680298,0.6234898018587336,1.0,6.123233995736766e-17,0,0,0,0,0,0,0,0,1,1,0,0,0,0,0,0,0,0,0,0,0,2,False,True,False,False,False,False,False,False,False,False,False,False,False,False,False,False,True,False,False,False,False,False,False,False,False,False,False,False,Humber River Health - Wilson,5080.138643827406
Minor Arterial,Toronto and East York,Traffic Signal,Clear,Daylight,Dry,Non-Fatal Injury,Cyclist Collisions,False,True,True,False,False,False,False,False,False,False,False,False,False,Dufferin Grove,2011,-1.0,-1.8369701987210297e-16,0.7818314824680298,0.6234898018587336,0.8660254037844387,-0.4999999999999998,0,0,0,0,0,0,0,1,1,0,0,0,0,0,0,0,0,0,0,0,0,2,False,True,False,False,False,False,False,False,False,False,True,False,False,False,False,False,False,False,False,False,False,False,False,False,True,False,False,False,Unity Health Toronto - St. Joseph's,2115.10017711157
Local,North York,No Control,Clear,Dark,Dry,Non-Fatal Injury,Rear End,False,False,True,False,True,False,False,True,False,True,False,False,False,Banbury-Don Mills,2011,-1.0,-1.8369701987210297e-16,0.7818314824680298,0.6234898018587336,-0.5000000000000004,0.8660254037844384,0,0,0,0,1,0,0,2,0,0,0,0,2,0,0,0,0,0,0,0,2,7,False,True,False,False,False,False,False,False,False,False,False,False,False,False,False,False,True,False,False,False,False,False,False,True,False,False,False,False,North York General Hospital - General Site,5847.148744851118
Major Arterial,Scarborough,Traffic Signal,Rain,Dark,Wet,Non-Fatal Injury,Pedestrian Collisions,True,False,True,False,False,False,False,False,False,True,False,False,False,Tam O'Shanter-Sullivan,2011,-1.0,-1.8369701987210297e-16,0.9749279121818236,-0.22252093395631434,-0.8660254037844386,0.5000000000000001,0,0,0,0,0,0,0,0,1,1,0,1,0,0,0,0,0,0,0,0,0,3,False,True,False,False,False,False,False,False,False,False,False,False,False,False,False,False,False,False,True,False,False,False,False,False,False,False,False,False,Scarborough Health Network - Birchmount,4131.957796549075
Major Arterial,Toronto and East York,No Control,Rain,Dark,Wet,Non-Fatal Injury,Pedestrian Collisions,True,False,True,False,False,False,False,False,False,False,False,False,False,Yonge-St.Clair,2011,-1.0,-1.8369701987210297e-16,0.9749279121818236,-0.22252093395631434,-0.7071067811865477,0.7071067811865474,0,0,0,0,0,0,0,0,1,0,0,0,0,0,1,0,0,0,0,0,1,3,False,True,False,False,False,False,False,False,False,False,False,False,False,False,False,False,True,False,False,False,False,False,False,False,False,False,False,False,University Health Network - Toronto General,4014.7931407095166
Major Arterial,Toronto and East York,Traffic Signal,Rain,Dark,Wet,Non-Fatal Injury,Pedestrian Collisions,True,False,True,False,False,False,False,False,False,True,False,False,False,Moss Park,2011,-1.0,-1.8369701987210297e-16,0.9749279121818236,-0.22252093395631434,-0.5000000000000004,0.8660254037844384,0,0,0,0,0,0,1,0,0,0,0,0,0,0,1,0,0,0,0,0,0,2,False,True,False,False,False,False,False,False,False,False,False,False,False,False,False,False,False,False,True,False,False,False,False,False,False,False,False,False,Unity Health Toronto - St. Michael's,725.967882195022
Major Arterial,Toronto and East York,Traffic Signal,Rain,Dusk,Wet,Non-Fatal Injury,Pedestrian Collisions,True,False,True,False,False,False,False,False,False,False,False,False,False,Downtown Yonge East,2011,-1.0,-1.8369701987210297e-16,0.43388373911755823,-0.900968867902419,1.0,6.123233995736766e-17,0,0,0,0,0,0,0,0,1,0,1,0,0,0,0,0,0,0,0,0,1,3,False,True,False,False,False,False,False,False,False,False,False,False,False,False,False,False,True,False,False,False,False,False,False,False,False,False,False,False,Unity Health Toronto - St. Michael's,314.58664717979264
Major Arterial,Toronto and East York,No Control,Clear,Daylight,Dry,Non-Fatal Injury,Pedestrian Collisions,True,False,True,False,False,False,False,False,False,False,False,False,False,Downtown Yonge East,2011,-1.0,-1.8369701987210297e-16,0.43388373911755823,-0.900968867902419,0.258819045102521,-0.9659258262890682,0,0,0,0,0,0,0,0,1,1,0,0,0,0,0,0,0,0,0,0,1,3,False,True,False,False,False,False,False,False,False,False,False,False,False,False,False,False,True,False,False,False,False,False,False,False,False,False,False,False,University Health Network - Toronto General,617.7549592866562
Major Arterial,Toronto and East York,Traffic Signal,Clear,Dark,Dry,Fatal,Pedestrian Collisions,True,False,False,False,True,False,False,True,False,False,False,False,False,Wellington Place,2011,-1.0,-1.8369701987210297e-16,-0.433883739117558,-0.9009688679024191,1.0,6.123233995736766e-17,0,0,0,0,0,1,1,1,0,0,0,0,0,0,0,0,0,0,0,0,1,4,False,False,False,False,False,False,False,False,False,False,False,False,False,True,False,False,True,False,False,False,False,False,False,False,False,False,False,False,University Health Network - Toronto Western,1798.2764653890627
Minor Arterial,Toronto and East York,No Control,Clear,Daylight,Dry,Non-Fatal Injury,Pedestrian Collisions,True,False,True,False,False,False,False,False,False,False,False,False,False,South Riverdale,2011,-1.0,-1.8369701987210297e-16,0.0,1.0,-0.7071067811865471,-0.7071067811865479,0,0,0,0,0,0,0,0,0,0,0,1,0,0,0,0,0,0,0,0,1,2,False,True,False,False,False,False,False,False,False,False,False,False,False,False,False,False,False,False,False,False,False,False,False,False,True,False,False,False,Michael Garron Hospital,3071.034942243714
Collector,North York,Stop Sign,Clear,Dark,Dry,Non-Fatal Injury,Pedestrian Collisions,True,False,True,False,False,False,False,False,False,True,False,False,False,Yonge-Eglinton,2011,-1.0,-1.8369701987210297e-16,0.0,1.0,-0.9659258262890684,0.2588190451025203,0,0,0,0,0,0,0,0,0,1,0,0,0,0,0,0,0,0,1,0,1,3,False,False,False,False,False,False,False,False,False,False,False,False,True,False,False,False,False,False,True,False,False,False,False,False,False,False,False,False,Sunnybrook Health Sciences Centre - Bayview Campus,3547.8623297202867
Local,North York,Stop Sign,Rain,Daylight,Wet,Non-Fatal Injury,Pedestrian Collisions,True,False,True,False,False,False,False,False,False,True,False,False,False,Bayview Woods-Steeles,2011,-1.0,-1.8369701987210297e-16,0.9749279121818236,-0.22252093395631434,0.7071067811865476,-0.7071067811865475,0,0,0,0,0,0,1,0,1,0,0,0,0,0,0,0,0,0,0,0,0,2,False,False,False,False,False,False,False,False,False,False,False,False,True,False,False,False,False,False,True,False,False,False,False,False,False,False,False,False,North York General Hospital - General Site,4253.258855150198
Major Arterial,Toronto and East York,No Control,Rain,Dark,Wet,Non-Fatal Injury,Pedestrian Collisions,True,False,True,False,False,False,False,True,False,False,False,False,False,Bay-Cloverhill,2011,-1.0,-1.8369701987210297e-16,0.9749279121818236,-0.22252093395631434,-0.8660254037844386,0.5000000000000001,0,0,0,0,1,0,0,0,0,0,0,0,0,0,1,0,0,0,0,0,2,4,False,True,False,False,True,False,False,False,False,False,False,False,False,False,False,False,True,False,False,False,False,False,False,False,False,False,False,False,University Health Network - Toronto General,1303.621440709103
Major Arterial,Toronto and East York,No Control,Rain,Dark,Wet,Non-Fatal Injury,Pedestrian Collisions,True,False,True,False,False,False,False,False,False,True,False,True,False,Casa Loma,2011,-1.0,-1.8369701987210297e-16,0.9749279121818236,-0.22252093395631434,-0.8660254037844386,0.5000000000000001,0,0,0,0,0,0,0,0,0,0,0,0,0,1,0,1,0,0,0,0,0,2,False,True,False,False,False,False,False,False,False,False,False,False,False,False,False,False,False,False,False,False,False,False,False,False,True,False,False,False,University Health Network - Toronto Western,4094.5257346099243
Major Arterial,Etobicoke York,Traffic Signal,Clear,Daylight,Dry,Non-Fatal Injury,Pedestrian Collisions,True,False,True,False,False,False,False,False,False,True,False,False,False,Glenfield-Jane Heights,2011,-1.0,-1.8369701987210297e-16,-0.433883739117558,-0.9009688679024191,-0.7071067811865471,-0.7071067811865479,0,0,0,0,0,1,0,0,0,0,0,0,0,0,0,0,1,0,0,0,1,3,False,False,False,False,False,False,False,False,False,False,False,False,True,False,False,False,False,False,True,False,False,False,False,False,False,False,False,False,Humber River Health - Wilson,4469.390224533388
Minor Arterial,Etobicoke York,No Control,Clear,Daylight,Dry,Non-Fatal Injury,Rear End,False,False,True,False,False,False,False,False,False,False,False,False,False,Keelesdale-Eglinton West,2011,-1.0,-1.8369701987210297e-16,-0.9749279121818236,-0.2225209339563146,-0.4999999999999997,-0.8660254037844388,0,0,0,0,0,0,1,1,0,0,0,0,0,0,0,0,0,0,0,0,0,2,False,False,False,False,False,False,False,False,False,False,True,True,False,False,False,False,True,False,False,False,False,False,False,True,False,False,False,False,Unity Health Toronto - St. Joseph's,5945.226710107876
Minor Arterial,Toronto and East York,Traffic Signal,Clear,Dark,Dry,Non-Fatal Injury,Cyclist Collisions,False,True,True,False,False,False,False,False,False,False,False,False,False,Downtown Yonge East,2011,-1.0,-1.8369701987210297e-16,-0.9749279121818236,-0.2225209339563146,-0.9659258262890684,0.2588190451025203,0,0,0,0,1,1,0,0,0,0,1,0,0,0,0,0,0,0,0,0,2,5,False,True,False,False,False,True,True,False,False,False,False,False,False,False,False,False,False,False,False,False,False,False,False,False,True,False,False,False,Unity Health Toronto - St. Michael's,559.0112178068375