ROAD_CLASS,DISTRICT,TRAFFCTL,VISIBILITY,LIGHT,RDSFCOND,ACCLASS,IMPACTYPE,PEDESTRIAN,CYCLIST,AUTOMOBILE,MOTORCYCLE,TRUCK,TRSN_CITY_VEH,EMERG_VEH,PASSENGER,SPEEDING,AG_DRIV,REDLIGHT,ALCOHOL,DISABILITY,NEIGHBOURHOOD_158,YEAR,MONTH_sin,MONTH_cos,DOW_sin,DOW_cos,HOUR_sin,HOUR_cos,INVAGE_00to04,INVAGE_05to09,INVAGE_10to14,INVAGE_15to19,INVAGE_20to24,INVAGE_25to29,INVAGE_30to34,INVAGE_35to39,INVAGE_40to44,INVAGE_45to49,INVAGE_50to54,INVAGE_55to59,INVAGE_60to64,INVAGE_65to69,INVAGE_70to74,INVAGE_75to79,INVAGE_80to84,INVAGE_85to89,INVAGE_90to94,INVAGE_Over95,INVAGE_unknown,NUMPERSONS,MANOEUVER_ChangingLanes,MANOEUVER_GoingAhead,MANOEUVER_MakingUTurn,MANOEUVER_Merging,MANOEUVER_Other,MANOEUVER_Overtaking,MANOEUVER_Parked,MANOEUVER_PullingAwayfromShoulderorCurb,MANOEUVER_PullingOntoShoulderortowardCurb,MANOEUVER_Reversing,MANOEUVER_SlowingorStopping,MANOEUVER_Stopped,MANOEUVER_TurningLeft,MANOEUVER_TurningRight,MANOEUVER_Unknown,DRIVACT_DisobeyedTrafficControl,DRIVACT_DrivingProperly,DRIVACT_ExceedingSpeedLimit,DRIVACT_FailedtoYieldRightofWay,DRIVACT_FollowingtooClose,DRIVACT_ImproperLaneChange,DRIVACT_ImproperPassing,DRIVACT_ImproperTurn,DRIVACT_Lostcontrol,DRIVACT_Other,DRIVACT_SpeedtooFastForCondition,DRIVACT_SpeedtooSlow,DRIVACT_WrongWayonOneWayRoad,NEAREST_HOSPITAL,DIST_TO_HOS
Major Arterial,Etobicoke York,No Control,Clear,Dark,Dry,Non-Fatal Injury,Pedestrian Collisions,True,False,True,False,False,False,False,False,False,False,False,False,False,Thistletown-Beaumond Heights,2011,-1.0,-1.8369701987210297e-16,-0.9749279121818236,-0.2225209339563146,-0.8660254037844386,0.5000000000000001,0,0,0,0,0,1,0,0,0,0,1,0,0,0,0,0,0,0,0,0,0,2,False,True,False,False,False,False,False,False,False,False,False,False,False,False,False,False,True,False,False,False,False,False,False,False,False,False,False,False,William Osler Health System - Etobicoke,2948.6543840926606
Major Arterial,Scarborough,No Control,Clear,Dark,Dry,Non-Fatal Injury,Pedestrian Collisions,True,False,True,False,False,False,False,False,False,False,False,False,False,Oakridge,2011,-1.0,-1.8369701987210297e-16,-0.7818314824680299,0.6234898018587334,-0.8660254037844386,0.5000000000000001,0,0,0,0,0,0,0,0,0,1,0,0,0,0,0,0,0,0,0,0,1,2,False,True,False,False,False,False,False,False,False,False,False,False,False,False,False,False,True,False,False,False,False,False,False,False,False,False,False,False,Michael Garron Hospital,4056.6541577430908
Major Arterial,North York,Traffic Signal,Clear,Daylight,Dry,Non-Fatal Injury,Rear End,False,False,True,False,False,False,False,False,False,True,False,False,False,Leaside-Bennington,2011,-1.0,-1.8369701987210297e-16,0.0,1.0,0.7071067811865476,-0.7071067811865475,0,0,0,0,0,1,0,0,0,0,0,0,0,0,0,0,0,0,0,0,1,2,False,True,False,False,False,False,False,False,False,False,False,True,False,False,False,False,True,False,False,True,False,False,False,False,False,False,False,False,Sunnybrook Health Sciences Centre - Bayview Campus,3527.317830067943
Minor Arterial,Toronto and East York,No Control,Clear,Daylight,Dry,Non-Fatal Injury,Cyclist Collisions,False,True,False,False,True,False,False,False,False,False,False,False,False,Cabbagetown-South St.James Town,2011,-1.0,-1.8369701987210297e-16,0.0,1.0,0.49999999999999994,-0.8660254037844387,0,0,0,0,0,0,1,0,0,0,0,0,1,0,0,0,0,0,0,0,1,3,False,False,False,False,False,False,False,False,False,False,False,False,False,True,False,False,True,False,False,False,False,False,False,False,False,False,False,False,Unity Health Toronto - St. Michael's,2065.5931471821386
Major Arterial,Etobicoke York,Stop Sign,Clear,Daylight,Dry,Non-Fatal Injury,Turning Movement,False,False,True,True,False,False,False,False,False,True,False,False,False,New Toronto,2011,-1.0,-1.8369701987210297e-16,0.0,1.0,1.2246467991473532e-16,-1.0,0,0,0,0,0,0,0,0,0,0,0,1,0,0,0,1,0,0,0,0,1,3,False,True,False,False,False,False,False,False,False,False,False,False,True,False,False,False,True,False,True,False,False,False,False,False,False,False,False,False,Unity Health Toronto - St. Joseph's,8968.151222886518
Minor Arterial,Toronto and East York,Stop Sign,Clear,Dark,Dry,Non-Fatal Injury,Turning Movement,False,False,True,True,False,False,False,False,False,True,False,False,False,Oakwood Village,2011,-0.8660254037844386,0.5000000000000001,0.9749279121818236,-0.22252093395631434,1.0,6.123233995736766e-17,0,0,0,0,0,0,0,1,0,0,0,0,0,1,0,0,0,0,0,0,0,2,False,True,False,False,False,False,False,False,False,False,False,False,True,False,False,False,True,False,True,False,False,False,False,False,False,False,False,False,Unity Health Toronto - St. Joseph's,6102.460177107481
Major Arterial,Toronto and East York,Stop Sign,Clear,Daylight,Dry,Non-Fatal Injury,Turning Movement,False,False,True,True,False,False,False,False,False,True,False,False,False,Little Portugal,2011,-0.8660254037844386,0.5000000000000001,0.9749279121818236,-0.22252093395631434,-0.8660254037844385,-0.5000000000000004,0,0,0,1,0,0,0,0,0,0,0,0,0,1,0,0,0,0,0,0,1,3,False,True,False,False,False,False,False,False,False,False,False,False,False,True,False,False,True,False,True,False,False,False,False,False,False,False,False,False,University Health Network - Toronto Western,1933.1990970332408
Major Arterial,Etobicoke York,Traffic Signal,Clear,Dawn,Dry,Non-Fatal Injury,Pedestrian Collisions,True,False,True,False,False,False,False,False,False,True,False,False,False,Oakdale-Beverley Heights,2011,-0.8660254037844386,0.5000000000000001,-0.433883739117558,-0.9009688679024191,0.9659258262890683,-0.25881904510252063,0,0,0,0,0,0,0,0,0,1,0,0,0,1,0,0,0,0,0,0,1,3,False,False,False,False,False,False,False,False,False,False,False,False,False,True,False,False,False,False,True,False,False,False,False,False,False,False,False,False,Humber River Health - Wilson,1908.6153561746469
Major Arterial,Toronto and East York,No Control,Clear,Daylight,Dry,Non-Fatal Injury,Pedestrian Collisions,True,False,True,False,False,False,False,False,False,True,False,False,False,East End-Danforth,2011,-0.8660254037844386,0.5000000000000001,-0.433883739117558,-0.9009688679024191,-0.7071067811865471,-0.7071067811865479,0,0,0,0,0,0,0,0,0,0,0,0,0,0,2,0,0,0,0,0,0,2,False,False,False,False,False,False,False,False,False,False,False,False,True,False,False,False,False,False,True,False,False,False,False,False,False,False,False,False,Michael Garron Hospital,1992.8138087333646
Major Arterial,Toronto and East York,No Control,Clear,Daylight,Dry,Non-Fatal Injury,Cyclist Collisions,False,True,True,False,False,False,False,False,False,True,False,False,False,Dufferin Grove,2011,-0.8660254037844386,0.5000000000000001,-0.433883739117558,-0.9009688679024191,-0.9659258262890683,-0.25881904510252063,0,0,0,0,0,0,1,0,0,0,1,0,0,0,0,0,0,0,0,0,0,2,False,True,False,False,False,False,False,False,False,False,False,False,True,False,False,False,False,False,True,False,False,False,False,False,False,False,False,False,University Health Network - Toronto Western,2825.1094346228056
Major Arterial,Toronto and East York,No Control,Clear,"Dark, artificial",Dry,Non-Fatal Injury,Pedestrian Collisions,True,False,True,False,False,True,False,False,True,True,False,True,False,West Queen West,2011,-0.8660254037844386,0.5000000000000001,-0.9749279121818236,-0.2225209339563146,-0.5000000000000004,0.8660254037844384,0,0,0,0,1,1,2,0,0,0,0,0,0,0,0,0,0,0,0,0,2,6,False,True,False,False,False,False,False,False,False,False,False,True,False,False,False,False,True,True,False,False,False,False,False,False,False,False,False,False,University Health Network - Toronto Western,1324.235865386785
Minor Arterial,Toronto and East York,Stop Sign,Clear,Daylight,Dry,Fatal,Cyclist Collisions,False,True,False,False,True,False,False,False,False,False,False,False,False,Little Portugal,2011,-0.8660254037844386,0.5000000000000001,0.0,1.0,1.2246467991473532e-16,-1.0,0,0,0,0,0,0,0,1,0,0,0,0,0,1,0,0,0,0,0,0,1,3,False,False,False,False,False,False,False,False,False,False,False,False,False,True,False,False,True,False,False,False,False,False,False,False,False,False,False,False,Unity Health Toronto - St. Joseph's,1834.1196771101095
Collector,North York,Stop Sign,Clear,Dusk,Wet,Non-Fatal Injury,Angle,False,False,True,False,False,False,False,True,False,True,False,False,False,Mount Pleasant East,2011,-0.8660254037844386,0.5000000000000001,0.7818314824680298,0.6234898018587336,-0.9659258262890683,-0.25881904510252063,0,0,0,0,0,0,0,0,1,2,0,0,0,0,0,0,0,0,0,0,1,4,False,True,False,False,False,False,False,False,False,False,False,False,False,False,False,False,True,False,True,False,False,False,False,False,False,False,False,False,Sunnybrook Health Sciences Centre - Bayview Campus,2107.60733007628
Major Arterial,Toronto and East York,No Control,Clear,"Dark, artificial",Dry,Non-Fatal Injury,Pedestrian Collisions,True,False,True,False,False,False,False,False,False,False,False,False,False,Kensington-Chinatown,2011,-0.8660254037844386,0.5000000000000001,0.7818314824680298,0.6234898018587336,-0.8660254037844386,0.5000000000000001,0,0,0,0,0,0,0,0,0,0,0,0,0,0,1,0,0,1,0,0,0,2,False,True,False,False,False,False,False,False,False,False,False,False,False,False,False,False,True,False,False,False,False,False,False,False,False,False,False,False,University Health Network - Toronto Western,1218.8929653922096
Major Arterial,North York,No Control,Rain,"Dark, artificial",Wet,Non-Fatal Injury,Pedestrian Collisions,True,False,True,False,False,False,False,False,False,False,False,False,False,Hillcrest Village,2011,-0.8660254037844386,0.5000000000000001,0.9749279121818236,-0.22252093395631434,-1.0,-1.8369701987210297e-16,0,0,0,0,1,0,0,0,0,0,0,1,0,0,0,0,0,0,0,0,0,2,False,True,False,False,False,False,False,False,False,False,False,False,False,False,False,False,True,False,False,False,False,False,False,False,False,False,False,False,North York General Hospital - General Site,3337.6273894089973
Local,Toronto and East York,No Control,Clear,Daylight,Dry,Fatal,SMV Other,False,False,True,False,False,False,False,True,True,True,False,False,True,Broadview North,2011,-0.8660254037844386,0.5000000000000001,0.43388373911755823,-0.900968867902419,0.258819045102521,-0.9659258262890682,0,0,0,0,0,0,0,0,1,0,2,1,0,0,0,1,0,0,0,0,2,7,False,True,False,False,False,False,False,False,False,False,False,False,False,False,False,False,True,False,False,False,False,False,False,True,False,False,False,False,Michael Garron Hospital,3770.914542237064
Major Arterial,Etobicoke York,No Control,Clear,"Dark, artificial",Dry,Non-Fatal Injury,Pedestrian Collisions,True,False,True,False,False,False,False,False,False,False,False,False,False,Rockcliffe-Smythe,2011,-0.8660254037844386,0.5000000000000001,-0.433883739117558,-0.9009688679024191,1.0,6.123233995736766e-17,0,0,0,0,0,0,1,0,0,0,1,0,0,0,0,0,0,0,0,0,0,2,False,True,False,False,False,False,False,False,False,False,False,False,False,False,False,False,True,False,False,False,False,False,False,False,False,False,False,False,Humber River Health - Wilson,5725.214756180299
Major Arterial,Scarborough,Traffic Signal,Clear,Daylight,Dry,Non-Fatal Injury,Rear End,False,False,True,False,True,False,False,False,False,True,False,False,False,Woburn North,2011,-0.8660254037844386,0.5000000000000001,-0.433883739117558,-0.9009688679024191,-0.2588190451025208,-0.9659258262890683,0,0,0,0,1,1,0,0,0,1,0,0,0,0,0,0,0,0,0,0,3,6,False,True,False,False,False,False,False,False,False,False,True,True,False,False,False,False,True,False,False,True,False,False,False,False,False,False,False,False,Scarborough Health Network - Centenary,2487.3794569623424
Major Arterial,Etobicoke York,Traffic Signal,Clear,"Dark, artificial",Dry,Non-Fatal Injury,Pedestrian Collisions,True,False,True,False,False,False,False,False,False,True,False,False,False,Rexdale-Kipling,2011,-0.8660254037844386,0.5000000000000001,-0.433883739117558,-0.9009688679024191,-0.5000000000000004,0.8660254037844384,0,0,0,0,0,0,0,0,0,0,1,0,1,0,0,0,0,0,0,0,1,3,False,False,False,False,False,False,False,False,False,False,False,False,True,False,False,False,False,False,True,False,False,False,False,False,False,False,False,False,William Osler Health System - Etobicoke,5080.15803827194
Minor Arterial,Etobicoke York,No Control,Clear,Daylight,Dry,Non-Fatal Injury,Turning Movement,False,False,True,False,False,False,False,False,False,False,False,False,False,Rockcliffe-Smythe,2011,-0.8660254037844386,0.5000000000000001,-0.9749279121818236,-0.2225209339563146,-0.4999999999999997,-0.8660254037844388,0,0,0,0,0,0,0,0,0,0,0,1,0,0,0,1,0,0,0,0,1,3,False,True,True,False,False,False,False,False,False,False,False,False,False,False,False,False,True,False,False,False,False,False,True,False,False,False,False,False,Humber River Health - Wilson,5384.472675465862
Major Arterial,Etobicoke York,No Control,Clear,"Dark, artificial",Dry,Non-Fatal Injury,Pedestrian Collisions,True,False,True,False,False,False,False,False,False,False,False,False,False,Oakdale-Beverley Heights,2011,-0.8660254037844386,0.5000000000000001,-0.7818314824680299,0.6234898018587334,-0.9659258262890684,0.2588190451025203,0,0,0,0,0,0,0,0,0,2,0,0,0,0,0,0,0,0,0,0,0,2,False,True,False,False,False,False,False,False,False,False,False,False,False,False,False,False,True,False,False,False,False,False,False,False,False,False,False,False,Humber River Health - Wilson,1824.1492561763152
Major Arterial,Scarborough,Traffic Signal,Clear,"Dusk, artificial",Wet,Non-Fatal Injury,Rear End,False,False,True,False,False,False,False,True,False,True,False,False,False,Malvern East,2011,-0.8660254037844386,0.5000000000000001,0.0,1.0,-0.9659258262890683,-0.25881904510252063,0,0,0,0,0,0,0,0,0,0,1,0,0,0,0,0,2,0,0,0,0,3,False,False,False,False,False,False,False,False,False,False,False,False,True,False,False,False,True,False,False,True,False,False,False,False,False,False,False,False,Scarborough Health Network - Centenary,2559.2981430442305
Major Arterial,Toronto and East York,Traffic Signal,Clear,Daylight,Dry,Non-Fatal Injury,Pedestrian Collisions,True,False,True,False,False,False,False,False,False,False,False,False,False,Trinity-Bellwoods,2011,-0.8660254037844386,0.5000000000000001,0.7818314824680298,0.6234898018587336,0.258819045102521,-0.9659258262890682,0,0,0,0,0,0,0,0,0,0,0,0,0,0,0,1,0,1,0,0,0,2,False,True,False,False,False,False,False,False,False,False,False,False,False,False,False,False,True,False,False,False,False,False,False,False,False,False,False,False,University Health Network - Toronto Western,899.1504970365204
Expressway,Etobicoke York,No Control,Clear,Daylight,Dry,Non-Fatal Injury,Rear End,False,False,True,False,False,False,False,False,False,True,False,False,False,Humber Bay Shores,2011,-0.8660254037844386,0.5000000000000001,0.9749279121818236,-0.22252093395631434,0.49999999999999994,-0.8660254037844387,0,0,0,0,0,0,0,2,0,0,0,0,0,0,0,0,0,0,0,0,0,2,False,False,False,False,False,False,False,False,False,False,True,True,False,False,False,False,True,False,False,True,False,False,False,False,False,False,False,False,Unity Health Toronto - St. Joseph's,4495.069022890297
Local,Toronto and East York,No Control,Clear,Dusk,Dry,Non-Fatal Injury,Pedestrian Collisions,True,False,True,False,False,False,False,False,False,False,False,False,False,Kensington-Chinatown,2011,-0.8660254037844386,0.5000000000000001,0.9749279121818236,-0.22252093395631434,-0.9659258262890683,-0.25881904510252063,0,0,0,0,0,0,0,0,1,0,0,1,0,0,0,0,0,0,0,0,1,3,False,False,False,False,False,False,False,False,False,False,False,False,False,True,False,False,True,False,False,False,False,False,False,False,False,False,False,False,University Health Network - Toronto General,593.0282570811687
Major Arterial,North York,No Control,Clear,Dark,Dry,Non-Fatal Injury,Pedestrian Collisions,True,False,True,False,False,False,False,False,False,False,False,False,False,Flemingdon Park,2011,-0.8660254037844386,0.5000000000000001,0.9749279121818236,-0.22252093395631434,-1.0,-1.8369701987210297e-16,0,0,1,1,0,0,1,0,0,0,0,0,0,0,0,0,0,0,0,0,1,4,False,True,False,False,False,False,False,False,False,False,False,False,False,False,False,False,True,False,False,False,False,False,False,False,False,False,False,False,Michael Garron Hospital,3031.2421912606806
Major Arterial,Toronto and East York,No Control,Clear,Daylight,Dry,Non-Fatal Injury,Rear End,False,False,True,False,False,False,False,False,False,False,False,False,True,Forest Hill South,2011,-0.8660254037844386,0.5000000000000001,-0.433883739117558,-0.9009688679024191,-0.7071067811865471,-0.7071067811865479,0,0,0,0,0,0,0,0,0,0,2,0,0,0,0,0,0,0,0,0,0,2,False,True,False,False,False,False,False,False,False,False,False,False,False,False,False,False,True,False,False,False,False,False,False,True,False,False,False,False,University Health Network - Toronto Western,5409.085834617494
Major Arterial,Toronto and East York,Traffic Signal,Rain,Dark,Wet,Non-Fatal Injury,Pedestrian Collisions,True,False,True,False,False,False,False,False,False,False,False,False,False,Kensington-Chinatown,2011,-0.8660254037844386,0.5000000000000001,0.7818314824680298,0.6234898018587336,-0.9659258262890684,0.2588190451025203,0,0,0,0,0,0,0,0,0,0,1,0,0,0,0,0,0,0,0,0,1,2,False,True,False,False,True,False,False,False,False,False,False,False,False,False,False,False,False,False,False,False,False,False,False,False,False,False,False,False,University Health Network - Toronto Western,147.15346539125312
Collector,Etobicoke York,No Control,Rain,"Dark, artificial",Wet,Non-Fatal Injury,SMV Other,False,False,True,False,False,False,False,False,False,False,False,False,True,Black Creek,2011,-0.8660254037844386,0.5000000000000001,0.7818314824680298,0.6234898018587336,-0.7071067811865477,0.7071067811865474,0,0,0,0,0,0,0,0,0,0,0,0,0,0,1,0,0,0,0,0,0,1,False,False,False,False,False,False,False,False,False,False,False,False,False,False,True,False,False,False,False,False,False,False,False,False,True,False,False,False,Humber River Health - Wilson,6402.38612452813
Major Arterial,Toronto and East York,No Control,Rain,"Dark, artificial",Wet,Non-Fatal Injury,Pedestrian Collisions,True,False,True,False,False,False,False,True,False,False,False,False,False,Annex,2011,-0.8660254037844386,0.5000000000000001,0.7818314824680298,0.6234898018587336,-0.5000000000000004,0.8660254037844384,0,0,0,0,0,1,3,0,0,0,0,1,0,0,0,0,0,0,0,0,1,6,False,True,False,False,False,False,False,False,False,False,False,False,False,False,False,False,True,False,False,False,False,False,False,False,False,False,False,False,University Health Network - Toronto Western,2147.4393346159486
Major Arterial,North York,Traffic Signal,Rain,"Dark, artificial",Wet,Non-Fatal Injury,Pedestrian Collisions,True,False,True,False,False,False,False,False,False,True,False,False,False,Clanton Park,2011,-0.8660254037844386,0.5000000000000001,0.9749279121818236,-0.22252093395631434,0.25881904510252074,0.9659258262890683,0,0,0,0,0,0,0,0,0,1,1,0,0,0,0,0,0,0,0,0,0,2,False,False,False,False,False,False,False,False,False,False,False,False,True,False,False,False,False,False,True,False,False,False,False,False,False,False,False,False,Humber River Health - Wilson,5694.647643813863
Major Arterial,North York,No Control,Clear,"Dark, artificial",Dry,Non-Fatal Injury,Pedestrian Collisions,True,False,True,False,False,False,False,False,False,False,False,False,False,Bathurst Manor,2011,-0.8660254037844386,0.5000000000000001,0.9749279121818236,-0.22252093395631434,-0.25881904510252157,0.9659258262890681,0,0,0,0,0,1,1,0,0,0,0,0,0,0,0,0,0,0,0,0,0,2,False,True,False,False,False,False,False,False,False,False,False,False,False,False,False,False,True,False,False,False,False,False,False,False,False,False,False,False,Humber River Health - Wilson,5929.660143819288
Collector,Toronto and East York,Stop Sign,Clear,Daylight,Dry,Non-Fatal Injury,Cyclist Collisions,False,True,False,False,False,True,False,False,False,False,False,False,False,High Park-Swansea,2011,-0.8660254037844386,0.5000000000000001,0.43388373911755823,-0.900968867902419,-0.7071067811865471,-0.7071067811865479,0,0,0,0,0,0,0,0,0,0,1,1,0,0,0,0,0,0,0,0,1,3,False,True,False,False,True,False,False,False,False,False,False,False,False,False,False,False,True,False,False,False,False,False,False,False,False,False,False,False,Unity Health Toronto - St. Joseph's,3085.3111100991955
Major Arterial,Etobicoke York,No Control,Clear,Dark,Dry,Non-Fatal Injury,Pedestrian Collisions,True,False,True,False,False,False,False,False,False,False,False,False,False,West Humber-Clairville,2011,-0.8660254037844386,0.5000000000000001,0.43388373911755823,-0.900968867902419,-0.8660254037844386,0.5000000000000001,0,0,0,0,0,0,0,0,0,1,0,0,0,0,1,0,0,0,0,0,1,3,False,False,False,False,False,False,False,False,False,False,True,False,False,False,False,False,True,False,False,False,False,False,False,False,False,False,False,False,William Osler Health System - Etobicoke,5292.521738280659
Major Arterial,Toronto and East York,Traffic Signal,Clear,Daylight,Dry,Non-Fatal Injury,Cyclist Collisions,False,True,True,False,True,False,False,False,False,False,False,False,False,Yonge-Bay Corridor,2011,-0.8660254037844386,0.5000000000000001,-0.433883739117558,-0.9009688679024191,0.49999999999999994,-0.8660254037844387,0,0,0,0,0,0,1,1,0,0,0,1,0,0,0,0,0,0,0,0,2,5,False,True,False,False,False,False,False,False,False,False,False,False,False,False,False,False,True,False,False,False,False,False,False,False,False,False,False,False,Unity Health Toronto - St. Michael's,364.30735281971283
Major Arterial,North York,Traffic Signal,Clear,Daylight,Dry,Non-Fatal Injury,Cyclist Collisions,False,True,True,False,False,False,False,False,False,False,False,False,False,Banbury-Don Mills,2011,-0.8660254037844386,0.5000000000000001,-0.433883739117558,-0.9009688679024191,-0.8660254037844385,-0.5000000000000004,0,0,0,0,1,0,0,0,0,0,0,0,1,0,0,0,0,0,0,0,0,2,False,True,False,False,False,False,False,False,False,False,False,False,True,False,False,False,False,False,False,False,False,False,True,False,False,False,False,False,North York General Hospital - General Site,2650.075144844828
Major Arterial,Scarborough,No Control,Clear,Daylight,Dry,Non-Fatal Injury,Cyclist Collisions,False,True,True,False,False,False,False,False,False,True,False,False,False,West Rouge,2011,-0.8660254037844386,0.5000000000000001,-0.433883739117558,-0.9009688679024191,-0.8660254037844385,-0.5000000000000004,0,0,0,0,0,0,0,0,0,0,1,1,0,0,0,0,0,0,0,0,0,2,False,True,False,False,False,False,False,False,False,False,False,False,False,False,False,False,False,False,False,True,False,False,False,False,False,False,False,False,Scarborough Health Network - Centenary,7359.8604430373525
Major Arterial,North York,Traffic Signal,Clear,Daylight,Dry,Non-Fatal Injury,Pedestrian Collisions,True,False,True,False,False,False,False,True,False,False,False,False,False,Mount Pleasant East,2011,-0.8660254037844386,0.5000000000000001,-0.9749279121818236,-0.2225209339563146,-0.2588190451025208,-0.9659258262890683,0,0,1,0,0,0,0,0,0,1,1,0,0,0,0,0,0,0,0,0,1,4,False,True,False,False,False,False,False,False,False,False,False,False,False,False,False,False,True,False,False,False,False,False,False,False,False,False,False,False,Sunnybrook Health Sciences Centre - Bayview Campus,1936.5446297193412
Major Arterial,Etobicoke York,No Control,Clear,"Dark, artificial",Dry,Non-Fatal Injury,Turning Movement,False,False,True,True,False,False,False,False,False,True,False,False,False,Glenfield-Jane Heights,2011,-0.8660254037844386,0.5000000000000001,-0.9749279121818236,-0.2225209339563146,-0.8660254037844386,0.5000000000000001,0,0,0,0,0,0,0,2,0,0,0,0,0,0,0,0,0,0,0,0,0,2,False,True,False,False,False,False,False,False,False,False,False,False,True,False,False,False,True,False,True,False,False,False,False,False,False,False,False,False,Humber River Health - Wilson,5928.601924529765
Local,Scarborough,Stop Sign,Rain,Dark,Wet,Non-Fatal Injury,Cyclist Collisions,False,True,True,False,False,False,False,False,False,False,False,False,False,West Hill,2011,-0.8660254037844386,0.5000000000000001,-0.7818314824680299,0.6234898018587334,0.0,1.0,0,0,0,0,0,0,1,0,0,0,1,0,0,0,0,0,0,0,0,0,1,3,False,True,False,False,True,False,False,False,False,False,False,False,True,False,False,False,False,False,False,False,False,False,False,False,False,False,False,False,Scarborough Health Network - Centenary,3696.359451166936
Major Arterial,North York,Traffic Signal,Clear,"Dark, artificial",Dry,Non-Fatal Injury,Turning Movement,False,False,True,False,False,False,False,False,False,False,False,False,False,Yonge-Doris,2011,-0.8660254037844386,0.5000000000000001,-0.7818314824680299,0.6234898018587334,0.7071067811865476,0.7071067811865476,0,0,0,0,0,1,0,0,0,0,0,0,0,0,0,0,0,0,0,0,2,3,False,True,False,False,False,False,False,False,False,False,False,False,False,True,False,False,True,False,False,False,False,False,True,False,False,False,False,False,North York General Hospital - General Site,4695.4153105882
Major Arterial,Scarborough,No Control,Rain,"Dark, artificial",Wet,Non-Fatal Injury,Pedestrian Collisions,True,False,True,False,False,False,False,False,False,False,False,False,False,Steeles,2011,-0.8660254037844386,0.5000000000000001,0.7818314824680298,0.6234898018587336,-0.9659258262890683,-0.25881904510252063,0,0,0,0,0,0,0,0,0,1,0,0,0,1,0,0,0,0,0,0,0,2,False,True,False,False,False,False,False,False,False,False,False,False,False,False,False,False,True,False,False,False,False,False,False,False,False,False,False,False,Scarborough Health Network - Birchmount,1692.0582034466788
Major Arterial,North York,Traffic Signal,Rain,"Dark, artificial",Wet,Non-Fatal Injury,Pedestrian Collisions,True,False,True,False,False,False,False,False,False,True,False,False,False,York University Heights,2011,-0.8660254037844386,0.5000000000000001,0.7818314824680298,0.6234898018587336,-1.0,-1.8369701987210297e-16,0,0,0,0,0,0,0,0,1,0,0,0,0,1,0,0,0,0,0,0,0,2,False,False,False,False,False,False,False,False,False,False,False,False,True,False,False,False,False,False,True,False,False,False,False,False,False,False,False,False,Humber River Health - Wilson,2942.957843817887
Major Arterial,Scarborough,Traffic Signal,Rain,"Dusk, artificial",Wet,Non-Fatal Injury,Pedestrian Collisions,True,False,True,False,False,False,False,False,False,True,False,False,False,Morningside Heights,2011,-0.8660254037844386,0.5000000000000001,0.7818314824680298,0.6234898018587336,-0.9659258262890684,0.2588190451025203,0,0,0,0,0,1,0,0,0,0,0,0,0,0,0,0,0,0,0,0,1,2,False,True,False,False,False,False,False,False,False,False,False,False,False,False,False,False,False,False,True,False,False,False,False,False,False,False,False,False,Oak Valley Health - Markham,6726.682354105287
Major Arterial,Etobicoke York,No Control,Clear,"Dark, artificial",Dry,Fatal,Pedestrian Collisions,True,False,True,False,False,False,False,False,False,False,False,False,False,Brookhaven-Amesbury,2011,-0.5000000000000004,0.8660254037844384,0.43388373911755823,-0.900968867902419,0.25881904510252074,0.9659258262890683,0,0,0,0,0,0,0,0,0,1,1,0,0,0,0,0,0,0,0,0,0,2,False,True,False,False,False,False,False,False,False,False,False,False,False,False,False,False,True,False,False,False,False,False,False,False,False,False,False,False,Humber River Health - Wilson,3548.914156177547
Major Arterial,Scarborough,No Control,Clear,"Dusk, artificial",Dry,Fatal,Pedestrian Collisions,True,False,True,False,False,False,False,False,False,False,False,False,False,Wexford/Maryvale,2011,-0.5000000000000004,0.8660254037844384,-0.433883739117558,-0.9009688679024191,-1.0,-1.8369701987210297e-16,0,0,0,0,0,0,0,0,0,0,0,0,0,2,0,0,0,0,0,0,1,3,False,True,False,False,False,False,False,False,False,False,False,False,False,False,False,False,True,False,False,False,False,False,False,False,False,False,False,False,Scarborough Health Network - Scarborough General,6244.140356752905
Major Arterial,Scarborough,No Control,Clear,Dark,Dry,Non-Fatal Injury,Rear End,False,False,True,False,False,False,False,False,False,False,False,False,False,Wexford/Maryvale,2011,-0.5000000000000004,0.8660254037844384,-0.9749279121818236,-0.2225209339563146,0.8660254037844386,0.5000000000000001,0,0,0,0,0,1,0,0,0,0,0,0,0,0,0,0,0,0,0,0,1,2,False,True,False,False,False,False,False,False,False,False,False,False,False,False,False,False,True,False,False,False,False,False,False,False,True,False,False,False,Scarborough Health Network - Scarborough General,5722.910256748204
Minor Arterial,Toronto and East York,No Control,Clear,Daylight,Dry,Non-Fatal Injury,Pedestrian Collisions,True,False,True,False,False,False,False,False,False,False,False,False,False,Church-Wellesley,2011,-0.5000000000000004,0.8660254037844384,-0.7818314824680299,0.6234898018587334,-0.8660254037844385,-0.5000000000000004,0,0,0,0,0,0,0,1,0,0,0,0,0,0,0,1,0,0,0,0,0,2,False,True,False,False,False,False,False,False,False,False,False,False,False,False,False,False,True,False,False,False,False,False,False,False,False,False,False,False,University Health Network - Toronto General,1295.7801429220708