ROAD_CLASS,DISTRICT,TRAFFCTL,VISIBILITY,LIGHT,RDSFCOND,ACCLASS,IMPACTYPE,PEDESTRIAN,CYCLIST,AUTOMOBILE,MOTORCYCLE,TRUCK,TRSN_CITY_VEH,EMERG_VEH,PASSENGER,SPEEDING,AG_DRIV,REDLIGHT,ALCOHOL,DISABILITY,NEIGHBOURHOOD_158,YEAR,MONTH_sin,MONTH_cos,DOW_sin,DOW_cos,HOUR_sin,HOUR_cos,INVAGE_00to04,INVAGE_05to09,INVAGE_10to14,INVAGE_15to19,INVAGE_20to24,INVAGE_25to29,INVAGE_30to34,INVAGE_35to39,INVAGE_40to44,INVAGE_45to49,INVAGE_50to54,INVAGE_55to59,INVAGE_60to64,INVAGE_65to69,INVAGE_70to74,INVAGE_75to79,INVAGE_80to84,INVAGE_85to89,INVAGE_90to94,INVAGE_Over95,INVAGE_unknown,NUMPERSONS,MANOEUVER_ChangingLanes,MANOEUVER_GoingAhead,MANOEUVER_MakingUTurn,MANOEUVER_Merging,MANOEUVER_Other,MANOEUVER_Overtaking,MANOEUVER_Parked,MANOEUVER_PullingAwayfromShoulderorCurb,MANOEUVER_PullingOntoShoulderortowardCurb,MANOEUVER_Reversing,MANOEUVER_SlowingorStopping,MANOEUVER_Stopped,MANOEUVER_TurningLeft,MANOEUVER_TurningRight,MANOEUVER_Unknown,DRIVACT_DisobeyedTrafficControl,DRIVACT_DrivingProperly,DRIVACT_ExceedingSpeedLimit,DRIVACT_FailedtoYieldRightofWay,DRIVACT_FollowingtooClose,DRIVACT_ImproperLaneChange,DRIVACT_ImproperPassing,DRIVACT_ImproperTurn,DRIVACT_Lostcontrol,DRIVACT_Other,DRIVACT_SpeedtooFastForCondition,DRIVACT_SpeedtooSlow,DRIVACT_WrongWayonOneWayRoad,NEAREST_HOSPITAL,DIST_TO_HOS
Minor Arterial,Toronto and East York,No Control,Clear,Daylight,Dry,Non-Fatal Injury,Pedestrian Collisions,True,False,True,False,False,False,False,False,False,False,False,False,False,Caledonia-Fairbank,2013,1.2246467991473532e-16,-1.0,0.7818314824680298,0.6234898018587336,-1.0,-1.8369701987210297e-16,0,0,0,0,0,1,0,0,0,0,0,0,0,0,1,0,0,0,0,0,0,2,False,True,False,False,False,False,False,False,False,False,False,False,False,False,False,False,True,False,False,False,False,False,False,False,False,False,False,False,Unity Health Toronto - St. Joseph's,5470.818110105349
Major Arterial,Etobicoke York,Traffic Signal,Clear,Daylight,Dry,Non-Fatal Injury,Turning Movement,False,False,True,False,True,False,False,False,False,True,False,False,False,West Humber-Clairville,2013,1.2246467991473532e-16,-1.0,0.7818314824680298,0.6234898018587336,-1.0,-1.8369701987210297e-16,0,0,0,0,1,0,0,0,0,0,1,0,0,0,0,0,0,0,0,0,1,3,False,True,False,False,False,False,False,False,False,False,False,False,True,False,False,False,True,False,True,False,False,False,False,False,False,False,False,False,William Osler Health System - Etobicoke,1439.538415912888
Collector,North York,Traffic Signal,Clear,Dusk,Dry,Non-Fatal Injury,Pedestrian Collisions,True,False,True,False,False,False,False,False,False,True,False,False,False,Bathurst Manor,2013,1.2246467991473532e-16,-1.0,0.43388373911755823,-0.900968867902419,-0.8660254037844386,0.5000000000000001,0,0,0,0,0,1,0,0,0,1,0,0,0,0,0,0,0,0,0,0,1,3,False,False,False,False,False,False,False,False,False,False,False,False,True,False,False,False,False,False,True,False,False,False,False,False,False,False,False,False,Humber River Health - Wilson,5835.522443817346
Minor Arterial,Toronto and East York,No Control,Clear,Daylight,Dry,Non-Fatal Injury,Pedestrian Collisions,True,True,True,False,False,False,False,False,False,False,False,False,False,Playter Estates-Danforth,2013,1.2246467991473532e-16,-1.0,0.43388373911755823,-0.900968867902419,-0.8660254037844386,0.5000000000000001,0,0,0,0,0,0,0,1,0,0,0,0,0,0,0,0,0,0,0,0,1,2,False,True,False,False,False,False,False,False,False,False,False,False,False,False,False,False,False,False,False,False,False,False,False,False,False,False,False,False,Unity Health Toronto - St. Michael's,3999.2577471775003
Minor Arterial,Scarborough,No Control,Clear,"Dark, artificial",Dry,Fatal,Pedestrian Collisions,True,False,True,False,False,False,False,False,False,True,False,False,False,Centennial Scarborough,2013,1.2246467991473532e-16,-1.0,0.43388373911755823,-0.900968867902419,-0.5000000000000004,0.8660254037844384,0,0,0,0,0,0,0,1,1,1,0,0,0,0,0,0,0,0,0,0,0,3,False,False,False,False,False,False,False,False,False,False,False,False,True,False,False,False,False,False,True,False,False,False,False,False,False,False,False,False,Scarborough Health Network - Centenary,2780.3116430410882
Major Arterial,Toronto and East York,Traffic Signal,Clear,"Dark, artificial",Dry,Non-Fatal Injury,Cyclist Collisions,False,True,True,False,False,False,False,False,False,False,False,False,False,Oakwood Village,2013,1.2246467991473532e-16,-1.0,-0.433883739117558,-0.9009688679024191,-0.25881904510252157,0.9659258262890681,0,0,0,1,0,0,0,0,0,0,0,1,0,0,0,0,0,0,0,0,0,2,False,True,False,False,False,False,False,False,False,False,False,False,True,False,False,False,False,False,False,False,False,False,True,False,False,False,False,False,Unity Health Toronto - St. Joseph's,5611.720177122159
Major Arterial,Scarborough,Traffic Signal,Clear,Daylight,Dry,Non-Fatal Injury,Turning Movement,False,False,True,True,False,False,False,False,False,True,False,False,False,Milliken,2013,1.2246467991473532e-16,-1.0,-0.9749279121818236,-0.2225209339563146,-0.4999999999999997,-0.8660254037844388,0,0,0,0,2,0,0,0,0,0,0,0,0,0,0,0,0,0,0,0,0,2,False,True,False,False,False,False,False,False,False,False,False,False,True,False,False,False,True,False,True,False,False,False,False,False,False,False,False,False,Scarborough Health Network - Birchmount,1631.6806030359585
Major Arterial,Scarborough,Traffic Signal,Clear,Daylight,Dry,Non-Fatal Injury,Pedestrian Collisions,True,False,True,False,False,False,False,False,False,True,False,False,False,Agincourt South-Malvern West,2013,1.2246467991473532e-16,-1.0,-0.9749279121818236,-0.2225209339563146,-0.9659258262890684,0.2588190451025203,0,0,0,0,0,0,0,0,0,0,0,0,1,1,0,0,0,0,0,0,0,2,False,False,False,False,False,False,False,False,False,False,False,False,True,False,False,False,False,False,True,False,False,False,False,False,False,False,False,False,Scarborough Health Network - Birchmount,2004.112203036435
Expressway,Etobicoke York,No Control,Clear,"Dark, artificial",Dry,Non-Fatal Injury,Sideswipe,False,False,True,False,False,False,False,True,False,False,False,True,False,Mimico-Queensway,2013,1.2246467991473532e-16,-1.0,-0.7818314824680299,0.6234898018587334,0.8660254037844386,0.5000000000000001,0,0,0,0,0,3,0,0,0,0,0,0,0,0,0,0,0,0,0,0,1,4,False,True,False,False,False,False,False,False,False,False,False,False,False,False,True,False,False,False,False,False,False,False,False,True,True,False,False,False,Unity Health Toronto - St. Joseph's,6986.905822874978
Major Arterial,Scarborough,Stop Sign,Clear,Daylight,Dry,Non-Fatal Injury,Pedestrian Collisions,True,False,True,False,False,False,False,False,False,True,False,False,False,Kennedy Park,2013,1.2246467991473532e-16,-1.0,0.0,1.0,1.2246467991473532e-16,-1.0,0,0,0,0,0,0,0,1,0,0,0,0,0,1,0,0,0,0,0,0,0,2,False,False,False,False,False,False,False,False,False,False,False,False,False,True,False,False,False,False,True,False,False,False,False,False,False,False,False,False,Scarborough Health Network - Scarborough General,4312.7223567463225
Minor Arterial,Toronto and East York,Traffic Signal,Clear,Dark,Dry,Non-Fatal Injury,Cyclist Collisions,False,True,True,False,False,False,False,False,False,True,False,False,False,Wychwood,2013,1.2246467991473532e-16,-1.0,0.9749279121818236,-0.22252093395631434,-0.7071067811865477,0.7071067811865474,0,0,0,0,0,0,0,1,0,0,0,0,1,0,0,0,0,0,0,0,0,2,False,True,False,False,False,False,False,False,False,False,False,False,True,False,False,False,False,False,True,False,False,False,False,False,False,False,False,False,University Health Network - Toronto Western,3831.329034612747
Collector,Scarborough,No Control,Clear,Daylight,Dry,Fatal,Pedestrian Collisions,True,False,True,False,False,False,False,False,False,False,False,False,False,Birchcliffe-Cliffside,2013,1.2246467991473532e-16,-1.0,0.43388373911755823,-0.900968867902419,-0.9659258262890684,0.2588190451025203,0,0,0,0,0,0,1,1,0,0,0,0,0,0,0,0,0,0,0,0,0,2,False,False,False,False,True,False,False,False,False,False,False,False,False,False,False,False,False,False,False,False,False,False,False,False,True,False,False,False,Michael Garron Hospital,4178.824508736841
Major Arterial,North York,No Control,Clear,"Dark, artificial",Dry,Non-Fatal Injury,Approaching,False,False,True,False,False,False,False,False,False,False,False,False,False,Bathurst Manor,2013,1.2246467991473532e-16,-1.0,0.43388373911755823,-0.900968867902419,-0.5000000000000004,0.8660254037844384,0,0,0,0,0,2,0,0,0,0,0,0,0,0,0,0,0,0,0,0,1,3,False,True,False,False,False,False,False,False,False,False,False,False,False,False,False,False,True,False,False,False,False,False,False,True,False,False,False,False,Humber River Health - Wilson,7313.437443813658
Minor Arterial,Toronto and East York,No Control,Clear,Daylight,Dry,Non-Fatal Injury,Pedestrian Collisions,True,False,True,False,False,False,False,False,False,False,False,False,False,South Parkdale,2013,1.2246467991473532e-16,-1.0,-0.433883739117558,-0.9009688679024191,-0.2588190451025208,-0.9659258262890683,0,0,0,0,0,1,0,0,0,0,0,0,0,0,1,0,0,0,0,0,0,2,False,True,False,False,False,False,False,False,False,False,False,False,False,False,False,False,True,False,False,False,False,False,False,False,False,False,False,False,Unity Health Toronto - St. Joseph's,2042.121177117573
Minor Arterial,Toronto and East York,No Control,Rain,Daylight,Wet,Non-Fatal Injury,SMV Other,False,False,False,True,False,False,False,False,True,True,False,False,False,Regent Park,2013,1.2246467991473532e-16,-1.0,-0.433883739117558,-0.9009688679024191,-0.9659258262890684,0.2588190451025203,0,0,0,0,0,1,0,0,0,0,0,0,0,0,0,0,0,0,0,0,0,1,False,True,False,False,False,False,False,False,False,False,False,False,False,False,False,False,False,False,False,False,False,False,False,False,False,True,False,False,Unity Health Toronto - St. Michael's,1605.3977471755352
Major Arterial,Etobicoke York,Stop Sign,Clear,Daylight,Dry,Fatal,Turning Movement,False,False,True,True,False,False,False,False,False,True,False,False,False,Etobicoke City Centre,2013,1.2246467991473532e-16,-1.0,0.0,1.0,-0.7071067811865471,-0.7071067811865479,0,0,0,0,1,0,0,0,0,1,0,0,0,0,0,0,0,0,0,0,0,2,False,True,False,False,False,False,False,False,False,False,False,False,True,False,False,False,True,False,True,False,False,False,False,False,False,False,False,False,Unity Health Toronto - St. Joseph's,7873.3090228827205
Major Arterial,Scarborough,Traffic Signal,Clear,Daylight,Dry,Non-Fatal Injury,Other,False,False,False,False,False,True,False,True,False,False,False,False,False,Scarborough Village,2013,1.2246467991473532e-16,-1.0,0.0,1.0,-1.0,-1.8369701987210297e-16,0,0,0,0,1,0,0,0,0,0,1,0,0,0,0,0,0,0,0,0,1,3,False,False,False,False,False,False,False,True,False,False,False,False,False,False,False,False,True,False,False,False,False,False,False,False,False,False,False,False,Scarborough Health Network - Scarborough General,3295.470881316811
Major Arterial,Scarborough,No Control,Clear,Daylight,Dry,Non-Fatal Injury,Approaching,False,False,True,False,False,False,False,False,False,False,False,False,False,Morningside,2013,1.2246467991473532e-16,-1.0,0.7818314824680298,0.6234898018587336,-0.9659258262890683,-0.25881904510252063,0,0,0,0,0,0,0,0,1,0,0,1,0,0,0,0,0,0,0,0,0,2,False,True,False,False,False,False,False,False,False,False,False,False,False,False,False,False,True,False,False,False,False,False,False,True,False,False,False,False,Scarborough Health Network - Centenary,56.731556955492124
Major Arterial,Scarborough,No Control,Clear,Daylight,Dry,Non-Fatal Injury,Cyclist Collisions,False,True,True,False,False,False,False,False,False,True,False,False,False,Oakridge,2013,1.2246467991473532e-16,-1.0,0.9749279121818236,-0.22252093395631434,0.9659258262890683,-0.25881904510252063,0,0,0,0,0,1,0,0,0,0,0,0,1,0,0,0,0,0,0,0,0,2,False,True,False,False,False,False,False,False,False,False,False,False,False,True,False,False,False,False,True,False,False,False,False,False,False,False,False,False,Michael Garron Hospital,3414.827757758205
Local,North York,No Control,Clear,Daylight,Dry,Non-Fatal Injury,Pedestrian Collisions,True,False,True,False,False,False,False,False,False,False,False,False,False,Willowdale West,2013,1.2246467991473532e-16,-1.0,0.9749279121818236,-0.22252093395631434,1.2246467991473532e-16,-1.0,0,0,0,0,0,1,0,0,0,0,0,0,0,0,0,1,0,0,0,0,0,2,False,False,False,False,False,False,False,False,False,True,False,False,False,False,False,False,False,False,False,False,False,False,False,False,True,False,False,False,North York General Hospital - General Site,4942.290355154197
Major Arterial,Toronto and East York,Traffic Signal,Clear,Daylight,Dry,Non-Fatal Injury,Pedestrian Collisions,True,False,False,False,False,True,False,False,False,False,False,False,False,Kensington-Chinatown,2013,1.2246467991473532e-16,-1.0,0.9749279121818236,-0.22252093395631434,-0.2588190451025208,-0.9659258262890683,0,0,0,0,0,0,0,1,0,0,0,0,0,1,0,0,0,0,0,0,0,2,False,True,False,False,False,False,False,False,False,False,False,False,False,False,False,False,True,False,False,False,False,False,False,False,False,False,False,False,University Health Network - Toronto Western,861.7613029635977
Major Arterial,Etobicoke York,Traffic Signal,Clear,Daylight,Dry,Non-Fatal Injury,Pedestrian Collisions,True,False,True,False,False,False,False,False,False,False,False,False,False,Stonegate-Queensway,2013,1.2246467991473532e-16,-1.0,0.9749279121818236,-0.22252093395631434,-0.4999999999999997,-0.8660254037844388,0,0,0,0,1,0,0,0,0,0,0,1,0,0,0,0,0,0,0,0,0,2,False,True,False,False,False,False,False,False,False,False,False,False,False,False,False,False,True,False,False,False,False,False,False,False,False,False,False,False,Unity Health Toronto - St. Joseph's,5774.223510105745
Minor Arterial,Toronto and East York,Traffic Signal,Clear,Daylight,Dry,Non-Fatal Injury,Cyclist Collisions,False,True,True,False,False,False,False,False,False,True,False,False,False,Harbourfront-CityPlace,2013,1.2246467991473532e-16,-1.0,0.9749279121818236,-0.22252093395631434,-0.9659258262890684,0.2588190451025203,0,0,0,0,0,1,0,1,0,0,0,0,0,0,0,0,0,0,0,0,0,2,False,True,False,False,False,False,False,False,False,False,False,False,True,False,False,False,False,False,True,False,False,False,False,False,False,False,False,False,University Health Network - Toronto General,2107.3748570665484
Local,Etobicoke York,Stop Sign,Clear,Daylight,Dry,Non-Fatal Injury,Cyclist Collisions,False,True,True,False,False,False,False,False,False,False,False,False,False,Stonegate-Queensway,2013,1.2246467991473532e-16,-1.0,0.43388373911755823,-0.900968867902419,0.8660254037844387,-0.4999999999999998,0,0,0,1,0,0,0,0,0,0,1,0,0,0,0,0,0,0,0,0,0,2,False,True,False,False,False,False,False,False,False,False,False,False,False,False,False,False,True,False,False,False,False,False,False,False,False,False,False,False,Unity Health Toronto - St. Joseph's,4950.154110103031
Major Arterial,Etobicoke York,Traffic Signal,Clear,Daylight,Dry,Fatal,Pedestrian Collisions,True,False,True,False,False,False,False,False,False,True,False,False,False,West Humber-Clairville,2013,1.2246467991473532e-16,-1.0,0.43388373911755823,-0.900968867902419,-0.4999999999999997,-0.8660254037844388,0,0,0,0,0,1,0,0,1,0,0,0,0,0,0,0,0,0,0,0,1,3,False,False,False,False,False,False,False,False,False,False,False,False,True,False,False,False,False,False,True,False,False,False,False,False,False,False,False,False,William Osler Health System - Etobicoke,591.5119617264718
Major Arterial,Etobicoke York,Traffic Signal,Clear,Dark,Dry,Non-Fatal Injury,Angle,False,False,True,False,False,False,False,True,False,True,True,False,False,West Humber-Clairville,2013,1.2246467991473532e-16,-1.0,-0.9749279121818236,-0.2225209339563146,0.7071067811865476,0.7071067811865476,0,0,0,1,0,3,1,0,0,0,0,0,0,0,0,0,0,0,0,0,1,6,False,True,False,False,False,False,False,False,False,False,False,False,False,False,False,True,True,False,False,False,False,False,False,False,False,False,False,False,William Osler Health System - Etobicoke,3866.233961727121
Major Arterial,Scarborough,Traffic Signal,Clear,Daylight,Dry,Non-Fatal Injury,Pedestrian Collisions,True,False,True,False,False,False,False,False,False,False,False,False,False,Milliken,2013,1.2246467991473532e-16,-1.0,-0.9749279121818236,-0.2225209339563146,0.49999999999999994,-0.8660254037844387,0,0,0,0,0,0,0,0,0,0,1,0,0,0,1,0,0,0,0,0,0,2,False,True,False,False,False,False,False,False,False,False,False,False,False,False,False,False,True,False,False,False,False,False,False,False,False,False,False,False,Scarborough Health Network - Birchmount,5883.404903040035
Major Arterial,North York,No Control,Rain,"Dark, artificial",Wet,Fatal,Pedestrian Collisions,True,False,True,False,False,False,False,True,False,False,False,False,False,Don Valley Village,2013,1.2246467991473532e-16,-1.0,-0.7818314824680299,0.6234898018587334,0.0,1.0,0,0,0,0,0,1,0,0,1,0,0,0,0,0,0,0,1,0,0,0,0,3,True,False,False,False,False,False,False,False,False,False,False,False,False,False,False,False,True,False,False,False,False,False,False,False,False,False,False,False,North York General Hospital - General Site,1933.5951894082827
Minor Arterial,Toronto and East York,No Control,Clear,Daylight,Dry,Non-Fatal Injury,Cyclist Collisions,False,True,True,False,False,False,False,False,False,False,False,False,False,Greenwood-Coxwell,2013,1.2246467991473532e-16,-1.0,-0.7818314824680299,0.6234898018587334,-0.9659258262890684,0.2588190451025203,0,0,0,0,0,1,0,1,1,0,0,0,0,0,0,0,0,0,0,0,2,5,False,True,False,False,False,False,True,False,False,False,False,False,False,False,False,False,True,False,False,False,False,False,False,False,True,False,False,False,Michael Garron Hospital,2992.3393087373115
Major Arterial,Scarborough,Traffic Signal,Clear,"Dark, artificial",Dry,Non-Fatal Injury,Pedestrian Collisions,True,False,True,False,False,False,False,False,False,True,False,False,False,West Rouge,2013,1.2246467991473532e-16,-1.0,-0.7818314824680299,0.6234898018587334,-0.5000000000000004,0.8660254037844384,0,0,0,0,1,0,0,0,0,0,1,0,0,0,0,0,0,0,0,0,0,2,False,False,False,False,False,False,False,False,False,False,False,False,True,False,False,False,False,False,True,False,False,False,False,False,False,False,False,False,Scarborough Health Network - Centenary,4752.172543042107
Major Arterial,Toronto and East York,No Control,Clear,Daylight,Dry,Non-Fatal Injury,Pedestrian Collisions,True,False,True,False,False,False,False,False,False,False,False,False,False,Greenwood-Coxwell,2013,1.2246467991473532e-16,-1.0,0.0,1.0,0.258819045102521,-0.9659258262890682,0,0,0,0,0,0,0,0,0,0,0,0,1,0,1,0,0,0,0,0,1,3,False,False,False,False,False,False,False,False,False,False,False,False,True,False,False,False,False,False,False,False,False,False,True,False,False,False,False,False,Michael Garron Hospital,1211.0759422431001
Local,Etobicoke York,No Control,Clear,Daylight,Dry,Fatal,Pedestrian Collisions,True,False,True,False,False,False,False,False,False,False,False,False,False,Rockcliffe-Smythe,2013,1.2246467991473532e-16,-1.0,0.0,1.0,-0.8660254037844385,-0.5000000000000004,0,0,0,0,0,0,0,0,0,0,0,0,0,1,1,0,0,0,0,0,0,2,False,False,False,False,False,False,False,False,False,True,False,False,False,False,False,False,False,False,False,False,False,False,False,False,True,False,False,False,Humber River Health - Wilson,5435.612375471625
Major Arterial,Etobicoke York,Traffic Signal,Clear,Dusk,Dry,Non-Fatal Injury,Cyclist Collisions,False,True,True,False,False,False,False,False,False,True,False,False,False,Humber Summit,2013,-0.4999999999999997,-0.8660254037844388,0.43388373911755823,-0.900968867902419,-0.8660254037844386,0.5000000000000001,0,0,0,0,0,0,0,0,0,0,1,1,0,0,0,0,0,0,0,0,0,2,False,True,False,False,False,False,False,False,False,False,False,False,True,False,False,False,False,False,True,False,False,False,False,False,False,False,False,False,William Osler Health System - Etobicoke,5834.964984082617
Major Arterial,Scarborough,No Control,Rain,Daylight,Wet,Non-Fatal Injury,Turning Movement,False,False,True,False,False,False,False,True,False,False,False,False,False,Bendale-Glen Andrew,2013,-0.4999999999999997,-0.8660254037844388,-0.433883739117558,-0.9009688679024191,-0.9659258262890683,-0.25881904510252063,0,0,0,0,0,0,0,1,1,0,0,0,0,0,0,1,1,0,0,0,0,4,False,True,False,False,False,False,False,False,False,False,False,True,True,False,False,False,True,False,False,False,False,False,True,False,False,False,False,False,Scarborough Health Network - Scarborough General,2338.7723186807707
Major Arterial,Toronto and East York,Traffic Signal,Clear,Daylight,Dry,Non-Fatal Injury,Cyclist Collisions,False,True,True,False,False,False,False,False,False,True,True,False,False,Annex,2013,-0.4999999999999997,-0.8660254037844388,-0.433883739117558,-0.9009688679024191,-1.0,-1.8369701987210297e-16,0,0,0,0,1,1,0,0,0,0,0,0,0,0,0,0,0,0,0,0,0,2,False,True,False,False,False,False,False,False,False,False,False,False,False,False,False,True,False,False,False,False,False,False,False,False,False,False,False,False,University Health Network - Toronto General,2177.7180407082196
Major Arterial,Etobicoke York,No Control,Clear,"Dark, artificial",Dry,Fatal,SMV Other,False,False,True,False,False,False,False,False,True,True,False,True,False,Humber Summit,2013,-0.4999999999999997,-0.8660254037844388,-0.9749279121818236,-0.2225209339563146,0.7071067811865476,0.7071067811865476,0,0,0,0,0,1,0,0,0,0,0,0,0,0,0,0,0,0,0,0,1,2,False,True,False,False,False,False,False,False,False,False,False,False,False,False,False,False,False,True,False,False,False,False,False,False,False,False,False,False,William Osler Health System - Etobicoke,5571.16758409841
Major Arterial,Toronto and East York,Traffic Signal,Clear,Daylight,Dry,Non-Fatal Injury,Angle,False,False,True,True,False,False,False,False,False,True,True,False,False,North Riverdale,2013,-0.4999999999999997,-0.8660254037844388,-0.9749279121818236,-0.2225209339563146,-0.8660254037844385,-0.5000000000000004,0,0,0,0,0,0,0,0,2,0,0,0,0,0,0,1,0,0,0,0,1,4,False,True,False,False,False,False,False,False,False,False,False,True,False,False,False,True,True,False,False,False,False,False,False,False,False,False,False,False,Unity Health Toronto - St. Michael's,3963.376347175101
Collector,North York,No Control,Clear,Daylight,Dry,Non-Fatal Injury,Pedestrian Collisions,True,False,True,False,False,False,False,False,False,False,False,False,False,Lansing-Westgate,2013,-0.4999999999999997,-0.8660254037844388,-0.9749279121818236,-0.2225209339563146,-0.9659258262890684,0.2588190451025203,0,0,0,1,1,0,0,0,0,0,1,0,0,0,0,0,0,0,0,0,1,4,False,False,False,False,False,False,False,False,False,True,False,False,False,False,False,False,False,False,False,False,False,False,False,False,True,False,False,False,North York General Hospital - General Site,4639.167910588672
Major Arterial,Toronto and East York,No Control,Clear,Dusk,Dry,Fatal,Other,False,False,False,False,True,False,False,True,False,False,False,False,False,South Parkdale,2013,-0.4999999999999997,-0.8660254037844388,-0.9749279121818236,-0.2225209339563146,-0.7071067811865477,0.7071067811865474,0,0,0,1,0,0,0,0,0,0,1,0,0,0,0,0,0,0,0,0,2,4,False,True,False,False,False,False,False,False,False,False,False,False,False,False,False,False,True,False,False,False,False,False,False,False,False,False,False,False,Unity Health Toronto - St. Joseph's,1409.3264898887137
Major Arterial,Etobicoke York,Traffic Signal,Clear,"Dark, artificial",Dry,Non-Fatal Injury,Pedestrian Collisions,True,False,True,False,False,False,False,False,False,False,False,False,False,Brookhaven-Amesbury,2013,-0.4999999999999997,-0.8660254037844388,-0.9749279121818236,-0.2225209339563146,-0.5000000000000004,0.8660254037844384,0,0,0,0,1,0,0,1,0,0,0,0,0,0,0,0,0,0,0,0,0,2,False,True,False,False,False,False,False,False,False,False,False,False,False,False,False,False,True,False,False,False,False,False,False,False,False,False,False,False,Humber River Health - Wilson,3945.975856184028
Major Arterial,Toronto and East York,Traffic Signal,Clear,"Dark, artificial",Dry,Non-Fatal Injury,Pedestrian Collisions,True,False,True,False,False,False,False,False,False,True,False,False,False,Runnymede-Bloor West Village,2013,-0.4999999999999997,-0.8660254037844388,0.0,1.0,0.7071067811865476,0.7071067811865476,0,0,0,0,1,0,0,0,0,0,0,0,0,0,0,0,0,0,0,0,1,2,False,False,False,False,False,False,False,False,False,False,False,False,False,True,False,False,False,False,True,False,False,False,False,False,False,False,False,False,Unity Health Toronto - St. Joseph's,6255.253610103275
Major Arterial,Etobicoke York,Traffic Signal,Clear,Daylight,Dry,Non-Fatal Injury,Pedestrian Collisions,True,False,True,False,False,False,False,False,False,True,False,False,False,Stonegate-Queensway,2013,-0.4999999999999997,-0.8660254037844388,0.0,1.0,1.2246467991473532e-16,-1.0,0,0,0,0,1,0,0,0,0,0,0,0,0,0,0,0,0,1,0,0,1,3,False,False,False,False,False,False,False,False,False,False,False,False,False,True,False,False,False,False,True,False,False,False,False,False,False,False,False,False,Unity Health Toronto - St. Joseph's,7012.766422877437
Minor Arterial,Toronto and East York,No Control,Clear,Dark,Dry,Non-Fatal Injury,Pedestrian Collisions,True,False,True,False,False,False,False,False,False,False,False,False,False,Greenwood-Coxwell,2013,-0.4999999999999997,-0.8660254037844388,0.0,1.0,-0.25881904510252157,0.9659258262890681,0,0,0,0,0,0,0,0,0,0,0,0,1,0,0,0,0,1,0,0,0,2,False,True,False,False,False,False,False,False,False,False,False,False,False,False,False,False,True,False,False,False,False,False,False,False,False,False,False,False,Michael Garron Hospital,2132.7969087383244
Minor Arterial,Toronto and East York,Traffic Signal,Clear,Dawn,Dry,Non-Fatal Injury,Pedestrian Collisions,True,False,True,False,False,False,False,False,False,True,False,False,False,Cabbagetown-South St.James Town,2013,-0.4999999999999997,-0.8660254037844388,0.9749279121818236,-0.22252093395631434,1.0,6.123233995736766e-17,0,0,0,0,1,0,0,0,0,0,0,1,0,0,0,0,0,0,0,0,1,3,False,False,False,False,False,False,False,False,False,False,False,False,False,True,False,False,False,False,True,False,False,False,False,False,False,False,False,False,Unity Health Toronto - St. Michael's,2210.4280471794773
Major Arterial,Etobicoke York,No Control,Clear,Daylight,Dry,Non-Fatal Injury,Approaching,False,False,True,False,False,False,False,True,False,False,False,False,False,Rockcliffe-Smythe,2013,-0.4999999999999997,-0.8660254037844388,0.43388373911755823,-0.900968867902419,0.9659258262890683,-0.25881904510252063,0,0,0,0,0,0,0,0,1,0,0,2,0,0,0,0,0,0,0,0,0,3,False,True,False,False,False,False,False,False,False,False,False,False,False,False,False,False,True,False,False,False,False,False,False,False,True,False,False,False,Humber River Health - Wilson,5785.375656183227
Major Arterial,Toronto and East York,Traffic Signal,Clear,Daylight,Dry,Non-Fatal Injury,Pedestrian Collisions,True,False,False,False,True,False,False,False,False,True,False,False,False,St Lawrence-East Bayfront-The Islands,2013,-0.4999999999999997,-0.8660254037844388,-0.433883739117558,-0.9009688679024191,0.49999999999999994,-0.8660254037844387,0,0,0,0,0,0,0,0,0,1,0,0,0,0,0,0,0,1,0,0,1,3,False,False,False,False,False,False,False,False,False,False,False,False,False,True,False,False,False,False,True,False,False,False,False,False,False,False,False,False,Unity Health Toronto - St. Michael's,1127.7540821863804
Major Arterial,North York,No Control,Clear,Daylight,Dry,Non-Fatal Injury,Turning Movement,False,False,True,True,False,False,False,False,False,True,False,False,False,Oakwood Village,2013,-0.4999999999999997,-0.8660254037844388,-0.433883739117558,-0.9009688679024191,0.258819045102521,-0.9659258262890682,0,0,0,0,0,0,0,0,2,0,0,0,0,0,0,0,0,0,0,0,1,3,False,True,False,False,False,False,False,False,False,False,False,False,True,False,False,False,True,False,True,False,False,False,False,False,False,False,False,False,Humber River Health - Wilson,7079.335575465928
Major Arterial,Etobicoke York,No Control,Clear,Daylight,Dry,Non-Fatal Injury,Turning Movement,False,False,True,False,False,False,False,True,False,False,False,False,False,Mimico-Queensway,2013,-0.4999999999999997,-0.8660254037844388,-0.433883739117558,-0.9009688679024191,-0.2588190451025208,-0.9659258262890683,0,0,0,0,1,0,0,0,0,0,1,0,0,0,0,0,0,0,0,0,2,4,False,True,True,False,False,False,False,False,False,False,False,False,False,False,False,False,False,False,False,False,False,False,False,False,False,False,False,False,Unity Health Toronto - St. Joseph's,6517.49632288178
Major Arterial,Toronto and East York,No Control,Clear,"Dark, artificial",Dry,Non-Fatal Injury,Cyclist Collisions,False,True,True,False,False,False,False,False,False,False,False,False,False,Kensington-Chinatown,2013,-0.4999999999999997,-0.8660254037844388,-0.9749279121818236,-0.2225209339563146,0.7071067811865476,0.7071067811865476,0,0,0,0,1,0,0,0,0,0,0,0,0,0,0,0,0,0,0,0,1,2,False,False,False,False,False,False,False,False,False,True,True,False,False,False,False,False,False,False,False,False,False,False,False,False,True,False,False,False,University Health Network - Toronto Western,929.9294029645389