ROAD_CLASS,DISTRICT,TRAFFCTL,VISIBILITY,LIGHT,RDSFCOND,ACCLASS,IMPACTYPE,PEDESTRIAN,CYCLIST,AUTOMOBILE,MOTORCYCLE,TRUCK,TRSN_CITY_VEH,EMERG_VEH,PASSENGER,SPEEDING,AG_DRIV,REDLIGHT,ALCOHOL,DISABILITY,NEIGHBOURHOOD_158,YEAR,MONTH_sin,MONTH_cos,DOW_sin,DOW_cos,HOUR_sin,HOUR_cos,INVAGE_00to04,INVAGE_05to09,INVAGE_10to14,INVAGE_15to19,INVAGE_20to24,INVAGE_25to29,INVAGE_30to34,INVAGE_35to39,INVAGE_40to44,INVAGE_45to49,INVAGE_50to54,INVAGE_55to59,INVAGE_60to64,INVAGE_65to69,INVAGE_70to74,INVAGE_75to79,INVAGE_80to84,INVAGE_85to89,INVAGE_90to94,INVAGE_Over95,INVAGE_unknown,NUMPERSONS,MANOEUVER_ChangingLanes,MANOEUVER_GoingAhead,MANOEUVER_MakingUTurn,MANOEUVER_Merging,MANOEUVER_Other,MANOEUVER_Overtaking,MANOEUVER_Parked,MANOEUVER_PullingAwayfromShoulderorCurb,MANOEUVER_PullingOntoShoulderortowardCurb,MANOEUVER_Reversing,MANOEUVER_SlowingorStopping,MANOEUVER_Stopped,MANOEUVER_TurningLeft,MANOEUVER_TurningRight,MANOEUVER_Unknown,DRIVACT_DisobeyedTrafficControl,DRIVACT_DrivingProperly,DRIVACT_ExceedingSpeedLimit,DRIVACT_FailedtoYieldRightofWay,DRIVACT_FollowingtooClose,DRIVACT_ImproperLaneChange,DRIVACT_ImproperPassing,DRIVACT_ImproperTurn,DRIVACT_Lostcontrol,DRIVACT_Other,DRIVACT_SpeedtooFastForCondition,DRIVACT_SpeedtooSlow,DRIVACT_WrongWayonOneWayRoad,NEAREST_HOSPITAL,DIST_TO_HOS
Major Arterial,North York,Traffic Signal,Clear,Daylight,Dry,Non-Fatal Injury,Turning Movement,False,False,True,False,False,False,False,False,False,True,False,False,False,Henry Farm,2013,-1.0,-1.8369701987210297e-16,-0.433883739117558,-0.9009688679024191,-0.9659258262890683,-0.25881904510252063,0,0,0,0,1,0,0,0,0,1,0,0,0,0,0,0,0,0,0,0,0,2,False,True,False,False,False,False,False,False,False,False,False,False,True,False,False,False,True,False,True,False,False,False,False,False,False,False,False,False,North York General Hospital - General Site,1355.0639894022606
Major Arterial,Etobicoke York,Traffic Signal,Clear,Daylight,Dry,Non-Fatal Injury,Pedestrian Collisions,True,False,True,False,False,False,False,False,False,True,True,False,False,Mount Dennis,2013,-1.0,-1.8369701987210297e-16,-0.433883739117558,-0.9009688679024191,-1.0,-1.8369701987210297e-16,0,0,1,0,0,0,0,0,1,0,0,0,0,0,0,0,0,0,0,0,2,4,False,True,False,False,False,False,False,False,False,False,False,False,False,False,False,True,False,False,False,False,False,False,False,False,False,False,False,False,Humber River Health - Wilson,4344.342075470369
Local,North York,No Control,Clear,Daylight,Dry,Non-Fatal Injury,SMV Other,False,False,True,False,False,False,False,True,False,False,False,False,True,Mount Pleasant East,2013,-1.0,-1.8369701987210297e-16,-0.9749279121818236,-0.2225209339563146,0.258819045102521,-0.9659258262890682,0,0,0,0,0,1,0,0,0,0,0,0,1,0,0,0,0,0,0,0,1,3,False,True,False,False,False,False,False,False,False,False,False,False,False,False,False,False,False,False,False,False,False,False,False,True,False,False,False,False,Sunnybrook Health Sciences Centre - Bayview Campus,3009.9437297250843
Major Arterial,North York,No Control,Rain,Daylight,Wet,Non-Fatal Injury,Rear End,False,False,True,False,False,False,False,True,False,False,False,False,False,Downsview,2013,-1.0,-1.8369701987210297e-16,-0.7818314824680299,0.6234898018587334,-0.4999999999999997,-0.8660254037844388,0,1,1,0,0,0,0,0,2,0,1,0,0,0,0,0,0,0,0,0,0,5,False,True,True,False,False,False,False,False,False,False,False,False,False,False,False,False,True,False,False,False,False,False,True,False,False,False,False,False,Humber River Health - Wilson,2192.512124543893
Major Arterial,Scarborough,Traffic Signal,Clear,Daylight,Dry,Non-Fatal Injury,Pedestrian Collisions,True,False,True,False,False,False,False,False,False,True,True,True,False,Golfdale-Cedarbrae-Woburn,2013,-1.0,-1.8369701987210297e-16,0.0,1.0,-1.0,-1.8369701987210297e-16,0,0,0,0,0,0,0,0,0,0,2,0,1,0,0,0,0,0,0,0,0,3,False,True,False,False,False,False,False,False,False,False,False,False,False,False,False,True,False,False,False,False,False,False,False,False,False,False,False,False,Scarborough Health Network - Scarborough General,2608.3428432483925
Major Arterial,Scarborough,No Control,Clear,Daylight,Dry,Non-Fatal Injury,Approaching,False,False,True,False,False,False,False,False,False,True,False,False,False,Wexford/Maryvale,2013,-1.0,-1.8369701987210297e-16,0.7818314824680298,0.6234898018587336,0.9659258262890683,-0.25881904510252063,0,0,0,0,0,0,0,1,0,1,1,0,0,0,0,0,0,0,0,0,0,3,True,True,False,False,False,False,False,False,False,False,False,False,False,False,False,False,True,False,True,False,False,False,False,False,False,False,False,False,Scarborough Health Network - Scarborough General,5747.756156751304
Major Arterial,Toronto and East York,No Control,Clear,Daylight,Wet,Fatal,Cyclist Collisions,False,True,False,False,True,False,False,False,False,False,False,False,False,Kensington-Chinatown,2013,-1.0,-1.8369701987210297e-16,0.9749279121818236,-0.22252093395631434,0.9659258262890683,-0.25881904510252063,0,0,0,0,0,1,0,0,0,0,1,0,0,0,0,0,0,0,0,0,2,4,False,True,False,False,False,False,False,False,False,False,False,False,False,False,False,False,True,False,False,False,False,False,False,False,False,False,False,False,University Health Network - Toronto Western,772.3632653865498
Major Arterial,Scarborough,No Control,Clear,Dark,Dry,Fatal,Pedestrian Collisions,True,False,True,False,False,False,False,False,False,False,False,True,False,Ionview,2013,-1.0,-1.8369701987210297e-16,-0.7818314824680299,0.6234898018587334,0.25881904510252074,0.9659258262890683,0,0,0,0,1,1,0,0,0,0,0,0,0,0,0,0,0,0,0,0,2,4,False,True,False,False,False,False,False,False,False,False,False,False,False,False,False,False,False,False,False,False,False,False,False,False,True,False,False,False,Scarborough Health Network - Scarborough General,4182.845156761003
Major Arterial,North York,No Control,Clear,"Dark, artificial",Dry,Non-Fatal Injury,Pedestrian Collisions,True,False,True,False,False,False,False,True,False,True,False,False,False,Forest Hill North,2013,-1.0,-1.8369701987210297e-16,-0.7818314824680299,0.6234898018587334,-0.8660254037844386,0.5000000000000001,0,0,0,0,0,0,0,0,0,0,1,0,0,0,0,0,1,1,0,0,0,3,False,False,False,False,False,False,False,False,False,False,False,False,True,False,False,False,False,False,True,False,False,False,False,False,False,False,False,False,Sunnybrook Health Sciences Centre - Bayview Campus,5748.44852971402
Major Arterial,Scarborough,No Control,Rain,"Dawn, artificial",Wet,Non-Fatal Injury,Cyclist Collisions,False,True,True,False,False,False,False,False,False,True,False,False,False,Bendale South,2013,-1.0,-1.8369701987210297e-16,0.0,1.0,0.9659258262890683,-0.25881904510252063,0,0,0,0,0,0,1,0,0,0,0,0,0,0,0,0,0,0,0,0,1,2,False,True,False,False,False,False,False,False,False,False,False,False,True,False,False,False,False,False,True,False,False,False,False,False,False,False,False,False,Scarborough Health Network - Scarborough General,1076.5961567561608
Minor Arterial,Scarborough,No Control,Rain,Daylight,Wet,Non-Fatal Injury,Cyclist Collisions,False,True,True,False,False,False,False,False,False,True,False,False,False,Morningside Heights,2013,-1.0,-1.8369701987210297e-16,0.0,1.0,-0.9659258262890684,0.2588190451025203,0,0,0,0,0,0,0,0,0,0,0,0,2,0,0,0,0,0,0,0,0,2,False,True,False,False,False,False,False,False,False,False,False,False,False,False,False,False,False,False,False,True,False,False,False,False,False,False,False,False,Scarborough Health Network - Centenary,5236.999648828874
Major Arterial,North York,Traffic Signal,Rain,"Dark, artificial",Wet,Non-Fatal Injury,Pedestrian Collisions,True,False,True,False,False,False,False,False,False,True,False,False,False,Downsview,2013,-1.0,-1.8369701987210297e-16,0.0,1.0,-0.8660254037844386,0.5000000000000001,0,0,0,0,1,0,0,0,0,0,1,0,0,0,0,0,0,0,0,0,1,3,False,False,False,False,False,False,False,False,False,False,False,False,True,False,False,False,False,False,True,False,False,False,False,False,False,False,False,False,Humber River Health - Wilson,2435.8854438251583
Major Arterial,Toronto and East York,Traffic Signal,Clear,Daylight,Dry,Non-Fatal Injury,Cyclist Collisions,False,True,True,False,False,False,False,False,False,False,False,False,False,Kensington-Chinatown,2013,-1.0,-1.8369701987210297e-16,0.7818314824680298,0.6234898018587336,0.8660254037844387,-0.4999999999999998,0,0,0,0,0,0,0,0,0,1,1,0,0,0,0,0,0,0,0,0,0,2,False,True,False,False,False,False,False,False,False,False,False,False,True,False,False,False,True,False,False,False,False,False,False,False,False,False,False,False,University Health Network - Toronto Western,446.53733461291995
Major Arterial,Toronto and East York,No Control,Clear,Daylight,Dry,Non-Fatal Injury,Turning Movement,False,False,True,True,False,False,False,False,False,False,False,False,False,Trinity-Bellwoods,2013,-1.0,-1.8369701987210297e-16,0.9749279121818236,-0.22252093395631434,-0.9659258262890683,-0.25881904510252063,0,0,0,0,0,1,0,0,1,0,0,0,0,0,0,0,0,0,0,0,0,2,False,True,False,False,False,False,False,False,False,False,False,False,True,False,False,False,True,False,False,False,False,False,True,False,False,False,False,False,University Health Network - Toronto Western,659.9080346113769
Major Arterial,Scarborough,Traffic Signal,Clear,Daylight,Dry,Non-Fatal Injury,Turning Movement,False,False,True,True,False,False,False,False,False,False,False,False,False,Trinity-Bellwoods,2013,-1.0,-1.8369701987210297e-16,0.9749279121818236,-0.22252093395631434,-0.9659258262890683,-0.25881904510252063,0,0,0,0,0,1,0,0,1,0,0,0,0,0,0,0,0,0,0,0,0,2,False,True,False,False,False,False,False,False,False,False,False,False,True,False,False,False,True,False,False,False,False,False,True,False,False,False,False,False,University Health Network - Toronto Western,651.1720346222864
Major Arterial,Toronto and East York,No Control,Clear,Daylight,Dry,Non-Fatal Injury,Turning Movement,False,False,True,False,False,False,False,False,False,False,False,False,False,East End-Danforth,2013,-1.0,-1.8369701987210297e-16,-0.433883739117558,-0.9009688679024191,0.258819045102521,-0.9659258262890682,0,0,0,0,0,0,0,0,1,0,0,0,1,0,0,0,0,0,0,0,2,4,False,True,False,False,False,False,True,False,False,False,False,False,True,False,False,False,True,False,False,False,False,False,False,False,True,False,False,False,Michael Garron Hospital,1995.898108738009
Major Arterial,Scarborough,Traffic Signal,Clear,Daylight,Dry,Non-Fatal Injury,Rear End,False,False,True,False,False,False,False,False,False,False,False,False,False,Morningside,2013,-1.0,-1.8369701987210297e-16,0.0,1.0,1.2246467991473532e-16,-1.0,0,0,0,0,0,0,0,0,0,0,0,1,0,0,0,0,0,0,0,0,1,2,False,False,False,False,False,False,False,False,False,True,False,True,False,False,False,False,False,False,False,False,False,False,False,False,True,False,False,False,Scarborough Health Network - Centenary,2186.2275430426234
Minor Arterial,Toronto and East York,No Control,Clear,Dusk,Dry,Non-Fatal Injury,Cyclist Collisions,False,True,True,False,False,False,False,False,False,True,False,False,False,Junction-Wallace Emerson,2013,-1.0,-1.8369701987210297e-16,0.0,1.0,-0.9659258262890684,0.2588190451025203,0,0,0,0,0,1,1,0,0,0,0,0,0,0,0,0,0,0,0,0,0,2,False,True,False,False,False,False,False,False,False,False,False,False,True,False,False,False,False,False,True,False,False,False,False,False,False,False,False,False,Unity Health Toronto - St. Joseph's,3946.5186771168374
Major Arterial,Etobicoke York,No Control,Clear,Daylight,Dry,Non-Fatal Injury,SMV Other,False,False,True,False,False,False,False,True,False,False,False,False,True,Kingsway South,2013,-1.0,-1.8369701987210297e-16,0.7818314824680298,0.6234898018587336,1.2246467991473532e-16,-1.0,0,0,0,0,0,0,0,0,0,0,0,0,0,1,0,0,1,0,0,0,0,2,False,True,False,False,False,False,False,False,False,False,False,False,False,False,False,False,False,False,False,False,False,False,False,True,False,False,False,False,Unity Health Toronto - St. Joseph's,7430.155810098513
Major Arterial,Toronto and East York,No Control,Clear,Daylight,Dry,Non-Fatal Injury,Approaching,False,False,True,False,False,False,False,True,False,False,False,False,False,Old East York,2013,-1.0,-1.8369701987210297e-16,0.7818314824680298,0.6234898018587336,-0.7071067811865471,-0.7071067811865479,0,0,0,0,0,0,1,1,0,0,0,1,0,0,0,0,0,0,0,0,0,3,False,True,False,False,False,False,False,False,False,False,False,False,False,False,False,False,True,False,False,False,False,False,False,True,False,False,False,False,Michael Garron Hospital,2165.453291262733
Major Arterial,Toronto and East York,No Control,Rain,"Dark, artificial",Wet,Non-Fatal Injury,Pedestrian Collisions,True,False,False,False,False,True,False,False,False,False,False,False,False,Corso Italia-Davenport,2013,-1.0,-1.8369701987210297e-16,0.9749279121818236,-0.22252093395631434,0.25881904510252074,0.9659258262890683,0,0,0,0,0,0,0,0,0,1,0,0,0,0,0,1,0,0,0,0,1,3,False,True,False,False,False,False,False,False,False,False,False,False,False,False,False,False,True,False,False,False,False,False,False,False,False,False,False,False,Unity Health Toronto - St. Joseph's,4798.978777120006
Major Arterial,North York,Stop Sign,Clear,Daylight,Dry,Fatal,Pedestrian Collisions,True,False,True,False,False,False,False,False,False,True,False,False,False,Humewood-Cedarvale,2013,-1.0,-1.8369701987210297e-16,0.9749279121818236,-0.22252093395631434,0.49999999999999994,-0.8660254037844387,0,0,0,0,0,0,0,0,0,0,0,1,0,0,0,0,0,0,0,1,1,3,False,True,False,False,False,False,False,False,False,False,False,False,False,False,False,False,False,False,True,False,False,False,False,False,False,False,False,False,Sunnybrook Health Sciences Centre - Bayview Campus,6289.444329719758
Major Arterial,Toronto and East York,No Control,Rain,"Dark, artificial",Wet,Non-Fatal Injury,Pedestrian Collisions,True,False,True,False,False,False,False,False,False,False,False,False,False,East End-Danforth,2013,-1.0,-1.8369701987210297e-16,0.43388373911755823,-0.900968867902419,-0.7071067811865477,0.7071067811865474,0,1,0,0,0,0,1,0,0,0,0,0,0,0,0,0,0,0,0,0,1,3,False,True,False,False,False,False,False,False,False,False,False,False,False,False,False,False,True,False,False,False,False,False,False,False,False,False,False,False,Michael Garron Hospital,2150.7085087397136
Major Arterial,Toronto and East York,Traffic Signal,Rain,Dark,Wet,Non-Fatal Injury,Cyclist Collisions,False,True,True,False,False,False,False,False,False,False,False,False,False,Harbourfront-CityPlace,2013,-0.8660254037844386,0.5000000000000001,-0.433883739117558,-0.9009688679024191,0.9659258262890683,0.25881904510252074,0,0,0,0,1,0,1,0,0,0,0,0,0,0,0,0,0,0,0,0,0,2,False,True,False,False,False,False,False,False,False,False,False,False,False,False,False,False,True,False,False,False,False,False,False,False,False,False,False,False,University Health Network - Toronto Western,2446.3168653881876
Major Arterial,Toronto and East York,No Control,Rain,"Dark, artificial",Wet,Non-Fatal Injury,Pedestrian Collisions,True,False,True,False,False,False,False,False,True,True,False,False,False,Regent Park,2013,-0.8660254037844386,0.5000000000000001,-0.433883739117558,-0.9009688679024191,1.0,6.123233995736766e-17,0,0,0,0,0,0,1,0,0,0,0,0,0,0,0,0,0,0,0,0,1,2,False,True,False,False,False,False,False,False,False,False,False,False,False,False,False,False,False,False,False,False,False,False,False,False,False,True,False,False,Unity Health Toronto - St. Michael's,1753.6212471795734
Major Arterial,Toronto and East York,No Control,Clear,"Dark, artificial",Dry,Non-Fatal Injury,Pedestrian Collisions,True,False,True,False,False,False,False,False,False,False,False,False,False,St Lawrence-East Bayfront-The Islands,2013,-0.8660254037844386,0.5000000000000001,-0.433883739117558,-0.9009688679024191,-0.25881904510252157,0.9659258262890681,0,0,0,0,1,1,0,0,0,0,0,0,0,0,0,0,0,0,0,0,0,2,False,True,False,False,False,False,False,False,False,False,False,False,False,False,False,False,True,False,False,False,False,False,False,False,False,False,False,False,Unity Health Toronto - St. Michael's,1122.1652528214036
Minor Arterial,North York,No Control,Clear,Daylight,Dry,Non-Fatal Injury,SMV Other,False,False,True,False,False,False,False,True,True,True,False,False,False,Banbury-Don Mills,2013,-0.8660254037844386,0.5000000000000001,-0.7818314824680299,0.6234898018587334,0.7071067811865476,-0.7071067811865475,0,0,0,0,1,1,0,0,0,0,0,0,0,0,0,0,0,0,0,0,1,3,False,True,False,False,False,False,False,False,False,False,False,False,False,False,False,False,False,True,False,False,False,False,False,False,False,False,False,False,Sunnybrook Health Sciences Centre - Bayview Campus,4466.720970281865
Major Arterial,Scarborough,Traffic Signal,Clear,Daylight,Dry,Non-Fatal Injury,Pedestrian Collisions,True,False,True,False,False,False,False,False,False,True,False,False,False,Agincourt North,2013,-0.8660254037844386,0.5000000000000001,-0.7818314824680299,0.6234898018587334,0.7071067811865476,-0.7071067811865475,1,1,0,0,0,0,0,0,0,0,0,0,1,0,0,0,0,0,0,0,0,3,False,False,False,False,False,False,False,False,False,False,False,False,True,False,False,False,False,False,True,False,False,False,False,False,False,False,False,False,Scarborough Health Network - Birchmount,4486.91980303626
Major Arterial,Scarborough,Traffic Signal,Clear,Daylight,Dry,Non-Fatal Injury,Turning Movement,False,False,True,False,False,False,False,False,False,True,True,False,False,East L'Amoreaux,2013,-0.8660254037844386,0.5000000000000001,-0.7818314824680299,0.6234898018587334,1.2246467991473532e-16,-1.0,0,0,0,0,0,0,0,0,0,0,0,0,1,0,0,0,1,0,0,0,0,2,False,True,False,False,False,False,False,False,False,False,False,False,True,False,False,True,True,False,False,False,False,False,False,False,False,False,False,False,Scarborough Health Network - Birchmount,1174.2142969584092
Collector,Toronto and East York,No Control,Clear,Daylight,Dry,Fatal,Pedestrian Collisions,True,False,True,False,False,False,False,False,False,False,False,False,False,O'Connor-Parkview,2013,-0.8660254037844386,0.5000000000000001,-0.7818314824680299,0.6234898018587334,-0.8660254037844385,-0.5000000000000004,0,0,0,0,0,0,0,0,0,0,0,0,1,0,0,0,0,1,0,0,0,2,False,False,False,False,False,False,False,False,False,True,False,False,False,False,False,False,False,False,False,False,False,False,False,False,True,False,False,False,Michael Garron Hospital,1849.918857750832
Local,Toronto and East York,No Control,Clear,Daylight,Dry,Non-Fatal Injury,Turning Movement,False,False,True,False,False,False,False,False,False,False,False,False,False,Junction Area,2013,-0.8660254037844386,0.5000000000000001,0.0,1.0,-0.7071067811865471,-0.7071067811865479,0,0,0,0,0,0,0,0,0,0,2,0,0,0,0,0,0,0,0,0,0,2,False,True,False,False,False,False,False,False,False,False,False,False,True,False,False,False,True,False,False,False,False,False,True,False,False,False,False,False,Unity Health Toronto - St. Joseph's,4457.893510101829
Major Arterial,Toronto and East York,No Control,Clear,"Dawn, artificial",Dry,Non-Fatal Injury,Rear End,False,False,True,False,False,False,False,True,False,True,False,False,False,South Eglinton-Davisville,2013,-0.8660254037844386,0.5000000000000001,0.0,1.0,-0.8660254037844386,0.5000000000000001,0,0,0,0,0,0,2,0,0,0,0,0,0,1,0,1,0,0,0,0,0,4,False,True,False,False,False,False,False,False,False,False,False,False,False,False,False,False,True,False,False,True,False,False,False,False,False,False,False,False,Sunnybrook Health Sciences Centre - Bayview Campus,3976.316629717243
Major Arterial,Toronto and East York,No Control,Clear,Daylight,Dry,Non-Fatal Injury,Pedestrian Collisions,True,False,True,False,False,False,False,False,False,False,False,False,False,Yonge-Bay Corridor,2013,-0.8660254037844386,0.5000000000000001,0.43388373911755823,-0.900968867902419,0.7071067811865476,-0.7071067811865475,0,0,0,0,0,0,0,0,0,0,1,1,0,0,0,0,0,0,0,0,0,2,False,False,True,False,False,False,False,False,False,False,False,False,False,False,False,False,False,False,False,False,False,False,True,False,False,False,False,False,University Health Network - Toronto General,371.95775707042776
Major Arterial,Scarborough,Traffic Signal,Other,Daylight,Other,Non-Fatal Injury,Other,False,False,True,False,False,False,False,False,False,False,False,False,False,Milliken,2013,-0.8660254037844386,0.5000000000000001,0.43388373911755823,-0.900968867902419,0.7071067811865476,-0.7071067811865475,0,0,0,0,0,0,1,0,0,0,0,0,0,0,1,0,0,0,0,0,0,2,False,False,False,False,False,False,False,False,False,False,False,False,False,False,True,False,False,False,False,False,False,False,False,False,False,False,False,False,Scarborough Health Network - Birchmount,5325.740503035719
Major Arterial,Toronto and East York,Traffic Signal,Clear,Daylight,Dry,Fatal,Pedestrian Collisions,True,False,False,False,False,True,False,False,False,True,False,False,False,University,2013,-0.8660254037844386,0.5000000000000001,0.43388373911755823,-0.900968867902419,1.2246467991473532e-16,-1.0,0,0,0,0,0,0,0,1,0,0,0,0,1,0,0,0,0,0,0,0,0,2,False,True,False,False,False,False,False,False,False,False,False,False,False,False,False,False,False,False,True,False,False,False,False,False,False,False,False,False,University Health Network - Toronto Western,1409.8504029655596
Minor Arterial,Scarborough,Traffic Signal,Clear,Daylight,Dry,Fatal,Pedestrian Collisions,True,False,True,False,False,False,False,False,False,True,False,False,False,West Hill,2013,-0.8660254037844386,0.5000000000000001,-0.433883739117558,-0.9009688679024191,0.9659258262890683,-0.25881904510252063,0,0,0,0,0,1,0,1,0,0,0,0,0,0,0,0,0,0,0,0,0,2,False,False,False,False,False,False,False,False,False,False,False,False,True,False,False,False,False,False,True,False,False,False,False,False,False,False,False,False,Scarborough Health Network - Centenary,4222.877251164871
Major Arterial,Toronto and East York,No Control,Clear,"Dark, artificial",Dry,Non-Fatal Injury,SMV Other,False,False,True,False,False,False,False,True,False,False,False,False,False,High Park-Swansea,2013,-0.8660254037844386,0.5000000000000001,-0.433883739117558,-0.9009688679024191,-1.0,-1.8369701987210297e-16,0,0,0,0,0,0,0,0,0,0,0,1,0,1,0,0,0,0,0,0,0,2,False,True,False,False,False,False,False,False,False,False,False,False,False,False,False,False,False,False,False,False,False,False,False,True,False,False,False,False,Unity Health Toronto - St. Joseph's,324.8865898953518
Major Arterial,Toronto and East York,No Control,Clear,"Dark, artificial",Dry,Non-Fatal Injury,Pedestrian Collisions,True,False,True,False,False,False,False,False,False,True,False,False,False,Bay-Cloverhill,2013,-0.8660254037844386,0.5000000000000001,-0.433883739117558,-0.9009688679024191,-0.9659258262890684,0.2588190451025203,0,0,0,0,0,1,0,0,0,1,0,0,0,0,0,0,0,0,0,0,0,2,False,False,False,False,False,False,False,False,False,False,False,False,True,False,False,False,False,False,True,False,False,False,False,False,False,False,False,False,University Health Network - Toronto General,550.4245407195995
Expressway,Toronto and East York,No Control,Clear,"Dark, artificial",Dry,Non-Fatal Injury,Pedestrian Collisions,True,False,True,False,False,False,False,False,False,False,False,False,False,South Parkdale,2013,-0.8660254037844386,0.5000000000000001,-0.433883739117558,-0.9009688679024191,-0.25881904510252157,0.9659258262890681,0,0,0,0,0,1,0,0,0,0,1,0,0,0,0,0,0,0,0,0,0,2,False,True,False,False,False,False,False,False,False,False,False,False,False,False,False,False,True,False,False,False,False,False,False,False,False,False,False,False,Unity Health Toronto - St. Joseph's,390.2642898891354
Major Arterial,North York,No Control,Clear,Daylight,Dry,Non-Fatal Injury,SMV Other,False,False,False,False,True,False,False,False,False,True,False,False,False,Downsview,2013,-0.8660254037844386,0.5000000000000001,0.9749279121818236,-0.22252093395631434,0.8660254037844387,-0.4999999999999998,0,0,0,0,0,0,0,0,0,0,0,1,0,0,0,0,0,0,0,0,0,1,False,True,False,False,False,False,False,False,False,False,False,False,False,False,False,False,False,False,True,False,False,False,False,False,False,False,False,False,Humber River Health - Wilson,1321.345943824621
Minor Arterial,Etobicoke York,No Control,Clear,"Dark, artificial",Dry,Non-Fatal Injury,Pedestrian Collisions,True,False,True,False,False,False,False,False,False,False,False,False,False,Etobicoke West Mall,2013,-0.8660254037844386,0.5000000000000001,0.43388373911755823,-0.900968867902419,-0.8660254037844386,0.5000000000000001,0,0,0,1,0,0,0,0,0,1,0,0,0,0,0,0,0,0,0,0,1,3,False,True,False,False,False,False,False,False,False,False,False,False,False,False,False,False,True,False,False,False,False,False,False,False,False,False,False,False,Unity Health Toronto - St. Joseph's,10891.084810104338
Major Arterial,Toronto and East York,No Control,Clear,Daylight,Dry,Fatal,Pedestrian Collisions,True,False,True,False,False,True,False,True,False,False,False,False,False,Yonge-St.Clair,2013,-0.8660254037844386,0.5000000000000001,-0.433883739117558,-0.9009688679024191,-0.7071067811865471,-0.7071067811865479,0,0,0,0,0,1,0,1,1,0,0,0,0,0,0,0,1,0,0,0,2,6,False,True,False,False,False,False,False,False,False,False,False,False,False,False,False,False,True,False,False,False,False,False,False,False,False,False,False,False,University Health Network - Toronto General,3941.5872407153947
Major Arterial,Scarborough,Traffic Signal,Clear,Daylight,Dry,Non-Fatal Injury,Turning Movement,False,False,True,False,False,False,False,True,True,True,False,False,False,Clairlea-Birchmount,2013,-0.8660254037844386,0.5000000000000001,-0.9749279121818236,-0.2225209339563146,-0.7071067811865471,-0.7071067811865479,0,0,0,0,0,0,0,0,1,0,0,0,1,0,0,1,0,0,0,0,0,3,False,True,False,False,False,False,False,False,False,False,False,False,True,False,False,False,True,False,True,False,False,False,False,False,False,False,False,False,Michael Garron Hospital,6456.524957754882
Minor Arterial,Toronto and East York,No Control,Rain,"Dark, artificial",Wet,Non-Fatal Injury,Pedestrian Collisions,True,False,True,False,False,False,False,False,False,False,False,False,False,Junction-Wallace Emerson,2013,-0.8660254037844386,0.5000000000000001,-0.7818314824680299,0.6234898018587334,0.8660254037844386,0.5000000000000001,0,0,0,0,0,1,0,0,0,0,0,0,1,0,0,0,0,0,0,0,0,2,False,True,False,False,False,False,False,False,False,False,False,False,False,False,False,False,True,False,False,False,False,False,False,False,False,False,False,False,Unity Health Toronto - St. Joseph's,3420.208177115652
Minor Arterial,Scarborough,Traffic Signal,Clear,Daylight,Dry,Non-Fatal Injury,Angle,False,False,True,False,False,False,False,True,False,True,True,False,False,West Rouge,2013,-0.8660254037844386,0.5000000000000001,-0.7818314824680299,0.6234898018587334,-0.7071067811865471,-0.7071067811865479,1,0,0,0,0,1,0,0,0,0,0,0,1,0,0,0,0,0,0,0,0,3,False,True,False,False,False,False,False,False,False,False,False,False,False,False,False,True,True,False,False,False,False,False,False,False,False,False,False,False,Scarborough Health Network - Centenary,5481.978943029535
Major Arterial,North York,No Control,Clear,"Dark, artificial",Dry,Non-Fatal Injury,SMV Other,False,False,True,False,False,False,False,True,False,False,False,True,False,Bedford Park-Nortown,2013,-0.8660254037844386,0.5000000000000001,0.0,1.0,-0.7071067811865477,0.7071067811865474,0,0,0,0,1,0,1,0,0,0,0,0,0,0,0,0,0,0,0,0,0,2,False,False,False,False,True,False,False,False,False,False,False,False,False,False,False,False,False,False,False,False,False,False,False,True,False,False,False,False,Sunnybrook Health Sciences Centre - Bayview Campus,4635.101129718707
Major Arterial,Toronto and East York,Traffic Signal,Clear,Daylight,Dry,Non-Fatal Injury,Rear End,False,False,True,False,False,False,False,True,False,True,False,False,False,North St.James Town,2013,-0.8660254037844386,0.5000000000000001,0.7818314824680298,0.6234898018587336,-0.2588190451025208,-0.9659258262890683,0,0,0,0,0,0,0,1,1,1,0,0,1,1,0,0,0,0,0,0,0,5,False,True,False,False,False,False,False,False,False,False,False,False,False,False,False,False,True,False,False,True,False,False,False,False,False,False,False,False,University Health Network - Toronto General,1720.2699429261265
Major Arterial,North York,Traffic Signal,Clear,"Dark, artificial",Dry,Non-Fatal Injury,Pedestrian Collisions,True,False,True,False,False,False,False,False,False,True,False,False,False,Clairlea-Birchmount,2013,-0.8660254037844386,0.5000000000000001,0.7818314824680298,0.6234898018587336,-1.0,-1.8369701987210297e-16,0,0,0,0,0,1,0,0,0,0,0,0,1,0,0,0,0,0,0,0,0,2,False,False,False,False,False,False,False,False,False,False,False,False,True,False,False,False,False,False,True,False,False,False,False,False,False,False,False,False,Michael Garron Hospital,5382.767057751422
Major Arterial,North York,Traffic Signal,Clear,Daylight,Dry,Fatal,Cyclist Collisions,False,True,True,False,False,False,False,False,True,True,True,False,False,Downsview,2013,-0.8660254037844386,0.5000000000000001,0.9749279121818236,-0.22252093395631434,0.49999999999999994,-0.8660254037844387,0,0,0,0,2,0,0,0,0,0,0,0,0,0,0,0,0,0,0,0,0,2,False,True,False,False,False,False,False,False,False,False,False,False,False,False,False,True,False,False,False,False,False,False,False,False,False,False,False,False,Humber River Health - Wilson,4856.1109438231215