ROAD_CLASS,DISTRICT,TRAFFCTL,VISIBILITY,LIGHT,RDSFCOND,ACCLASS,IMPACTYPE,PEDESTRIAN,CYCLIST,AUTOMOBILE,MOTORCYCLE,TRUCK,TRSN_CITY_VEH,EMERG_VEH,PASSENGER,SPEEDING,AG_DRIV,REDLIGHT,ALCOHOL,DISABILITY,NEIGHBOURHOOD_158,YEAR,MONTH_sin,MONTH_cos,DOW_sin,DOW_cos,HOUR_sin,HOUR_cos,INVAGE_00to04,INVAGE_05to09,INVAGE_10to14,INVAGE_15to19,INVAGE_20to24,INVAGE_25to29,INVAGE_30to34,INVAGE_35to39,INVAGE_40to44,INVAGE_45to49,INVAGE_50to54,INVAGE_55to59,INVAGE_60to64,INVAGE_65to69,INVAGE_70to74,INVAGE_75to79,INVAGE_80to84,INVAGE_85to89,INVAGE_90to94,INVAGE_Over95,INVAGE_unknown,NUMPERSONS,MANOEUVER_ChangingLanes,MANOEUVER_GoingAhead,MANOEUVER_MakingUTurn,MANOEUVER_Merging,MANOEUVER_Other,MANOEUVER_Overtaking,MANOEUVER_Parked,MANOEUVER_PullingAwayfromShoulderorCurb,MANOEUVER_PullingOntoShoulderortowardCurb,MANOEUVER_Reversing,MANOEUVER_SlowingorStopping,MANOEUVER_Stopped,MANOEUVER_TurningLeft,MANOEUVER_TurningRight,MANOEUVER_Unknown,DRIVACT_DisobeyedTrafficControl,DRIVACT_DrivingProperly,DRIVACT_ExceedingSpeedLimit,DRIVACT_FailedtoYieldRightofWay,DRIVACT_FollowingtooClose,DRIVACT_ImproperLaneChange,DRIVACT_ImproperPassing,DRIVACT_ImproperTurn,DRIVACT_Lostcontrol,DRIVACT_Other,DRIVACT_SpeedtooFastForCondition,DRIVACT_SpeedtooSlow,DRIVACT_WrongWayonOneWayRoad,NEAREST_HOSPITAL,DIST_TO_HOS
Major Arterial,Toronto and East York,No Control,Clear,"Dusk, artificial",Dry,Non-Fatal Injury,Pedestrian Collisions,True,False,True,False,False,False,False,False,False,False,False,False,False,St Lawrence-East Bayfront-The Islands,2013,-0.8660254037844386,0.5000000000000001,0.43388373911755823,-0.900968867902419,-0.9659258262890683,-0.25881904510252063,0,0,0,0,0,0,0,0,1,0,0,0,0,1,0,0,0,0,0,0,0,2,False,False,False,False,False,False,False,False,False,False,True,False,False,False,False,False,True,False,False,False,False,False,False,False,False,False,False,False,Unity Health Toronto - St. Michael's,865.7506821998395
Minor Arterial,Toronto and East York,Traffic Signal,Rain,"Dark, artificial",Wet,Non-Fatal Injury,Cyclist Collisions,False,True,True,False,False,False,False,False,False,False,False,False,False,University,2013,-0.8660254037844386,0.5000000000000001,-0.433883739117558,-0.9009688679024191,0.25881904510252074,0.9659258262890683,0,0,0,0,2,0,0,0,0,0,0,0,0,0,0,0,0,0,0,0,0,2,False,True,False,False,False,False,False,False,False,False,False,False,False,False,False,False,True,False,False,False,False,False,False,False,False,False,False,False,University Health Network - Toronto General,1410.7011407047976
Expressway Ramp,Etobicoke York,No Control,Clear,"Dark, artificial",Dry,Non-Fatal Injury,SMV Other,False,False,True,False,False,False,False,False,False,False,False,True,False,Eringate-Centennial-West Deane,2013,-0.8660254037844386,0.5000000000000001,-0.9749279121818236,-0.2225209339563146,0.0,1.0,0,0,0,0,0,1,0,0,0,0,0,0,0,0,0,0,0,0,0,0,0,1,False,True,False,False,False,False,False,False,False,False,False,False,False,False,False,False,False,False,False,False,False,False,False,True,False,False,False,False,William Osler Health System - Etobicoke,8965.071038268274
Local,North York,Stop Sign,Clear,"Dark, artificial",Dry,Non-Fatal Injury,SMV Unattended Vehicle,False,False,True,False,False,False,False,False,True,True,False,False,False,Downsview,2013,-0.8660254037844386,0.5000000000000001,-0.9749279121818236,-0.2225209339563146,0.49999999999999994,0.8660254037844387,0,0,0,0,0,1,0,0,0,0,0,0,0,0,0,0,0,0,0,0,0,1,False,False,False,False,False,False,False,False,False,False,False,False,True,False,False,False,False,False,False,False,False,False,False,True,False,False,False,False,Humber River Health - Wilson,1913.008943817229
Major Arterial,Scarborough,No Control,Clear,Daylight,Dry,Fatal,Approaching,False,False,True,False,False,False,False,True,True,True,False,False,False,Eglinton East,2013,-0.8660254037844386,0.5000000000000001,-0.7818314824680299,0.6234898018587334,0.49999999999999994,-0.8660254037844387,0,0,0,0,0,0,2,2,1,1,0,0,0,0,0,0,0,0,0,0,0,6,True,True,False,False,False,False,False,False,False,False,False,False,False,False,False,False,True,False,False,False,False,False,False,False,False,True,False,False,Scarborough Health Network - Scarborough General,2249.9864813244203
Major Arterial,North York,Traffic Signal,Clear,"Dark, artificial",Dry,Fatal,Pedestrian Collisions,True,False,True,False,False,False,False,False,False,True,False,False,False,Newtonbrook West,2013,-0.8660254037844386,0.5000000000000001,-0.7818314824680299,0.6234898018587334,-0.7071067811865471,-0.7071067811865479,0,0,0,0,0,0,1,0,1,0,0,0,0,0,0,0,0,0,0,0,0,2,False,False,False,False,False,False,False,False,False,False,False,False,False,True,False,False,False,False,False,False,False,True,False,False,False,False,False,False,North York General Hospital - General Site,7882.9783551497385
Major Arterial,Toronto and East York,Traffic Signal,Clear,Daylight,Dry,Non-Fatal Injury,Pedestrian Collisions,True,False,True,False,False,False,False,False,False,True,False,False,False,Downtown Yonge East,2013,-0.8660254037844386,0.5000000000000001,0.9749279121818236,-0.22252093395631434,0.258819045102521,-0.9659258262890682,0,0,0,0,0,0,2,0,0,0,0,0,0,0,0,0,0,0,0,0,0,2,False,False,False,False,False,False,False,False,False,False,False,False,True,False,False,False,False,False,True,False,False,False,False,False,False,False,False,False,Unity Health Toronto - St. Michael's,845.3680471814005
Minor Arterial,Etobicoke York,No Control,Clear,Daylight,Dry,Non-Fatal Injury,SMV Other,False,False,True,False,False,False,False,False,False,False,False,False,False,Markland Wood,2013,-0.8660254037844386,0.5000000000000001,0.43388373911755823,-0.900968867902419,-0.4999999999999997,-0.8660254037844388,0,0,0,0,0,0,0,0,0,0,0,0,0,0,0,0,1,0,0,0,0,1,False,True,False,False,False,False,False,False,False,False,False,False,False,False,False,False,False,False,False,False,False,False,False,True,False,False,False,False,Unity Health Toronto - St. Joseph's,9626.216722881189
Major Arterial,Toronto and East York,No Control,Clear,"Dawn, artificial",Dry,Fatal,SMV Other,False,False,True,False,False,False,False,False,True,True,False,False,False,South Parkdale,2013,-0.8660254037844386,0.5000000000000001,-0.433883739117558,-0.9009688679024191,1.0,6.123233995736766e-17,0,0,0,0,0,1,0,0,0,0,0,0,0,0,0,0,0,0,0,0,0,1,False,True,False,False,False,False,False,False,False,False,False,False,False,False,False,False,False,False,False,False,False,False,False,True,False,False,False,False,Unity Health Toronto - St. Joseph's,365.83758989791386
Minor Arterial,North York,No Control,Clear,Daylight,Dry,Non-Fatal Injury,Pedestrian Collisions,True,False,True,False,False,False,False,False,False,False,False,False,False,Newtonbrook East,2013,-0.8660254037844386,0.5000000000000001,-0.433883739117558,-0.9009688679024191,-0.8660254037844385,-0.5000000000000004,0,0,1,0,0,0,0,0,0,0,0,0,0,0,0,0,0,0,0,0,1,2,False,True,False,False,False,False,False,False,False,False,False,False,False,False,False,False,True,False,False,False,False,False,False,False,False,False,False,False,North York General Hospital - General Site,4879.454355156166
Major Arterial,Toronto and East York,No Control,Clear,Dark,Dry,Non-Fatal Injury,SMV Other,False,False,True,False,False,False,False,False,True,True,False,True,False,Annex,2013,-0.8660254037844386,0.5000000000000001,-0.9749279121818236,-0.2225209339563146,0.9659258262890683,0.25881904510252074,0,0,0,0,0,0,0,0,0,1,0,0,0,0,0,0,0,0,0,0,0,1,False,True,False,False,False,False,False,False,False,False,False,False,False,False,False,False,False,False,False,False,False,False,False,True,False,False,False,False,University Health Network - Toronto General,2675.6748407089617
Major Arterial,Etobicoke York,Traffic Signal,Other,Daylight,Other,Fatal,Turning Movement,False,False,True,False,False,False,False,False,False,False,False,False,False,Markland Wood,2013,-0.8660254037844386,0.5000000000000001,-0.9749279121818236,-0.2225209339563146,-0.8660254037844385,-0.5000000000000004,0,0,0,0,0,0,1,1,0,0,0,0,0,0,0,0,0,0,0,0,0,2,False,True,False,False,False,False,False,False,False,False,False,False,True,False,False,False,True,False,False,False,False,False,True,False,False,False,False,False,Unity Health Toronto - St. Joseph's,10133.33442287962
Major Arterial,Etobicoke York,Traffic Signal,Clear,"Dark, artificial",Dry,Non-Fatal Injury,Pedestrian Collisions,True,False,True,False,False,False,False,True,False,True,False,False,False,Beechborough-Greenbrook,2013,-0.5000000000000004,0.8660254037844384,0.0,1.0,0.0,1.0,0,0,1,0,0,0,0,1,1,0,0,0,0,0,0,0,0,0,0,0,0,3,False,False,False,False,False,False,False,False,False,False,False,False,False,True,False,False,False,False,True,False,False,False,False,False,False,False,False,False,Humber River Health - Wilson,3763.171775462688
Major Arterial,Etobicoke York,Traffic Signal,Clear,Daylight,Dry,Non-Fatal Injury,Pedestrian Collisions,True,False,True,False,False,False,False,False,False,False,False,False,False,Humber Heights-Westmount,2013,-0.5000000000000004,0.8660254037844384,0.7818314824680298,0.6234898018587336,0.9659258262890683,-0.25881904510252063,0,0,1,0,0,0,0,0,0,0,1,0,0,0,0,0,0,0,0,0,0,2,False,True,False,False,False,False,False,False,False,False,False,False,False,False,False,False,True,False,False,False,False,False,False,False,False,False,False,False,Humber River Health - Wilson,5595.592956175446
Major Arterial,Etobicoke York,Traffic Signal,Clear,Daylight,Dry,Non-Fatal Injury,Pedestrian Collisions,True,False,True,False,False,False,False,False,False,False,False,False,False,Humber Heights-Westmount,2013,-0.5000000000000004,0.8660254037844384,0.7818314824680298,0.6234898018587336,0.9659258262890683,-0.25881904510252063,0,0,1,0,0,0,0,0,0,0,1,0,0,0,0,0,0,0,0,0,0,2,False,True,False,False,False,False,False,False,False,False,False,False,False,False,False,False,True,False,False,False,False,False,False,False,False,False,False,False,Humber River Health - Wilson,5601.916656185989
Major Arterial,Scarborough,Traffic Signal,Clear,"Dark, artificial",Dry,Non-Fatal Injury,Pedestrian Collisions,True,False,True,False,False,False,False,False,True,True,False,False,False,Clairlea-Birchmount,2013,-0.5000000000000004,0.8660254037844384,0.7818314824680298,0.6234898018587336,-1.0,-1.8369701987210297e-16,0,0,0,0,0,0,0,0,0,0,1,0,0,0,1,0,0,0,0,0,0,2,False,False,False,False,False,False,False,False,False,False,False,False,True,False,False,False,False,False,True,False,False,False,False,False,False,False,False,False,Michael Garron Hospital,5611.50295774953
Major Arterial,Etobicoke York,Traffic Signal,Clear,"Dark, artificial",Dry,Fatal,Pedestrian Collisions,True,False,True,False,False,False,False,False,False,True,False,False,False,Markland Wood,2013,-0.5000000000000004,0.8660254037844384,0.7818314824680298,0.6234898018587336,-0.7071067811865477,0.7071067811865474,0,0,0,0,0,0,0,0,0,1,0,0,0,0,0,0,1,1,0,0,0,3,False,False,False,False,False,False,False,False,False,False,False,False,True,False,False,False,False,False,True,False,False,False,False,False,False,False,False,False,Trillium Health Partners- Mississauga,9881.22788555699
Major Arterial,Toronto and East York,Traffic Signal,Clear,Daylight,Dry,Non-Fatal Injury,Pedestrian Collisions,True,False,True,False,False,False,False,False,False,False,False,False,False,Annex,2013,-0.5000000000000004,0.8660254037844384,0.9749279121818236,-0.22252093395631434,1.2246467991473532e-16,-1.0,0,0,0,0,0,0,0,0,0,0,0,0,0,1,1,0,0,0,0,0,0,2,False,True,False,False,False,False,False,False,False,False,False,False,False,False,False,False,True,False,False,False,False,False,False,False,False,False,False,False,University Health Network - Toronto Western,2419.032934620278
Collector,Scarborough,Stop Sign,Clear,Daylight,Dry,Non-Fatal Injury,Cyclist Collisions,False,True,True,False,False,False,False,False,False,False,False,False,False,Oakridge,2013,-0.5000000000000004,0.8660254037844384,0.9749279121818236,-0.22252093395631434,-0.7071067811865471,-0.7071067811865479,0,0,0,0,0,1,0,0,0,0,0,1,0,0,0,0,0,0,0,0,0,2,False,True,False,False,False,False,False,False,False,False,False,False,False,False,False,False,True,False,False,False,False,False,False,False,False,False,False,False,Michael Garron Hospital,4398.19535775343
Local,North York,No Control,Clear,"Dark, artificial",Dry,Fatal,Pedestrian Collisions,True,False,True,False,False,False,False,False,False,False,False,False,False,Newtonbrook East,2013,-0.5000000000000004,0.8660254037844384,0.9749279121818236,-0.22252093395631434,-0.9659258262890684,0.2588190451025203,0,0,0,0,0,1,0,0,0,0,0,0,0,0,0,1,0,0,0,0,0,2,False,True,False,False,False,False,False,False,False,False,False,False,False,False,False,False,True,False,False,False,False,False,False,False,False,False,False,False,North York General Hospital - General Site,6987.2894551537465
Major Arterial,Toronto and East York,No Control,Clear,"Dark, artificial",Dry,Fatal,Pedestrian Collisions,True,False,True,False,False,False,False,False,False,False,False,False,False,Trinity-Bellwoods,2013,-0.5000000000000004,0.8660254037844384,0.43388373911755823,-0.900968867902419,-1.0,-1.8369701987210297e-16,0,0,0,0,0,0,0,0,0,1,0,0,0,0,0,0,0,0,1,0,0,2,False,True,False,False,False,False,False,False,False,False,False,False,False,False,False,False,True,False,False,False,False,False,False,False,False,False,False,False,University Health Network - Toronto Western,664.3689970358973
Major Arterial,Toronto and East York,Traffic Signal,Clear,"Dark, artificial",Dry,Non-Fatal Injury,Turning Movement,False,False,True,True,False,False,False,True,False,False,False,False,False,Harbourfront-CityPlace,2013,-0.5000000000000004,0.8660254037844384,0.43388373911755823,-0.900968867902419,-0.9659258262890684,0.2588190451025203,0,0,0,0,0,1,0,1,0,1,0,0,0,0,0,0,0,0,0,0,0,3,False,True,False,False,False,False,False,False,False,False,False,False,True,False,False,False,True,False,False,False,False,False,True,False,False,False,False,False,University Health Network - Toronto Western,2446.3168653881876
Minor Arterial,Scarborough,Stop Sign,Clear,Daylight,Dry,Non-Fatal Injury,Angle,False,False,True,False,False,False,False,False,False,True,False,False,False,Woburn North,2013,-0.5000000000000004,0.8660254037844384,-0.433883739117558,-0.9009688679024191,-0.8660254037844385,-0.5000000000000004,0,0,0,0,0,0,1,0,0,1,0,0,0,0,0,0,0,0,0,0,0,2,False,True,False,False,False,False,False,False,False,False,False,False,False,False,False,True,True,False,False,False,False,False,False,False,False,False,False,False,Scarborough Health Network - Scarborough General,1482.1343432421563
Local,Etobicoke York,No Control,Clear,"Dark, artificial",Dry,Non-Fatal Injury,Pedestrian Collisions,True,False,True,False,False,False,False,False,False,True,False,False,False,York University Heights,2013,-0.5000000000000004,0.8660254037844384,-0.9749279121818236,-0.2225209339563146,0.7071067811865476,0.7071067811865476,0,0,0,0,1,0,0,0,0,0,0,0,0,0,0,0,0,0,0,0,1,2,False,False,False,False,True,False,False,False,False,False,False,False,False,False,False,False,False,False,True,False,False,False,False,False,False,False,False,False,Humber River Health - Wilson,5226.372624528594
Major Arterial,Toronto and East York,Traffic Signal,Clear,"Dark, artificial",Dry,Non-Fatal Injury,Pedestrian Collisions,True,False,True,False,False,False,False,False,False,False,False,False,False,Yonge-Bay Corridor,2013,-0.5000000000000004,0.8660254037844384,0.9749279121818236,-0.22252093395631434,0.49999999999999994,0.8660254037844387,0,0,0,0,0,0,0,0,1,0,0,0,0,0,0,0,0,0,0,0,1,2,False,True,False,False,False,False,False,False,False,False,False,False,False,False,False,False,True,False,False,False,False,False,False,False,False,False,False,False,Unity Health Toronto - St. Michael's,1211.2166528136004
Minor Arterial,Scarborough,No Control,Clear,Daylight,Dry,Non-Fatal Injury,Sideswipe,False,False,True,False,False,False,False,True,True,True,False,False,False,Birchcliffe-Cliffside,2013,-0.5000000000000004,0.8660254037844384,0.9749279121818236,-0.22252093395631434,1.2246467991473532e-16,-1.0,0,0,0,4,0,0,0,0,0,0,0,0,0,0,0,0,0,0,0,0,0,4,True,False,False,False,False,False,False,False,False,False,False,False,False,False,False,False,False,False,False,False,False,False,False,False,True,False,False,False,Michael Garron Hospital,6766.879157751682
Major Arterial,North York,No Control,Clear,Dusk,Dry,Non-Fatal Injury,Pedestrian Collisions,True,False,True,False,False,False,False,True,False,False,False,False,False,Lansing-Westgate,2013,-0.5000000000000004,0.8660254037844384,0.9749279121818236,-0.22252093395631434,-0.8660254037844385,-0.5000000000000004,0,0,0,1,0,0,0,1,0,0,0,0,0,0,0,0,0,1,0,0,0,3,False,True,False,False,False,False,False,False,False,False,False,False,False,False,False,False,True,False,False,False,False,False,False,False,False,False,False,False,North York General Hospital - General Site,6825.838610590086
Collector,North York,No Control,Clear,"Dark, artificial",Dry,Non-Fatal Injury,Pedestrian Collisions,True,False,True,False,False,False,False,False,False,True,False,False,False,Flemingdon Park,2013,-0.5000000000000004,0.8660254037844384,0.43388373911755823,-0.900968867902419,-0.9659258262890683,-0.25881904510252063,0,0,0,0,0,0,0,1,0,1,0,0,0,0,0,0,0,0,0,0,0,2,False,False,False,False,False,False,False,False,False,False,False,False,True,False,False,False,False,False,True,False,False,False,False,False,False,False,False,False,Michael Garron Hospital,3548.176991266315
Major Arterial,North York,Traffic Signal,Clear,Daylight,Wet,Non-Fatal Injury,Turning Movement,False,False,True,False,False,False,False,True,False,True,False,False,False,Bathurst Manor,2013,-0.5000000000000004,0.8660254037844384,0.0,1.0,-0.2588190451025208,-0.9659258262890683,0,0,0,2,1,0,0,0,0,0,0,0,0,0,0,0,1,0,0,0,0,4,False,True,False,False,False,False,False,False,False,False,False,False,True,False,False,False,True,False,True,False,False,False,False,False,False,False,False,False,Humber River Health - Wilson,6015.979043818545
Major Arterial,Etobicoke York,No Control,Clear,Daylight,Dry,Non-Fatal Injury,Pedestrian Collisions,True,False,True,False,False,False,False,False,False,True,False,False,False,Oakdale-Beverley Heights,2013,-0.5000000000000004,0.8660254037844384,0.43388373911755823,-0.900968867902419,-0.8660254037844385,-0.5000000000000004,0,0,0,0,0,0,0,0,0,0,0,0,1,1,0,0,0,0,0,0,0,2,False,False,False,False,False,False,False,False,False,False,False,False,True,False,False,False,False,False,True,False,False,False,False,False,False,False,False,False,Humber River Health - Wilson,2700.129056178499
Collector,Etobicoke York,No Control,Clear,"Dark, artificial",Loose Sand or Gravel,Non-Fatal Injury,Pedestrian Collisions,True,False,True,False,False,False,False,False,False,False,False,False,False,Etobicoke City Centre,2013,-0.5000000000000004,0.8660254037844384,0.43388373911755823,-0.900968867902419,-0.9659258262890683,-0.25881904510252063,0,0,0,0,0,0,0,0,0,0,1,0,1,0,0,0,1,0,0,0,0,3,False,False,False,False,False,False,False,False,False,False,False,False,False,False,True,False,True,False,False,False,False,False,False,False,False,False,False,False,Unity Health Toronto - St. Joseph's,7651.949022877845
Major Arterial,Etobicoke York,No Control,Clear,"Dark, artificial",Dry,Non-Fatal Injury,Pedestrian Collisions,True,False,True,False,False,False,False,False,False,False,False,False,False,Humber Bay Shores,2013,-0.5000000000000004,0.8660254037844384,0.43388373911755823,-0.900968867902419,-0.9659258262890684,0.2588190451025203,0,0,0,0,1,0,0,0,1,0,0,0,0,0,0,0,0,0,0,0,0,2,False,True,False,False,False,False,False,False,False,False,False,False,False,False,False,False,True,False,False,False,False,False,False,False,False,False,False,False,Unity Health Toronto - St. Joseph's,4416.758422884159
Major Arterial,North York,No Control,Rain,"Dark, artificial",Slush,Non-Fatal Injury,Pedestrian Collisions,True,False,True,False,False,False,False,False,False,False,False,False,False,Hillcrest Village,2013,-0.5000000000000004,0.8660254037844384,-0.433883739117558,-0.9009688679024191,-0.9659258262890684,0.2588190451025203,0,0,0,0,0,1,1,0,0,0,0,1,0,0,0,0,0,0,0,0,0,3,False,True,False,False,False,False,False,False,False,False,False,False,False,False,False,False,True,False,False,False,False,False,False,False,False,False,False,False,North York General Hospital - General Site,4929.02595515328
Major Arterial,North York,Stop Sign,Clear,Daylight,Dry,Fatal,Pedestrian Collisions,True,False,True,False,False,False,False,False,False,False,False,False,False,Clairlea-Birchmount,2013,-0.5000000000000004,0.8660254037844384,0.7818314824680298,0.6234898018587336,-0.7071067811865471,-0.7071067811865479,0,0,0,0,0,0,0,0,0,0,0,0,0,1,1,0,0,0,0,0,0,2,False,False,False,False,False,False,False,False,False,False,False,False,True,False,False,False,True,False,False,False,False,False,False,False,False,False,False,False,Michael Garron Hospital,5574.623257759726
Minor Arterial,Toronto and East York,No Control,Clear,Daylight,Dry,Non-Fatal Injury,Pedestrian Collisions,True,False,True,False,False,False,False,False,False,False,False,False,False,South Parkdale,2013,-0.5000000000000004,0.8660254037844384,0.7818314824680298,0.6234898018587336,-0.9659258262890683,-0.25881904510252063,0,0,0,0,0,0,0,0,0,0,0,0,0,1,0,1,0,0,0,0,0,2,False,True,False,False,False,False,False,False,False,False,False,False,False,False,False,False,True,False,False,False,False,False,False,False,False,False,False,False,Unity Health Toronto - St. Joseph's,1462.8566898939898
Major Arterial,Scarborough,Traffic Signal,Clear,Daylight,Wet,Non-Fatal Injury,Turning Movement,False,False,True,False,False,False,False,True,False,True,False,False,False,Dorset Park,2013,-0.5000000000000004,0.8660254037844384,-0.9749279121818236,-0.2225209339563146,0.49999999999999994,-0.8660254037844387,0,0,0,0,0,0,1,0,0,0,0,0,1,0,0,1,0,0,0,0,0,3,False,True,False,False,False,False,False,False,False,False,False,False,True,False,False,False,True,False,True,False,False,False,False,False,False,False,False,False,Scarborough Health Network - Scarborough General,3970.5815186841646
Major Arterial,Toronto and East York,Traffic Signal,Clear,Daylight,Dry,Non-Fatal Injury,Pedestrian Collisions,True,False,True,False,False,False,False,False,False,True,False,False,False,Runnymede-Bloor West Village,2013,-0.5000000000000004,0.8660254037844384,0.7818314824680298,0.6234898018587336,-0.2588190451025208,-0.9659258262890683,0,0,0,0,0,0,0,1,0,1,0,0,0,0,0,0,0,0,0,0,0,2,False,False,False,False,False,False,False,False,False,False,False,False,True,False,False,False,False,False,True,False,False,False,False,False,False,False,False,False,Unity Health Toronto - St. Joseph's,4789.7338101088535
Major Arterial,Scarborough,No Control,Clear,Daylight,Wet,Non-Fatal Injury,Pedestrian Collisions,True,False,True,False,False,False,False,False,False,False,False,False,False,Eglinton East,2014,0.0,1.0,0.43388373911755823,-0.900968867902419,-0.8660254037844385,-0.5000000000000004,0,0,0,0,0,0,0,0,1,0,0,0,0,0,0,0,0,0,0,0,1,2,False,False,False,False,False,False,False,False,False,False,False,False,False,False,True,False,False,False,False,False,False,False,False,False,True,False,False,False,Scarborough Health Network - Scarborough General,2588.9254813174484
Major Arterial,Etobicoke York,Traffic Signal,Clear,"Dark, artificial",Wet,Non-Fatal Injury,Pedestrian Collisions,True,False,True,False,False,False,False,False,False,False,False,False,False,New Toronto,2014,0.0,1.0,0.43388373911755823,-0.900968867902419,-0.8660254037844386,0.5000000000000001,0,0,0,0,0,0,1,0,1,0,0,0,0,0,0,0,0,0,0,0,0,2,False,True,False,False,False,False,False,False,False,False,False,False,False,False,False,False,True,False,False,False,False,False,False,False,False,False,False,False,Unity Health Toronto - St. Joseph's,8535.342722880072
Major Arterial,Etobicoke York,Traffic Signal,Clear,"Dark, artificial",Wet,Non-Fatal Injury,Turning Movement,False,False,True,False,False,False,False,False,False,True,False,False,False,Etobicoke City Centre,2014,0.0,1.0,0.0,1.0,-0.7071067811865477,0.7071067811865474,0,0,0,0,0,0,1,0,0,0,0,0,0,1,0,0,0,0,0,0,0,2,False,True,False,False,False,False,False,False,False,False,False,False,True,False,False,False,True,False,True,False,False,False,False,False,False,False,False,False,Trillium Health Partners- Mississauga,9383.528585555614
Collector,Etobicoke York,No Control,Clear,"Dawn, artificial",Dry,Non-Fatal Injury,SMV Other,False,False,True,False,False,False,False,False,True,True,False,False,False,Mimico-Queensway,2014,0.0,1.0,0.7818314824680298,0.6234898018587336,0.9659258262890683,-0.25881904510252063,0,0,0,0,0,0,1,0,0,0,0,0,0,0,0,0,0,0,0,0,0,1,False,True,False,False,False,False,False,False,False,False,False,False,False,False,False,False,False,False,False,False,False,False,False,False,False,True,False,False,Unity Health Toronto - St. Joseph's,6672.384122884483
Local,Etobicoke York,No Control,Clear,Daylight,Ice,Non-Fatal Injury,Pedestrian Collisions,True,False,False,False,True,False,False,False,False,False,False,False,False,Edenbridge-Humber Valley,2014,0.0,1.0,0.7818314824680298,0.6234898018587336,-0.7071067811865471,-0.7071067811865479,0,0,0,0,1,0,0,1,0,0,0,0,0,0,0,0,0,0,0,0,0,2,False,True,False,False,False,False,False,False,False,False,False,False,False,False,False,False,False,False,False,False,False,False,False,False,True,False,False,False,Humber River Health - Wilson,8268.050456174766
Major Arterial,Scarborough,Traffic Signal,Clear,"Dark, artificial",Dry,Non-Fatal Injury,Turning Movement,False,False,True,False,False,False,False,False,False,True,False,False,False,Tam O'Shanter-Sullivan,2014,0.0,1.0,0.7818314824680298,0.6234898018587336,-0.9659258262890684,0.2588190451025203,0,0,0,1,1,0,0,0,0,0,0,0,0,0,0,0,0,0,0,0,0,2,False,True,False,False,False,False,False,False,False,False,False,False,True,False,False,False,True,False,True,False,False,False,False,False,False,False,False,False,Scarborough Health Network - Birchmount,2615.38819654868
Major Arterial,Etobicoke York,Traffic Signal,Clear,Daylight,Dry,Non-Fatal Injury,Pedestrian Collisions,True,False,True,False,False,False,False,True,False,True,True,False,False,Rockcliffe-Smythe,2014,0.0,1.0,-0.433883739117558,-0.9009688679024191,-0.7071067811865471,-0.7071067811865479,0,0,0,0,1,1,0,0,0,1,0,0,1,1,0,0,0,0,0,0,0,5,False,True,False,False,False,False,False,False,False,False,False,False,True,False,False,True,True,False,False,False,False,False,False,False,False,False,False,False,Humber River Health - Wilson,6227.213756178389
Major Arterial,Scarborough,Traffic Signal,Snow,"Dark, artificial",Ice,Non-Fatal Injury,SMV Other,False,False,True,False,False,False,False,True,True,True,False,False,False,Birchcliffe-Cliffside,2014,0.0,1.0,-0.7818314824680299,0.6234898018587334,-0.9659258262890683,-0.25881904510252063,0,0,0,0,0,0,0,0,0,0,1,0,1,0,0,0,0,0,0,0,0,2,False,True,False,False,False,False,False,False,False,False,False,False,False,False,False,False,False,False,False,False,False,False,False,False,False,True,False,False,Michael Garron Hospital,6566.971657755668
Major Arterial,North York,Traffic Signal,Clear,"Dark, artificial",Wet,Fatal,Pedestrian Collisions,True,False,True,False,False,False,False,False,False,False,False,False,False,Oakwood Village,2014,0.0,1.0,-0.7818314824680299,0.6234898018587334,-0.5000000000000004,0.8660254037844384,0,0,0,1,0,0,0,1,0,0,0,0,0,0,0,0,0,0,0,0,0,2,False,True,False,False,False,False,False,False,False,False,False,False,False,False,False,False,True,False,False,False,False,False,False,False,False,False,False,False,Unity Health Toronto - St. Joseph's,6419.645077114808
Major Arterial,Scarborough,No Control,Clear,Daylight,Dry,Non-Fatal Injury,Rear End,False,False,True,False,True,False,False,True,False,True,False,False,False,Scarborough Village,2014,0.0,1.0,0.7818314824680298,0.6234898018587336,0.49999999999999994,-0.8660254037844387,0,0,0,0,1,1,0,2,1,2,2,1,1,0,0,0,0,0,0,0,0,11,False,True,False,False,False,False,False,False,False,False,False,True,False,False,False,False,True,False,False,True,False,False,False,False,False,False,False,False,Scarborough Health Network - Scarborough General,4432.344581318088
Major Arterial,North York,Traffic Signal,Clear,Daylight,Dry,Non-Fatal Injury,Pedestrian Collisions,True,False,False,False,True,False,False,False,False,True,False,False,False,York University Heights,2014,0.0,1.0,0.7818314824680298,0.6234898018587336,1.2246467991473532e-16,-1.0,0,0,0,0,0,0,0,0,0,1,0,1,0,0,0,0,0,0,0,0,0,2,False,False,False,False,False,False,False,False,False,False,False,False,True,False,False,False,False,False,True,False,False,False,False,False,False,False,False,False,Humber River Health - Wilson,6245.297443811782