ROAD_CLASS,DISTRICT,TRAFFCTL,VISIBILITY,LIGHT,RDSFCOND,ACCLASS,IMPACTYPE,PEDESTRIAN,CYCLIST,AUTOMOBILE,MOTORCYCLE,TRUCK,TRSN_CITY_VEH,EMERG_VEH,PASSENGER,SPEEDING,AG_DRIV,REDLIGHT,ALCOHOL,DISABILITY,NEIGHBOURHOOD_158,YEAR,MONTH_sin,MONTH_cos,DOW_sin,DOW_cos,HOUR_sin,HOUR_cos,INVAGE_00to04,INVAGE_05to09,INVAGE_10to14,INVAGE_15to19,INVAGE_20to24,INVAGE_25to29,INVAGE_30to34,INVAGE_35to39,INVAGE_40to44,INVAGE_45to49,INVAGE_50to54,INVAGE_55to59,INVAGE_60to64,INVAGE_65to69,INVAGE_70to74,INVAGE_75to79,INVAGE_80to84,INVAGE_85to89,INVAGE_90to94,INVAGE_Over95,INVAGE_unknown,NUMPERSONS,MANOEUVER_ChangingLanes,MANOEUVER_GoingAhead,MANOEUVER_MakingUTurn,MANOEUVER_Merging,MANOEUVER_Other,MANOEUVER_Overtaking,MANOEUVER_Parked,MANOEUVER_PullingAwayfromShoulderorCurb,MANOEUVER_PullingOntoShoulderortowardCurb,MANOEUVER_Reversing,MANOEUVER_SlowingorStopping,MANOEUVER_Stopped,MANOEUVER_TurningLeft,MANOEUVER_TurningRight,MANOEUVER_Unknown,DRIVACT_DisobeyedTrafficControl,DRIVACT_DrivingProperly,DRIVACT_ExceedingSpeedLimit,DRIVACT_FailedtoYieldRightofWay,DRIVACT_FollowingtooClose,DRIVACT_ImproperLaneChange,DRIVACT_ImproperPassing,DRIVACT_ImproperTurn,DRIVACT_Lostcontrol,DRIVACT_Other,DRIVACT_SpeedtooFastForCondition,DRIVACT_SpeedtooSlow,DRIVACT_WrongWayonOneWayRoad,NEAREST_HOSPITAL,DIST_TO_HOS
Major Arterial,Scarborough,Traffic Signal,Clear,"Dark, artificial",Dry,Non-Fatal Injury,Pedestrian Collisions,True,False,True,False,False,False,False,True,False,True,False,False,False,Eglinton East,2014,0.8660254037844386,0.5000000000000001,-0.433883739117558,-0.9009688679024191,-0.7071067811865477,0.7071067811865474,1,0,0,1,0,1,1,0,1,0,1,0,0,0,0,0,0,0,0,0,0,6,False,True,False,False,False,False,False,False,False,False,False,True,True,False,False,False,True,False,True,False,False,False,False,False,False,False,False,False,Scarborough Health Network - Scarborough General,1902.416381323943
Major Arterial,Scarborough,No Control,Clear,Dark,Dry,Non-Fatal Injury,Pedestrian Collisions,True,False,True,False,False,False,False,False,False,False,False,False,False,Kennedy Park,2014,0.8660254037844386,0.5000000000000001,0.0,1.0,0.9659258262890683,-0.25881904510252063,0,0,0,1,0,0,0,0,0,0,0,0,0,0,0,0,1,0,0,0,0,2,False,True,False,False,False,False,False,False,False,False,False,False,False,False,False,False,True,False,False,False,False,False,False,False,False,False,False,False,Scarborough Health Network - Scarborough General,4413.584056755761
Minor Arterial,Toronto and East York,No Control,Clear,Dark,Dry,Non-Fatal Injury,Pedestrian Collisions,True,False,True,False,False,False,False,False,False,False,False,False,False,South Riverdale,2014,0.8660254037844386,0.5000000000000001,0.9749279121818236,-0.22252093395631434,1.0,6.123233995736766e-17,0,0,0,0,0,0,1,1,0,0,0,0,0,0,0,0,0,0,0,0,0,2,False,True,False,False,False,False,False,False,False,False,False,False,False,False,False,False,True,False,False,False,False,False,False,False,False,False,False,False,Unity Health Toronto - St. Michael's,2939.35674717254
Minor Arterial,Toronto and East York,No Control,Clear,Dark,Dry,Non-Fatal Injury,Pedestrian Collisions,True,False,True,False,False,False,False,False,False,False,False,False,False,South Riverdale,2014,0.8660254037844386,0.5000000000000001,0.9749279121818236,-0.22252093395631434,1.0,6.123233995736766e-17,0,0,0,0,0,0,0,1,0,0,0,0,1,0,0,0,0,0,0,0,0,2,False,True,False,False,False,False,False,False,False,False,False,False,False,False,False,False,True,False,False,False,False,False,False,False,False,False,False,False,Unity Health Toronto - St. Michael's,2918.503647177713
Minor Arterial,Scarborough,No Control,Clear,"Dark, artificial",Loose Sand or Gravel,Non-Fatal Injury,SMV Other,False,False,True,False,False,False,False,False,False,False,False,False,False,Golfdale-Cedarbrae-Woburn,2014,0.8660254037844386,0.5000000000000001,-0.433883739117558,-0.9009688679024191,0.25881904510252074,0.9659258262890683,0,0,0,0,0,0,1,0,0,0,0,0,0,0,0,0,0,0,0,0,0,1,False,True,False,False,False,False,False,False,False,False,False,False,False,False,False,False,False,False,False,False,False,False,False,True,False,False,False,False,Scarborough Health Network - Scarborough General,3099.386981321615
Minor Arterial,Toronto and East York,Stop Sign,Clear,Daylight,Dry,Non-Fatal Injury,Pedestrian Collisions,True,False,True,False,False,False,False,False,False,True,False,False,False,Junction-Wallace Emerson,2014,0.8660254037844386,0.5000000000000001,-0.9749279121818236,-0.2225209339563146,-1.0,-1.8369701987210297e-16,0,0,0,0,0,0,0,0,1,0,0,0,0,0,0,0,0,1,0,0,0,2,False,False,False,False,True,False,False,False,False,False,False,False,False,False,False,False,False,False,True,False,False,False,False,False,False,False,False,False,Unity Health Toronto - St. Joseph's,2871.810577119817
Major Arterial,North York,No Control,Clear,Daylight,Dry,Non-Fatal Injury,Turning Movement,False,False,True,False,False,False,False,True,False,True,False,False,False,Bedford Park-Nortown,2014,0.8660254037844386,0.5000000000000001,-0.7818314824680299,0.6234898018587334,0.258819045102521,-0.9659258262890682,0,0,0,0,1,0,1,1,0,0,1,1,0,0,0,0,0,0,0,0,0,5,False,True,False,False,False,False,False,False,False,False,False,True,True,False,False,False,True,False,True,False,False,False,False,False,False,False,False,False,Sunnybrook Health Sciences Centre - Bayview Campus,5592.371469924576
Minor Arterial,Toronto and East York,Stop Sign,Clear,Daylight,Dry,Non-Fatal Injury,Pedestrian Collisions,True,False,True,False,False,False,False,False,False,False,False,False,False,St Lawrence-East Bayfront-The Islands,2014,0.8660254037844386,0.5000000000000001,0.9749279121818236,-0.22252093395631434,0.49999999999999994,-0.8660254037844387,0,0,0,0,0,1,1,0,0,0,0,0,0,0,0,0,0,0,0,0,0,2,False,False,False,False,False,False,False,False,False,False,False,False,True,False,False,False,False,False,False,False,False,False,True,False,False,False,False,False,Unity Health Toronto - St. Michael's,831.9796821970958
Major Arterial,North York,No Control,Clear,"Dark, artificial",Dry,Non-Fatal Injury,SMV Other,False,False,True,False,False,False,False,False,False,False,False,False,True,Bayview Village,2014,0.8660254037844386,0.5000000000000001,0.43388373911755823,-0.900968867902419,-0.25881904510252157,0.9659258262890681,0,0,0,0,0,0,0,0,0,0,0,0,0,0,1,0,0,0,0,0,0,1,False,True,False,False,False,False,False,False,False,False,False,False,False,False,False,False,False,False,False,False,False,False,False,True,False,False,False,False,North York General Hospital - General Site,443.6884551458061
Major Arterial,Toronto and East York,No Control,Clear,Daylight,Dry,Non-Fatal Injury,Pedestrian Collisions,True,False,True,False,False,False,False,False,False,False,False,False,False,Wellington Place,2014,0.8660254037844386,0.5000000000000001,-0.433883739117558,-0.9009688679024191,-0.9659258262890683,-0.25881904510252063,0,0,0,0,0,1,0,0,1,0,0,0,0,0,0,0,0,0,0,0,0,2,False,True,False,False,False,False,False,False,False,False,False,False,False,False,False,False,True,False,False,False,False,False,False,False,False,False,False,False,University Health Network - Toronto Western,956.5190653856844
Major Arterial,Toronto and East York,Traffic Signal,Clear,"Dark, artificial",Dry,Non-Fatal Injury,Pedestrian Collisions,True,False,True,False,False,False,False,False,False,False,False,False,False,University,2014,0.8660254037844386,0.5000000000000001,-0.9749279121818236,-0.2225209339563146,0.7071067811865476,0.7071067811865476,0,0,0,1,0,0,0,0,0,0,0,0,0,0,0,0,0,0,0,0,1,2,False,True,False,False,False,False,False,False,False,False,False,False,False,False,False,False,False,False,False,False,False,False,False,False,True,False,False,False,University Health Network - Toronto Western,1656.8581029661
Minor Arterial,Scarborough,No Control,Clear,"Dark, artificial",Dry,Non-Fatal Injury,SMV Other,False,False,True,False,False,False,False,True,False,False,False,True,False,Malvern East,2014,0.8660254037844386,0.5000000000000001,-0.9749279121818236,-0.2225209339563146,0.7071067811865476,0.7071067811865476,0,0,0,1,0,1,0,0,0,0,0,0,0,0,0,0,0,0,0,0,0,2,False,True,False,False,False,False,False,False,False,False,False,False,False,False,False,False,False,False,False,False,False,False,False,True,False,False,False,False,Scarborough Health Network - Centenary,2795.9949488288257
Major Arterial,North York,Traffic Signal,Clear,Daylight,Dry,Non-Fatal Injury,Pedestrian Collisions,True,False,True,False,False,False,False,False,False,True,True,False,False,Bedford Park-Nortown,2014,0.8660254037844386,0.5000000000000001,0.0,1.0,-0.9659258262890683,-0.25881904510252063,0,0,0,0,0,2,0,0,0,0,0,0,0,0,0,0,0,0,0,0,0,2,False,True,False,False,False,False,False,False,False,False,False,False,False,False,False,True,False,False,False,False,False,False,False,False,False,False,False,False,Sunnybrook Health Sciences Centre - Bayview Campus,3801.5400699226884
Major Arterial,North York,No Control,Clear,Daylight,Dry,Non-Fatal Injury,Pedestrian Collisions,True,False,True,False,False,False,False,False,False,False,False,False,False,Oakdale-Beverley Heights,2014,1.0,6.123233995736766e-17,0.43388373911755823,-0.900968867902419,0.49999999999999994,-0.8660254037844387,0,0,0,0,0,1,0,0,0,0,0,0,0,1,0,0,0,0,0,0,0,2,False,True,False,False,False,False,False,False,False,False,False,False,False,False,False,False,True,False,False,False,False,False,False,False,False,False,False,False,Humber River Health - Wilson,1615.9074561835732
Major Arterial,North York,Traffic Signal,Rain,Dark,Wet,Non-Fatal Injury,Pedestrian Collisions,True,False,True,False,False,False,False,False,False,False,False,False,False,Banbury-Don Mills,2014,1.0,6.123233995736766e-17,-0.433883739117558,-0.9009688679024191,-0.5000000000000004,0.8660254037844384,0,0,0,0,1,0,0,0,0,1,0,0,0,0,0,0,0,0,0,0,0,2,False,False,False,False,False,False,False,False,False,False,False,False,False,True,False,False,False,False,False,False,False,False,True,False,False,False,False,False,Sunnybrook Health Sciences Centre - Bayview Campus,3802.3315702718683
Minor Arterial,Etobicoke York,Stop Sign,Clear,Daylight,Dry,Non-Fatal Injury,Turning Movement,False,False,True,True,False,False,False,False,False,True,False,False,False,Kingsway South,2014,1.0,6.123233995736766e-17,-0.7818314824680299,0.6234898018587334,-0.8660254037844385,-0.5000000000000004,0,0,0,1,0,0,0,0,1,0,0,0,0,0,0,0,0,0,0,0,0,2,False,True,False,False,False,False,False,False,False,False,False,False,True,False,False,False,True,False,True,False,False,False,False,False,False,False,False,False,Unity Health Toronto - St. Joseph's,6679.966210103943
Major Arterial,Toronto and East York,No Control,Clear,Daylight,Dry,Non-Fatal Injury,Pedestrian Collisions,True,False,True,True,False,False,False,False,True,True,False,False,False,Rosedale-Moore Park,2014,1.0,6.123233995736766e-17,-0.7818314824680299,0.6234898018587334,-0.9659258262890683,-0.25881904510252063,0,0,0,0,0,1,0,0,0,0,0,0,0,1,0,1,0,0,0,0,0,3,True,False,False,False,False,False,False,False,False,False,False,False,True,False,False,False,True,False,True,False,False,False,False,False,False,False,False,False,University Health Network - Toronto General,3642.498440706404
Major Arterial,Etobicoke York,Traffic Signal,Clear,Daylight,Dry,Non-Fatal Injury,Pedestrian Collisions,True,False,True,False,False,False,False,True,False,True,False,False,False,Etobicoke City Centre,2014,1.0,6.123233995736766e-17,-0.7818314824680299,0.6234898018587334,-1.0,-1.8369701987210297e-16,0,0,0,0,0,0,0,0,0,0,0,1,0,0,1,0,1,0,0,0,0,3,False,False,False,False,False,False,False,False,False,False,False,False,True,False,False,False,False,False,True,False,False,False,False,False,False,False,False,False,Unity Health Toronto - St. Joseph's,7225.883710100548
Major Arterial,North York,Pedestrian Crossover,Clear,"Dark, artificial",Dry,Non-Fatal Injury,Pedestrian Collisions,True,False,True,False,False,False,False,True,False,True,False,False,False,Leaside-Bennington,2014,1.0,6.123233995736766e-17,-0.7818314824680299,0.6234898018587334,-0.8660254037844386,0.5000000000000001,0,0,0,2,1,0,0,0,0,0,0,0,0,0,0,0,0,0,0,0,0,3,False,True,False,False,False,False,False,False,False,False,False,False,False,False,False,False,False,False,True,False,False,False,False,False,False,False,False,False,Sunnybrook Health Sciences Centre - Bayview Campus,1656.3379300668603
Major Arterial,Scarborough,No Control,Clear,Daylight,Dry,Non-Fatal Injury,Pedestrian Collisions,True,False,True,False,False,False,False,False,False,False,False,False,False,Kennedy Park,2014,1.0,6.123233995736766e-17,0.7818314824680298,0.6234898018587336,-0.8660254037844385,-0.5000000000000004,0,0,1,0,0,0,1,0,0,0,0,0,0,0,0,0,0,0,0,0,0,2,False,True,False,False,False,False,False,False,False,False,False,False,False,False,False,False,True,False,False,False,False,False,False,False,False,False,False,False,Scarborough Health Network - Scarborough General,4486.298056749045
Major Arterial,Toronto and East York,No Control,Other,Daylight,Dry,Non-Fatal Injury,Cyclist Collisions,False,True,True,False,False,False,False,True,False,False,False,False,False,University,2014,1.0,6.123233995736766e-17,0.7818314824680298,0.6234898018587336,-0.8660254037844386,0.5000000000000001,0,0,0,0,2,0,0,0,0,0,1,0,0,0,0,0,0,0,0,0,0,3,False,True,False,False,False,False,True,False,False,False,False,False,False,False,False,False,False,False,False,False,False,False,False,False,True,False,False,False,University Health Network - Toronto Western,1409.8504029655596
Major Arterial,North York,Traffic Signal,Clear,Daylight,Dry,Non-Fatal Injury,Turning Movement,False,False,True,False,False,False,False,True,True,True,False,False,False,Westminster-Branson,2014,1.0,6.123233995736766e-17,0.9749279121818236,-0.22252093395631434,0.49999999999999994,-0.8660254037844387,0,0,0,5,0,0,0,0,0,0,0,0,1,0,0,0,0,0,0,0,0,6,False,True,False,False,False,False,False,False,False,False,False,False,True,False,False,False,False,True,True,False,False,False,False,False,False,False,False,False,North York General Hospital - General Site,9417.266255152877
Major Arterial,North York,Traffic Signal,Clear,Daylight,Dry,Non-Fatal Injury,Turning Movement,False,False,True,True,False,False,False,False,True,True,True,False,False,Thorncliffe Park,2014,1.0,6.123233995736766e-17,0.9749279121818236,-0.22252093395631434,-0.8660254037844385,-0.5000000000000004,0,0,0,0,0,0,0,1,0,1,0,0,0,0,0,0,0,0,0,0,0,2,False,True,False,False,False,False,False,False,False,False,False,False,True,False,False,True,False,False,True,False,False,False,False,False,False,False,False,False,Sunnybrook Health Sciences Centre - Bayview Campus,2291.838430067757
Major Arterial,Etobicoke York,Traffic Signal,Clear,Daylight,Dry,Non-Fatal Injury,Turning Movement,False,False,True,False,False,False,False,True,False,False,False,False,False,Mount Dennis,2014,1.0,6.123233995736766e-17,-0.9749279121818236,-0.2225209339563146,0.49999999999999994,-0.8660254037844387,0,0,0,0,1,0,0,0,1,0,0,0,0,0,0,1,0,0,0,0,0,3,False,True,False,False,False,False,False,False,False,False,False,False,True,False,False,False,True,False,False,False,False,False,True,False,False,False,False,False,Humber River Health - Wilson,4344.342075470369
Minor Arterial,Toronto and East York,Stop Sign,Clear,"Dark, artificial",Dry,Non-Fatal Injury,Turning Movement,False,False,True,True,False,False,False,False,True,True,False,False,False,Greenwood-Coxwell,2014,1.0,6.123233995736766e-17,-0.9749279121818236,-0.2225209339563146,-0.8660254037844386,0.5000000000000001,0,0,0,0,1,1,0,1,0,0,0,0,0,0,0,0,0,0,0,0,0,3,False,True,False,False,False,False,True,False,False,False,False,False,True,False,False,False,True,True,False,False,False,False,False,False,False,False,False,False,Michael Garron Hospital,1533.7247422428336
Major Arterial,Toronto and East York,Traffic Signal,Clear,Daylight,Dry,Non-Fatal Injury,Sideswipe,False,False,True,False,False,False,False,True,False,False,False,False,True,High Park-Swansea,2014,1.0,6.123233995736766e-17,0.0,1.0,0.49999999999999994,-0.8660254037844387,0,0,0,0,0,0,1,1,0,0,1,0,0,0,0,2,0,0,0,0,0,5,False,True,False,False,False,False,False,False,False,False,False,True,False,False,False,False,True,False,False,False,False,False,False,True,False,False,False,False,Unity Health Toronto - St. Joseph's,3422.7227101039607
Major Arterial,Etobicoke York,No Control,Clear,Daylight,Dry,Non-Fatal Injury,Cyclist Collisions,False,True,True,False,False,False,False,False,False,True,False,False,False,West Humber-Clairville,2014,1.0,6.123233995736766e-17,0.0,1.0,0.49999999999999994,-0.8660254037844387,0,0,0,0,0,0,0,0,0,0,0,1,0,0,0,0,0,0,0,0,1,2,False,True,False,False,False,False,False,False,False,False,False,False,False,False,False,False,False,False,False,False,False,True,False,False,False,False,False,False,William Osler Health System - Etobicoke,1769.0613159128698
Minor Arterial,North York,Pedestrian Crossover,Clear,Daylight,Dry,Non-Fatal Injury,SMV Other,False,False,True,False,False,False,False,False,True,True,False,False,False,Newtonbrook East,2014,1.0,6.123233995736766e-17,0.0,1.0,-0.7071067811865471,-0.7071067811865479,0,0,0,0,1,0,0,0,0,0,0,0,0,0,0,0,0,0,0,0,0,1,False,True,False,False,False,False,False,False,False,False,False,False,False,False,False,False,False,False,False,False,False,False,False,True,False,False,False,False,North York General Hospital - General Site,5074.832855153247
Major Arterial,North York,Traffic Signal,Clear,Daylight,Dry,Non-Fatal Injury,Turning Movement,False,False,True,False,False,False,False,False,False,True,True,False,False,Westminster-Branson,2014,1.0,6.123233995736766e-17,0.9749279121818236,-0.22252093395631434,0.9659258262890683,-0.25881904510252063,0,0,0,0,0,0,0,0,1,0,1,0,0,0,0,0,0,0,0,0,0,2,False,True,False,False,False,False,False,False,False,False,False,False,True,False,False,True,True,False,False,False,False,False,False,False,False,False,False,False,North York General Hospital - General Site,9417.266255152877
Major Arterial,Etobicoke York,No Control,Clear,Daylight,Dry,Non-Fatal Injury,Approaching,False,False,True,False,False,False,False,True,True,True,False,False,False,Mount Olive-Silverstone-Jamestown,2014,1.0,6.123233995736766e-17,0.9749279121818236,-0.22252093395631434,-0.7071067811865471,-0.7071067811865479,0,0,0,5,0,0,0,0,1,1,0,0,0,0,0,0,0,0,0,0,0,7,False,True,False,False,False,False,False,False,False,False,False,False,False,False,False,False,True,False,False,False,False,False,False,True,False,False,False,False,William Osler Health System - Etobicoke,3552.011784090777
Major Arterial,Toronto and East York,No Control,Clear,"Dark, artificial",Dry,Non-Fatal Injury,Sideswipe,False,False,True,False,False,False,False,True,True,True,False,False,False,High Park-Swansea,2014,1.0,6.123233995736766e-17,0.43388373911755823,-0.900968867902419,-0.8660254037844386,0.5000000000000001,0,0,0,0,0,0,0,1,1,0,0,0,1,0,0,0,0,0,0,0,0,3,False,True,False,False,False,True,False,False,False,False,False,False,False,False,False,False,True,True,False,False,False,False,False,False,False,False,False,False,Unity Health Toronto - St. Joseph's,2326.2368228844134
Minor Arterial,Toronto and East York,Traffic Signal,Clear,"Dark, artificial",Dry,Non-Fatal Injury,SMV Other,False,False,True,False,False,False,False,False,True,True,False,True,False,Taylor-Massey,2014,1.0,6.123233995736766e-17,-0.433883739117558,-0.9009688679024191,0.7071067811865476,0.7071067811865476,0,0,0,0,0,0,0,0,1,0,0,0,0,0,0,0,0,0,0,0,0,1,False,True,False,False,False,False,False,False,False,False,False,False,False,False,False,False,False,False,False,False,False,False,False,False,False,True,False,False,Michael Garron Hospital,3121.9718577479944
Minor Arterial,Scarborough,No Control,Clear,Daylight,Dry,Non-Fatal Injury,Cyclist Collisions,False,True,True,False,False,False,False,False,False,False,False,False,False,West Hill,2014,1.0,6.123233995736766e-17,0.0,1.0,-0.7071067811865471,-0.7071067811865479,0,0,0,0,0,0,1,0,0,0,0,1,0,0,0,0,0,0,0,0,0,2,False,True,False,False,False,False,False,False,False,False,False,False,True,False,False,False,False,False,False,False,False,False,True,False,False,False,False,False,Scarborough Health Network - Centenary,4378.4157511634985
Major Arterial,North York,Traffic Signal,Clear,"Dark, artificial",Dry,Non-Fatal Injury,Pedestrian Collisions,True,False,True,False,False,False,False,True,False,True,False,False,False,Victoria Village,2014,1.0,6.123233995736766e-17,0.0,1.0,-0.5000000000000004,0.8660254037844384,0,0,0,1,0,0,0,0,1,0,0,1,0,0,0,0,0,0,0,0,0,3,False,False,False,False,False,False,False,False,False,False,False,False,True,False,False,False,False,False,True,False,False,False,False,False,False,False,False,False,Scarborough Health Network - Scarborough General,6505.883056746214
Local,Toronto and East York,No Control,Clear,Daylight,Dry,Non-Fatal Injury,Pedestrian Collisions,True,False,True,False,False,False,False,False,False,False,False,False,False,St Lawrence-East Bayfront-The Islands,2014,1.0,6.123233995736766e-17,0.7818314824680298,0.6234898018587336,-0.9659258262890683,-0.25881904510252063,0,0,0,0,0,1,0,0,1,0,0,0,0,0,0,0,0,0,0,0,0,2,False,False,False,False,False,False,False,False,False,True,False,False,False,False,False,False,False,False,False,False,False,False,False,False,True,False,False,False,Unity Health Toronto - St. Michael's,1011.6051822007867
Major Arterial,Toronto and East York,No Control,Clear,"Daylight, artificial",Dry,Fatal,Pedestrian Collisions,True,False,True,False,False,False,False,False,False,False,False,False,False,Kensington-Chinatown,2014,1.0,6.123233995736766e-17,0.9749279121818236,-0.22252093395631434,-1.0,-1.8369701987210297e-16,0,0,0,0,0,1,0,0,0,0,1,0,0,0,0,0,0,0,0,0,0,2,False,True,False,False,False,False,False,False,False,False,False,False,False,False,False,False,True,False,False,False,False,False,False,False,False,False,False,False,University Health Network - Toronto Western,609.7884653850924
Major Arterial,Toronto and East York,No Control,Clear,"Dusk, artificial",Dry,Non-Fatal Injury,Cyclist Collisions,False,True,True,False,False,False,False,False,False,False,False,False,False,Junction Area,2014,1.0,6.123233995736766e-17,0.43388373911755823,-0.900968867902419,-0.8660254037844386,0.5000000000000001,0,0,0,0,0,0,0,1,0,0,0,0,0,1,0,0,0,0,0,0,0,2,False,True,False,False,False,False,True,False,False,False,False,False,False,False,False,False,False,False,False,False,False,False,False,False,True,False,False,False,Unity Health Toronto - St. Joseph's,4214.511610104819
Minor Arterial,Toronto and East York,No Control,Clear,"Dark, artificial",Dry,Non-Fatal Injury,Cyclist Collisions,False,True,True,False,False,False,False,False,False,False,False,False,False,Little Portugal,2014,1.0,6.123233995736766e-17,-0.433883739117558,-0.9009688679024191,0.0,1.0,0,0,0,0,0,0,0,1,1,0,0,0,0,0,0,0,0,0,0,0,0,2,False,True,True,False,False,False,False,False,False,False,False,False,False,False,False,False,False,False,False,False,False,False,True,False,False,False,False,False,University Health Network - Toronto Western,2335.374197036028
Major Arterial,Etobicoke York,Traffic Signal,Clear,Daylight,Dry,Non-Fatal Injury,Pedestrian Collisions,True,False,False,False,False,True,False,False,False,False,False,False,False,Glenfield-Jane Heights,2014,1.0,6.123233995736766e-17,-0.7818314824680299,0.6234898018587334,0.258819045102521,-0.9659258262890682,0,0,1,0,0,0,1,0,0,0,0,0,0,0,0,0,0,0,0,0,0,2,False,True,False,False,False,False,False,False,False,False,False,False,False,False,False,False,True,False,False,False,False,False,False,False,False,False,False,False,Humber River Health - Wilson,5582.186924531823
Major Arterial,Toronto and East York,No Control,Rain,Daylight,Wet,Non-Fatal Injury,Pedestrian Collisions,True,False,False,False,False,True,False,False,False,False,False,False,False,Kensington-Chinatown,2014,1.0,6.123233995736766e-17,0.7818314824680298,0.6234898018587336,-0.7071067811865471,-0.7071067811865479,0,0,0,0,0,1,0,0,0,0,0,0,1,0,0,0,0,0,0,0,0,2,False,True,False,False,False,False,False,False,False,False,False,False,False,False,False,False,True,False,False,False,False,False,False,False,False,False,False,False,University Health Network - Toronto Western,808.7426029620692
Major Arterial,Etobicoke York,Traffic Signal,Clear,Daylight,Dry,Non-Fatal Injury,Turning Movement,False,False,True,False,False,False,False,False,False,True,False,False,False,Markland Wood,2014,1.0,6.123233995736766e-17,0.9749279121818236,-0.22252093395631434,-0.8660254037844385,-0.5000000000000004,0,0,0,0,1,0,0,0,0,0,1,0,0,0,0,0,0,0,0,0,0,2,False,True,False,False,False,False,False,False,False,False,False,False,True,False,False,False,True,False,True,False,False,False,False,False,False,False,False,False,Trillium Health Partners- Mississauga,9355.778585563065
Major Arterial,North York,Traffic Signal,Rain,Daylight,Wet,Non-Fatal Injury,Other,False,False,False,False,False,True,False,True,False,False,False,False,False,Newtonbrook West,2014,1.0,6.123233995736766e-17,0.9749279121818236,-0.22252093395631434,-1.0,-1.8369701987210297e-16,0,0,0,0,0,0,0,1,0,0,0,0,0,0,0,0,0,1,0,0,0,2,False,False,False,False,False,False,False,True,False,False,False,False,False,False,False,False,True,False,False,False,False,False,False,False,False,False,False,False,North York General Hospital - General Site,8119.810255145305
Major Arterial,Scarborough,Traffic Signal,Clear,Daylight,Dry,Non-Fatal Injury,Other,False,False,False,False,False,True,False,True,False,False,False,False,False,Wexford/Maryvale,2014,0.8660254037844387,-0.4999999999999998,0.43388373911755823,-0.900968867902419,-0.7071067811865471,-0.7071067811865479,0,0,0,0,0,0,0,0,0,0,0,0,1,0,0,0,1,0,0,0,0,2,False,False,False,False,False,False,False,True,False,False,False,False,False,False,False,False,True,False,False,False,False,False,False,False,False,False,False,False,Scarborough Health Network - Birchmount,4824.785496961791
Major Arterial,Etobicoke York,No Control,Clear,"Dark, artificial",Dry,Non-Fatal Injury,Rear End,False,False,True,False,False,False,False,True,True,True,False,True,False,Pelmo Park-Humberlea,2014,0.8660254037844387,-0.4999999999999998,0.43388373911755823,-0.900968867902419,-0.25881904510252157,0.9659258262890681,0,0,0,0,1,1,3,0,0,0,0,1,0,0,0,0,0,0,0,0,0,6,False,True,False,False,False,False,False,False,False,False,False,False,False,False,False,False,True,True,False,False,False,False,False,False,False,False,False,False,Humber River Health - Wilson,4480.213024532772
Major Arterial,Toronto and East York,Stop Sign,Clear,Daylight,Dry,Non-Fatal Injury,Cyclist Collisions,False,True,True,False,False,False,False,True,False,True,False,False,False,Woodbine Corridor,2014,0.8660254037844387,-0.4999999999999998,0.0,1.0,0.9659258262890683,-0.25881904510252063,0,0,0,0,0,2,0,0,0,0,0,1,0,0,0,0,0,0,0,0,2,5,False,True,False,False,False,False,False,False,False,False,False,False,True,False,False,False,False,False,True,False,False,False,False,False,False,False,False,False,Michael Garron Hospital,1828.1817087432137
Major Arterial,Toronto and East York,Traffic Signal,Clear,Daylight,Dry,Non-Fatal Injury,Cyclist Collisions,False,True,True,False,False,False,False,True,False,True,False,False,False,The Beaches,2014,0.8660254037844387,-0.4999999999999998,0.0,1.0,0.49999999999999994,-0.8660254037844387,0,0,0,0,1,0,0,0,0,1,1,0,0,0,0,0,0,0,0,0,0,3,False,True,False,False,False,False,False,False,False,False,False,False,True,False,False,False,False,False,True,False,False,False,False,False,False,False,False,False,Michael Garron Hospital,3213.68060873542
Minor Arterial,Etobicoke York,No Control,Clear,"Dusk, artificial",Dry,Fatal,Turning Movement,False,False,True,True,False,False,False,False,True,True,False,False,False,Eringate-Centennial-West Deane,2014,0.8660254037844387,-0.4999999999999998,0.43388373911755823,-0.900968867902419,-0.7071067811865477,0.7071067811865474,0,0,0,0,1,1,0,0,0,0,0,0,0,0,0,0,0,0,0,0,0,2,False,True,False,False,False,False,False,False,False,False,False,False,True,False,False,False,False,True,False,False,False,False,True,False,False,False,False,False,William Osler Health System - Etobicoke,9276.40503827727
Major Arterial,Scarborough,Traffic Signal,Clear,Daylight,Dry,Non-Fatal Injury,Angle,False,False,True,False,False,False,False,False,False,True,True,False,True,Kennedy Park,2014,0.8660254037844387,-0.4999999999999998,-0.433883739117558,-0.9009688679024191,0.49999999999999994,-0.8660254037844387,0,0,0,0,0,0,0,0,0,0,0,0,1,0,0,1,0,0,0,0,0,2,False,True,False,False,False,False,False,False,False,False,False,False,False,False,False,True,True,False,False,False,False,False,False,False,False,False,False,False,Scarborough Health Network - Scarborough General,2066.693281325046