ROAD_CLASS,DISTRICT,TRAFFCTL,VISIBILITY,LIGHT,RDSFCOND,ACCLASS,IMPACTYPE,PEDESTRIAN,CYCLIST,AUTOMOBILE,MOTORCYCLE,TRUCK,TRSN_CITY_VEH,EMERG_VEH,PASSENGER,SPEEDING,AG_DRIV,REDLIGHT,ALCOHOL,DISABILITY,NEIGHBOURHOOD_158,YEAR,MONTH_sin,MONTH_cos,DOW_sin,DOW_cos,HOUR_sin,HOUR_cos,INVAGE_00to04,INVAGE_05to09,INVAGE_10to14,INVAGE_15to19,INVAGE_20to24,INVAGE_25to29,INVAGE_30to34,INVAGE_35to39,INVAGE_40to44,INVAGE_45to49,INVAGE_50to54,INVAGE_55to59,INVAGE_60to64,INVAGE_65to69,INVAGE_70to74,INVAGE_75to79,INVAGE_80to84,INVAGE_85to89,INVAGE_90to94,INVAGE_Over95,INVAGE_unknown,NUMPERSONS,MANOEUVER_ChangingLanes,MANOEUVER_GoingAhead,MANOEUVER_MakingUTurn,MANOEUVER_Merging,MANOEUVER_Other,MANOEUVER_Overtaking,MANOEUVER_Parked,MANOEUVER_PullingAwayfromShoulderorCurb,MANOEUVER_PullingOntoShoulderortowardCurb,MANOEUVER_Reversing,MANOEUVER_SlowingorStopping,MANOEUVER_Stopped,MANOEUVER_TurningLeft,MANOEUVER_TurningRight,MANOEUVER_Unknown,DRIVACT_DisobeyedTrafficControl,DRIVACT_DrivingProperly,DRIVACT_ExceedingSpeedLimit,DRIVACT_FailedtoYieldRightofWay,DRIVACT_FollowingtooClose,DRIVACT_ImproperLaneChange,DRIVACT_ImproperPassing,DRIVACT_ImproperTurn,DRIVACT_Lostcontrol,DRIVACT_Other,DRIVACT_SpeedtooFastForCondition,DRIVACT_SpeedtooSlow,DRIVACT_WrongWayonOneWayRoad,NEAREST_HOSPITAL,DIST_TO_HOS
Minor Arterial,Toronto and East York,Traffic Signal,Rain,Daylight,Wet,Non-Fatal Injury,Pedestrian Collisions,True,False,True,False,False,False,False,False,False,True,False,False,False,Cabbagetown-South St.James Town,2016,-0.4999999999999997,-0.8660254037844388,0.7818314824680298,0.6234898018587336,0.7071067811865476,-0.7071067811865475,0,0,0,0,1,0,0,0,0,0,0,0,0,1,0,0,0,0,0,0,0,2,False,False,False,False,False,False,False,False,False,False,False,False,True,False,False,False,False,False,True,False,False,False,False,False,False,False,False,False,Unity Health Toronto - St. Michael's,2205.6770471746568
Major Arterial,Etobicoke York,Traffic Signal,Clear,"Dark, artificial",Dry,Non-Fatal Injury,Cyclist Collisions,False,True,False,False,True,False,False,False,False,False,False,False,False,Etobicoke City Centre,2016,-0.4999999999999997,-0.8660254037844388,0.7818314824680298,0.6234898018587336,-0.25881904510252157,0.9659258262890681,0,0,0,0,0,0,1,0,0,0,1,0,0,0,0,0,0,0,0,0,0,2,False,True,False,False,False,False,False,False,False,False,False,False,False,True,False,False,True,False,False,False,False,False,False,False,False,False,False,False,Trillium Health Partners- Mississauga,8230.060885556974
Major Arterial,Etobicoke York,No Control,Clear,Daylight,Dry,Non-Fatal Injury,Approaching,False,False,True,False,False,False,False,True,True,True,False,False,True,York University Heights,2016,-0.4999999999999997,-0.8660254037844388,0.9749279121818236,-0.22252093395631434,-0.8660254037844385,-0.5000000000000004,0,1,0,1,0,0,1,1,1,0,0,1,0,0,0,0,0,0,0,0,0,6,False,True,False,False,False,False,False,False,False,False,False,False,False,False,False,False,True,False,False,False,False,False,False,True,False,False,False,False,Humber River Health - Wilson,5118.870024531498
Major Arterial,North York,Traffic Signal,Clear,Daylight,Dry,Fatal,Pedestrian Collisions,True,False,True,False,False,False,False,True,False,False,False,False,False,Don Valley Village,2016,-0.4999999999999997,-0.8660254037844388,-0.433883739117558,-0.9009688679024191,0.7071067811865476,-0.7071067811865475,0,0,1,0,0,0,0,0,0,0,0,0,0,1,0,0,1,0,0,0,0,3,False,False,False,False,False,False,False,False,False,False,False,False,True,False,False,False,True,False,False,False,False,False,False,False,False,False,False,False,North York General Hospital - General Site,3555.5320893996395
Major Arterial,Etobicoke York,Traffic Signal,Clear,Daylight,Dry,Non-Fatal Injury,Pedestrian Collisions,True,False,True,False,False,False,False,False,False,False,False,False,False,Kingsview Village-The Westway,2016,-0.4999999999999997,-0.8660254037844388,-0.433883739117558,-0.9009688679024191,-0.9659258262890684,0.2588190451025203,0,0,0,0,0,0,1,0,1,0,0,0,0,0,0,0,0,0,0,0,0,2,False,True,False,False,False,False,False,False,False,False,False,False,False,False,False,False,True,False,False,False,False,False,False,False,False,False,False,False,William Osler Health System - Etobicoke,7445.720838263514
Collector,Scarborough,No Control,Clear,Daylight,Dry,Non-Fatal Injury,Sideswipe,False,False,True,True,False,False,False,False,True,True,False,False,False,Morningside Heights,2016,-0.4999999999999997,-0.8660254037844388,-0.433883739117558,-0.9009688679024191,-0.8660254037844386,0.5000000000000001,0,0,0,0,1,0,0,0,0,0,0,0,1,0,0,0,0,0,0,0,0,2,False,True,False,False,False,True,False,False,False,False,False,False,False,False,False,False,True,False,False,False,False,True,False,False,False,False,False,False,Scarborough Health Network - Centenary,3408.8008430333575
Major Arterial,Etobicoke York,Traffic Signal,Clear,Daylight,Dry,Non-Fatal Injury,Approaching,False,False,True,False,True,False,False,False,True,True,False,False,False,Glenfield-Jane Heights,2016,-0.4999999999999997,-0.8660254037844388,-0.9749279121818236,-0.2225209339563146,-0.2588190451025208,-0.9659258262890683,0,0,0,0,1,0,0,0,0,1,0,0,1,0,0,0,1,0,0,0,0,4,False,True,False,False,False,False,False,False,False,False,False,False,False,False,False,False,True,True,False,False,False,False,False,False,False,False,False,False,Humber River Health - Wilson,3444.6887245319085
Major Arterial,North York,No Control,Clear,Daylight,Dry,Non-Fatal Injury,SMV Other,False,False,True,False,False,False,False,False,True,True,False,False,False,Don Valley Village,2016,-0.4999999999999997,-0.8660254037844388,-0.7818314824680299,0.6234898018587334,0.9659258262890683,-0.25881904510252063,0,0,0,0,1,0,0,0,0,0,0,0,0,0,0,0,0,0,0,0,0,1,False,False,False,False,False,False,False,False,False,False,False,False,False,False,True,False,False,False,False,False,False,False,False,True,False,False,False,False,North York General Hospital - General Site,2412.858989410568
Major Arterial,Etobicoke York,Traffic Signal,Clear,Daylight,Dry,Non-Fatal Injury,Turning Movement,False,False,True,False,False,False,False,True,False,False,False,False,False,West Humber-Clairville,2016,-0.4999999999999997,-0.8660254037844388,-0.7818314824680299,0.6234898018587334,-0.8660254037844385,-0.5000000000000004,0,0,0,0,0,0,0,2,1,0,0,0,0,0,0,0,0,0,0,0,0,3,False,True,False,False,False,False,False,False,False,False,False,False,True,False,False,False,True,False,False,False,False,False,True,False,False,False,False,False,William Osler Health System - Etobicoke,2077.7852617328754
Minor Arterial,Toronto and East York,Traffic Signal,Clear,Daylight,Dry,Non-Fatal Injury,Pedestrian Collisions,True,False,True,False,False,False,False,False,False,True,False,False,False,Little Portugal,2016,-0.4999999999999997,-0.8660254037844388,0.0,1.0,-0.2588190451025208,-0.9659258262890683,0,0,0,0,0,0,0,0,0,0,0,0,1,0,1,0,0,0,0,0,0,2,False,False,False,False,False,False,False,False,False,False,False,False,True,False,False,False,False,False,True,False,False,False,False,False,False,False,False,False,University Health Network - Toronto Western,2466.576297039399
Major Arterial,Etobicoke York,No Control,Clear,Daylight,Dry,Non-Fatal Injury,Rear End,False,False,True,False,False,False,False,True,False,True,False,False,False,Rockcliffe-Smythe,2016,-0.4999999999999997,-0.8660254037844388,0.9749279121818236,-0.22252093395631434,-1.0,-1.8369701987210297e-16,0,0,1,0,0,0,1,0,1,0,0,0,0,0,0,0,0,0,0,0,0,3,True,True,False,False,False,False,False,False,False,False,False,False,False,False,False,False,True,False,False,False,False,False,False,True,False,False,False,False,Humber River Health - Wilson,5697.829656176968
Major Arterial,Etobicoke York,Traffic Signal,Clear,"Dark, artificial",Dry,Non-Fatal Injury,Pedestrian Collisions,True,False,True,False,False,False,False,True,False,False,False,False,False,Kingsview Village-The Westway,2016,-0.4999999999999997,-0.8660254037844388,0.43388373911755823,-0.900968867902419,-0.5000000000000004,0.8660254037844384,0,1,1,0,0,1,1,0,0,0,0,1,0,0,0,0,0,0,0,0,0,5,False,True,False,False,False,False,False,False,False,False,False,False,True,False,False,False,True,False,False,False,False,False,True,False,False,False,False,False,Humber River Health - Wilson,7647.049456176464
Major Arterial,Toronto and East York,Traffic Signal,Clear,Daylight,Dry,Non-Fatal Injury,Pedestrian Collisions,True,False,True,False,False,False,False,True,False,True,True,False,False,St Lawrence-East Bayfront-The Islands,2016,-0.4999999999999997,-0.8660254037844388,-0.433883739117558,-0.9009688679024191,0.7071067811865476,-0.7071067811865475,0,0,0,0,3,0,1,0,0,0,0,0,0,0,0,0,0,0,0,0,0,4,False,True,False,False,False,False,False,False,False,False,False,False,True,False,False,True,True,False,False,False,False,False,False,False,False,False,False,False,Unity Health Toronto - St. Michael's,1516.3167821932584
Local,Scarborough,No Control,Clear,Daylight,Dry,Non-Fatal Injury,Cyclist Collisions,False,True,True,False,False,False,False,False,False,True,False,False,False,Wexford/Maryvale,2016,-0.4999999999999997,-0.8660254037844388,-0.433883739117558,-0.9009688679024191,-0.8660254037844385,-0.5000000000000004,0,0,0,0,0,0,0,0,0,0,1,0,0,0,0,0,0,0,0,0,1,2,False,True,False,False,False,False,False,False,False,False,False,False,True,False,False,False,False,False,True,False,False,False,False,False,False,False,False,False,Scarborough Health Network - Scarborough General,4923.906056753825
Major Arterial,Toronto and East York,No Control,Clear,"Dark, artificial",Dry,Non-Fatal Injury,Sideswipe,False,False,True,True,False,False,False,True,True,True,False,False,False,Fort York-Liberty Village,2016,-0.4999999999999997,-0.8660254037844388,-0.433883739117558,-0.9009688679024191,-0.5000000000000004,0.8660254037844384,0,0,0,0,0,0,0,0,1,0,1,1,0,0,0,0,0,0,0,0,0,3,False,True,False,False,False,False,False,False,False,False,False,False,False,False,False,False,True,False,False,False,False,False,False,True,False,False,False,False,Unity Health Toronto - St. Joseph's,2984.5023898914224
Minor Arterial,Etobicoke York,Traffic Signal,Clear,Daylight,Dry,Non-Fatal Injury,Pedestrian Collisions,True,False,True,False,False,False,False,False,False,True,False,False,False,Mimico-Queensway,2016,-0.4999999999999997,-0.8660254037844388,-0.9749279121818236,-0.2225209339563146,-0.4999999999999997,-0.8660254037844388,0,0,0,0,0,0,0,0,0,0,0,0,0,1,1,0,0,0,0,0,0,2,False,False,False,False,False,False,False,False,False,False,False,False,True,False,False,False,False,False,True,False,False,False,False,False,False,False,False,False,Unity Health Toronto - St. Joseph's,6378.8709228791995
Local,North York,No Control,Clear,Dark,Dry,Non-Fatal Injury,Other,False,False,True,False,False,False,False,True,True,True,False,False,False,Lawrence Park South,2016,-0.4999999999999997,-0.8660254037844388,-0.9749279121818236,-0.2225209339563146,-0.25881904510252157,0.9659258262890681,0,0,0,5,0,0,0,0,0,0,0,0,0,0,0,0,0,0,0,0,0,5,False,True,False,False,False,False,False,False,False,False,False,False,False,False,False,False,False,False,False,False,False,False,False,False,False,True,False,False,Sunnybrook Health Sciences Centre - Bayview Campus,3220.0325297145173
Major Arterial,Scarborough,Traffic Signal,Clear,Daylight,Dry,Non-Fatal Injury,Pedestrian Collisions,True,False,True,False,False,False,False,False,False,True,False,False,False,Steeles,2016,-0.4999999999999997,-0.8660254037844388,0.0,1.0,0.8660254037844387,-0.4999999999999998,0,0,0,0,1,0,0,1,0,0,0,0,0,0,0,0,0,0,0,0,0,2,False,False,False,False,False,False,False,False,False,False,False,False,False,True,False,False,False,False,True,False,False,False,False,False,False,False,False,False,Scarborough Health Network - Birchmount,3954.473703451338
Major Arterial,Scarborough,Stop Sign,Clear,Daylight,Dry,Non-Fatal Injury,Turning Movement,False,False,True,True,False,False,False,False,False,False,False,False,False,Wexford/Maryvale,2016,-0.4999999999999997,-0.8660254037844388,0.0,1.0,-0.8660254037844385,-0.5000000000000004,0,0,0,0,0,0,1,0,0,0,0,1,0,0,0,0,0,0,0,0,0,2,False,True,False,False,False,False,False,False,False,False,False,False,True,False,False,False,True,False,False,False,False,False,True,False,False,False,False,False,Scarborough Health Network - Birchmount,4864.746596559649
Major Arterial,Scarborough,Traffic Signal,Clear,Daylight,Dry,Fatal,Rear End,False,False,True,False,False,True,False,True,False,False,False,False,False,East L'Amoreaux,2016,-0.4999999999999997,-0.8660254037844388,0.7818314824680298,0.6234898018587336,1.0,6.123233995736766e-17,0,0,0,0,0,1,0,0,0,0,1,1,0,1,0,0,0,0,0,0,0,4,False,True,False,False,False,False,False,False,False,False,False,True,False,False,False,False,True,False,False,False,False,False,False,True,False,False,False,False,Scarborough Health Network - Birchmount,1174.2142969584092
Minor Arterial,Etobicoke York,No Control,Clear,Daylight,Dry,Non-Fatal Injury,Cyclist Collisions,False,True,True,False,False,False,False,False,False,True,False,False,False,Keelesdale-Eglinton West,2016,-0.8660254037844385,-0.5000000000000004,0.43388373911755823,-0.900968867902419,-0.4999999999999997,-0.8660254037844388,0,0,0,0,0,0,0,0,0,0,0,0,1,0,1,0,0,0,0,0,0,2,False,True,False,False,False,False,False,False,False,False,False,False,False,False,False,False,True,False,False,False,False,False,False,False,False,False,False,False,Unity Health Toronto - St. Joseph's,6146.070310108247
Major Arterial,Toronto and East York,Traffic Signal,Clear,"Dark, artificial",Dry,Fatal,Turning Movement,False,False,True,True,False,False,False,False,False,False,False,False,False,St Lawrence-East Bayfront-The Islands,2016,-0.8660254037844385,-0.5000000000000004,0.43388373911755823,-0.900968867902419,-0.5000000000000004,0.8660254037844384,0,0,0,0,0,0,1,0,0,0,0,0,0,1,0,0,0,0,0,0,0,2,False,True,False,False,False,False,False,False,False,False,False,False,True,False,False,False,True,False,False,False,False,False,True,False,False,False,False,False,Unity Health Toronto - St. Michael's,1307.6398821920156
Major Arterial,Toronto and East York,No Control,Clear,Daylight,Dry,Non-Fatal Injury,Cyclist Collisions,False,True,True,False,False,False,False,False,False,False,False,False,False,Yonge-St.Clair,2016,-0.8660254037844385,-0.5000000000000004,-0.433883739117558,-0.9009688679024191,-0.8660254037844385,-0.5000000000000004,0,0,0,0,1,0,0,0,0,0,0,1,0,0,0,0,0,0,0,0,0,2,False,True,False,False,False,False,False,False,False,False,False,False,True,False,False,False,False,False,False,False,False,False,True,False,False,False,False,False,University Health Network - Toronto Western,4500.569402961992
Minor Arterial,Toronto and East York,No Control,Clear,Daylight,Dry,Non-Fatal Injury,Cyclist Collisions,False,True,True,False,False,False,False,True,False,False,False,False,False,Regent Park,2016,-0.8660254037844385,-0.5000000000000004,-0.7818314824680299,0.6234898018587334,-0.4999999999999997,-0.8660254037844388,0,0,0,0,2,0,0,0,0,0,0,0,0,1,0,0,0,0,0,0,0,3,True,True,False,False,False,False,False,False,False,False,False,False,False,False,False,False,True,False,False,False,False,False,False,False,False,False,False,False,Unity Health Toronto - St. Michael's,2677.7830471768975
Major Arterial,Scarborough,Traffic Signal,Clear,"Dark, artificial",Dry,Non-Fatal Injury,Angle,False,False,True,False,False,False,False,True,False,True,True,False,False,Clairlea-Birchmount,2016,-0.8660254037844385,-0.5000000000000004,0.0,1.0,0.49999999999999994,0.8660254037844387,0,0,0,0,0,0,0,0,0,2,1,0,0,0,0,0,0,0,0,0,0,3,False,True,False,False,False,False,False,False,False,False,False,False,False,False,False,True,True,False,False,False,False,False,False,False,False,False,False,False,Scarborough Health Network - Scarborough General,5160.893656744738
Major Arterial,Toronto and East York,No Control,Clear,Dark,Dry,Fatal,SMV Other,False,False,True,False,False,False,False,True,True,True,False,True,False,Rosedale-Moore Park,2016,-0.8660254037844385,-0.5000000000000004,0.0,1.0,0.49999999999999994,0.8660254037844387,0,0,0,1,1,2,0,0,0,0,0,0,0,0,0,0,0,0,0,0,0,4,False,True,False,False,False,False,False,False,False,False,False,False,False,False,False,False,False,False,False,False,False,False,False,True,False,False,False,False,University Health Network - Toronto General,2685.815542919445
Major Arterial,Scarborough,Traffic Signal,Clear,Daylight,Dry,Non-Fatal Injury,Turning Movement,False,False,True,True,False,False,False,True,False,True,False,False,False,Birchcliffe-Cliffside,2016,-0.8660254037844385,-0.5000000000000004,0.0,1.0,-0.8660254037844385,-0.5000000000000004,0,0,0,0,0,0,0,0,0,0,2,2,0,0,0,0,1,0,0,0,0,5,False,True,False,False,False,False,False,False,False,False,False,True,True,False,False,False,True,False,True,False,False,False,False,False,False,False,False,False,Michael Garron Hospital,4543.820708732004
Minor Arterial,Toronto and East York,No Control,Clear,Daylight,Dry,Non-Fatal Injury,Cyclist Collisions,False,True,True,False,False,False,False,False,True,True,False,False,False,Moss Park,2016,-0.8660254037844385,-0.5000000000000004,0.0,1.0,-0.9659258262890684,0.2588190451025203,0,0,0,0,0,0,0,1,0,1,0,0,0,0,0,0,0,0,0,0,0,2,False,True,False,False,False,False,False,False,False,False,False,False,False,False,False,False,False,False,False,False,False,False,False,False,False,True,False,False,Unity Health Toronto - St. Michael's,1537.5172471804544
Local,Etobicoke York,Stop Sign,Clear,Daylight,Dry,Non-Fatal Injury,Angle,False,False,True,False,False,False,False,True,False,True,False,False,False,West Humber-Clairville,2016,-0.8660254037844385,-0.5000000000000004,0.7818314824680298,0.6234898018587336,-0.9659258262890683,-0.25881904510252063,0,0,0,1,0,2,0,0,0,0,1,0,0,0,0,0,0,0,0,0,0,4,False,True,False,False,False,False,False,False,False,False,False,False,False,False,False,True,True,False,False,False,False,False,False,False,False,False,False,False,William Osler Health System - Etobicoke,2382.422915906296
Minor Arterial,Toronto and East York,No Control,Clear,"Dark, artificial",Dry,Non-Fatal Injury,Pedestrian Collisions,True,False,True,False,False,False,False,False,False,False,False,False,False,South Riverdale,2016,-0.8660254037844385,-0.5000000000000004,0.7818314824680298,0.6234898018587336,-0.7071067811865477,0.7071067811865474,0,0,0,0,0,0,0,0,1,0,0,0,1,0,0,0,0,0,0,0,0,2,False,True,False,False,False,False,False,False,False,False,False,False,False,False,False,False,True,False,False,False,False,False,False,False,False,False,False,False,Michael Garron Hospital,3051.373942250153
Major Arterial,Scarborough,No Control,Clear,"Dark, artificial",Dry,Non-Fatal Injury,Pedestrian Collisions,True,False,True,False,False,False,False,False,False,False,False,True,False,Bendale South,2016,-0.8660254037844385,-0.5000000000000004,0.9749279121818236,-0.22252093395631434,0.0,1.0,0,0,0,0,1,0,1,0,0,0,0,0,0,0,0,0,0,0,0,0,0,2,False,True,False,False,False,False,False,False,False,False,False,False,False,False,False,False,True,False,False,False,False,False,False,False,False,False,False,False,Scarborough Health Network - Scarborough General,808.8967813218478
Collector,Scarborough,No Control,Rain,"Dark, artificial",Wet,Non-Fatal Injury,SMV Unattended Vehicle,False,False,True,False,True,False,False,True,True,True,False,False,False,Malvern West,2016,-0.8660254037844385,-0.5000000000000004,0.43388373911755823,-0.900968867902419,0.25881904510252074,0.9659258262890683,0,0,0,0,0,0,0,0,0,1,1,0,0,0,0,0,0,0,0,0,1,3,False,True,False,False,False,False,True,False,False,False,False,False,False,False,False,False,False,False,False,False,False,False,False,False,False,True,False,False,Scarborough Health Network - Centenary,5619.1893488232745
Major Arterial,North York,No Control,Clear,"Dark, artificial",Dry,Non-Fatal Injury,SMV Other,False,False,True,False,False,False,False,False,False,False,False,False,False,L'Amoreaux West,2016,-0.8660254037844385,-0.5000000000000004,-0.433883739117558,-0.9009688679024191,1.0,6.123233995736766e-17,0,0,0,0,0,0,0,1,0,0,0,0,0,0,0,0,0,0,0,0,0,1,False,True,False,False,False,False,False,False,False,False,False,False,False,False,False,False,False,False,False,False,False,False,False,True,False,False,False,False,Scarborough Health Network - Birchmount,3812.8044969700277
Local,Toronto and East York,No Control,Clear,"Dark, artificial",Dry,Non-Fatal Injury,Pedestrian Collisions,True,False,True,False,False,False,False,False,False,False,False,False,False,Oakwood Village,2016,-0.8660254037844385,-0.5000000000000004,-0.433883739117558,-0.9009688679024191,-1.0,-1.8369701987210297e-16,0,0,0,1,0,0,0,0,0,0,0,0,0,0,0,0,0,0,0,0,1,2,False,False,False,False,False,False,False,False,False,False,False,False,False,False,True,False,False,False,False,False,False,False,False,False,True,False,False,False,Unity Health Toronto - St. Joseph's,6112.95847712399
Major Arterial,North York,No Control,Clear,"Dark, artificial",Dry,Non-Fatal Injury,Pedestrian Collisions,True,False,True,False,False,False,False,False,False,False,False,False,False,Bathurst Manor,2016,-0.8660254037844385,-0.5000000000000004,-0.433883739117558,-0.9009688679024191,-0.25881904510252157,0.9659258262890681,0,0,0,0,0,0,1,0,0,0,1,1,0,0,0,0,0,0,0,0,0,3,False,True,False,False,False,False,False,False,False,False,False,False,False,False,False,False,True,False,False,False,False,False,False,False,False,False,False,False,North York General Hospital - General Site,7506.224710594863
Major Arterial,Toronto and East York,Traffic Signal,Clear,Dark,Dry,Non-Fatal Injury,Turning Movement,False,False,True,False,False,False,False,True,True,True,False,False,False,Moss Park,2016,-0.8660254037844385,-0.5000000000000004,-0.7818314824680299,0.6234898018587334,0.49999999999999994,0.8660254037844387,0,0,0,0,2,0,0,0,0,1,0,0,0,0,0,0,0,0,0,0,0,3,False,True,False,False,False,False,False,False,False,False,False,False,True,False,False,False,False,True,False,False,False,False,True,False,False,False,False,False,Unity Health Toronto - St. Michael's,842.720947182388
Minor Arterial,Scarborough,No Control,Clear,Daylight,Dry,Non-Fatal Injury,Rear End,False,False,True,False,False,False,False,False,True,True,False,False,False,West Rouge,2016,-0.8660254037844385,-0.5000000000000004,0.0,1.0,-0.9659258262890683,-0.25881904510252063,0,0,0,0,0,0,0,0,0,0,1,1,0,0,0,0,0,0,0,0,0,2,True,True,False,False,False,False,False,False,False,False,False,False,False,False,False,False,False,False,False,False,True,False,False,False,False,True,False,False,Scarborough Health Network - Centenary,6475.10464303277
Major Arterial,North York,Traffic Signal,Clear,Daylight,Dry,Non-Fatal Injury,Pedestrian Collisions,True,False,True,False,False,False,False,False,False,True,False,False,False,Henry Farm,2016,-0.8660254037844385,-0.5000000000000004,0.0,1.0,-1.0,-1.8369701987210297e-16,0,0,0,0,0,0,1,0,0,0,0,1,0,0,0,0,0,0,0,0,0,2,False,False,False,False,False,False,False,False,False,False,False,False,True,False,False,False,False,False,True,False,False,False,False,False,False,False,False,False,North York General Hospital - General Site,1455.6199894091114
Minor Arterial,Toronto and East York,No Control,Clear,Daylight,Dry,Non-Fatal Injury,Sideswipe,False,False,True,True,False,False,False,False,True,True,False,False,False,Wychwood,2016,-0.8660254037844385,-0.5000000000000004,0.43388373911755823,-0.900968867902419,-0.9659258262890684,0.2588190451025203,0,0,0,1,0,0,0,0,0,0,0,0,0,0,0,0,0,0,0,0,1,2,False,True,False,False,False,False,False,False,False,False,False,False,False,False,False,False,False,False,False,False,False,False,False,True,False,True,False,False,University Health Network - Toronto Western,3830.9242346097017
Major Arterial,Scarborough,No Control,Clear,Daylight,Dry,Non-Fatal Injury,Cyclist Collisions,False,True,False,False,True,False,False,False,False,False,False,False,False,Tam O'Shanter-Sullivan,2016,-0.8660254037844385,-0.5000000000000004,-0.433883739117558,-0.9009688679024191,0.258819045102521,-0.9659258262890682,0,0,0,0,0,0,0,0,1,0,1,0,0,0,0,0,0,0,0,0,0,2,False,True,False,False,False,False,False,False,False,False,False,False,True,False,False,False,True,False,False,False,False,False,False,False,False,False,False,False,Scarborough Health Network - Birchmount,2841.6384969642386
Local,North York,No Control,Clear,Daylight,Dry,Fatal,Pedestrian Collisions,True,False,True,False,False,False,False,False,False,True,False,False,False,York University Heights,2016,-0.8660254037844385,-0.5000000000000004,-0.433883739117558,-0.9009688679024191,-0.2588190451025208,-0.9659258262890683,0,0,0,0,0,0,0,0,0,0,1,0,0,0,0,0,1,0,0,0,0,2,False,False,False,False,False,False,False,False,False,True,False,False,False,False,False,False,False,False,True,False,False,False,False,False,False,False,False,False,Humber River Health - Wilson,3875.707343817572
Major Arterial,Etobicoke York,Pedestrian Crossover,Clear,Dark,Dry,Non-Fatal Injury,Pedestrian Collisions,True,False,True,False,False,False,False,True,False,False,False,False,False,Alderwood,2016,-0.8660254037844385,-0.5000000000000004,-0.433883739117558,-0.9009688679024191,-0.8660254037844386,0.5000000000000001,0,0,1,0,2,0,0,0,0,0,0,0,0,0,0,0,0,0,0,0,0,3,False,True,False,False,False,False,False,False,False,False,False,False,False,False,False,False,True,False,False,False,False,False,False,False,False,False,False,False,Trillium Health Partners- Mississauga,8323.868585555698
Major Arterial,Toronto and East York,No Control,Clear,"Dark, artificial",Dry,Non-Fatal Injury,Rear End,False,False,True,False,False,False,False,False,True,True,False,False,False,O'Connor-Parkview,2016,-0.8660254037844385,-0.5000000000000004,-0.433883739117558,-0.9009688679024191,-0.8660254037844386,0.5000000000000001,0,0,0,0,1,0,0,0,0,0,0,1,0,0,0,0,0,0,0,0,0,2,False,True,False,False,False,False,False,False,False,False,False,True,False,False,False,False,True,True,False,False,False,False,False,False,False,False,False,False,Michael Garron Hospital,3758.499857751187
Major Arterial,North York,No Control,Clear,Daylight,Dry,Non-Fatal Injury,SMV Other,False,False,False,True,False,False,False,False,False,False,False,False,False,Don Valley Village,2016,-0.8660254037844385,-0.5000000000000004,0.0,1.0,-0.8660254037844385,-0.5000000000000004,0,0,0,1,0,0,0,0,0,0,0,0,0,0,0,0,0,0,0,0,0,1,False,True,False,False,False,False,False,False,False,False,False,False,False,False,False,False,False,False,False,False,False,False,False,True,False,False,False,False,North York General Hospital - General Site,2529.847489408916
Major Arterial,Toronto and East York,Pedestrian Crossover,Clear,Daylight,Dry,Non-Fatal Injury,Pedestrian Collisions,True,False,True,False,False,False,False,False,False,True,False,False,False,Runnymede-Bloor West Village,2016,-0.8660254037844385,-0.5000000000000004,0.7818314824680298,0.6234898018587336,-0.9659258262890683,-0.25881904510252063,0,0,0,0,0,0,0,2,0,0,0,0,0,0,0,0,0,0,0,0,0,2,False,True,False,False,False,False,False,False,False,False,False,False,False,False,False,False,False,False,True,False,False,False,False,False,False,False,False,False,Unity Health Toronto - St. Joseph's,4384.054710104829
Major Arterial,Toronto and East York,Stop Sign,Clear,Daylight,Dry,Non-Fatal Injury,Cyclist Collisions,False,True,True,False,False,False,False,False,False,True,False,False,False,University,2016,-0.8660254037844385,-0.5000000000000004,0.7818314824680298,0.6234898018587336,-1.0,-1.8369701987210297e-16,0,0,0,0,0,1,0,0,0,0,1,0,0,0,0,0,0,0,0,0,0,2,False,True,False,False,False,False,False,False,False,False,True,False,False,False,False,False,False,False,True,False,False,False,False,False,False,False,False,False,University Health Network - Toronto Western,1634.5083346187603
Major Arterial,North York,No Control,Clear,"Dusk, artificial",Dry,Non-Fatal Injury,Pedestrian Collisions,True,False,True,False,False,False,False,False,False,False,False,False,False,Henry Farm,2016,-0.8660254037844385,-0.5000000000000004,0.7818314824680298,0.6234898018587336,-0.5000000000000004,0.8660254037844384,0,0,0,0,0,0,0,0,1,0,0,1,0,0,0,0,0,0,0,0,0,2,False,True,False,False,False,False,False,False,False,False,False,False,False,False,False,False,False,False,False,False,False,False,False,True,False,False,False,False,North York General Hospital - General Site,3175.3157894096803
Major Arterial,Etobicoke York,No Control,Clear,Daylight,Dry,Non-Fatal Injury,Turning Movement,False,False,True,True,False,False,False,False,False,False,False,False,False,West Humber-Clairville,2016,-0.8660254037844385,-0.5000000000000004,0.9749279121818236,-0.22252093395631434,-0.8660254037844385,-0.5000000000000004,0,0,0,0,0,0,0,1,0,0,0,0,0,1,0,0,0,0,0,0,0,2,False,True,False,False,False,False,False,False,False,False,False,False,True,False,False,False,True,False,False,False,False,False,True,False,False,False,False,False,William Osler Health System - Etobicoke,5092.772038276889