ROAD_CLASS,DISTRICT,TRAFFCTL,VISIBILITY,LIGHT,RDSFCOND,ACCLASS,IMPACTYPE,PEDESTRIAN,CYCLIST,AUTOMOBILE,MOTORCYCLE,TRUCK,TRSN_CITY_VEH,EMERG_VEH,PASSENGER,SPEEDING,AG_DRIV,REDLIGHT,ALCOHOL,DISABILITY,NEIGHBOURHOOD_158,YEAR,MONTH_sin,MONTH_cos,DOW_sin,DOW_cos,HOUR_sin,HOUR_cos,INVAGE_00to04,INVAGE_05to09,INVAGE_10to14,INVAGE_15to19,INVAGE_20to24,INVAGE_25to29,INVAGE_30to34,INVAGE_35to39,INVAGE_40to44,INVAGE_45to49,INVAGE_50to54,INVAGE_55to59,INVAGE_60to64,INVAGE_65to69,INVAGE_70to74,INVAGE_75to79,INVAGE_80to84,INVAGE_85to89,INVAGE_90to94,INVAGE_Over95,INVAGE_unknown,NUMPERSONS,MANOEUVER_ChangingLanes,MANOEUVER_GoingAhead,MANOEUVER_MakingUTurn,MANOEUVER_Merging,MANOEUVER_Other,MANOEUVER_Overtaking,MANOEUVER_Parked,MANOEUVER_PullingAwayfromShoulderorCurb,MANOEUVER_PullingOntoShoulderortowardCurb,MANOEUVER_Reversing,MANOEUVER_SlowingorStopping,MANOEUVER_Stopped,MANOEUVER_TurningLeft,MANOEUVER_TurningRight,MANOEUVER_Unknown,DRIVACT_DisobeyedTrafficControl,DRIVACT_DrivingProperly,DRIVACT_ExceedingSpeedLimit,DRIVACT_FailedtoYieldRightofWay,DRIVACT_FollowingtooClose,DRIVACT_ImproperLaneChange,DRIVACT_ImproperPassing,DRIVACT_ImproperTurn,DRIVACT_Lostcontrol,DRIVACT_Other,DRIVACT_SpeedtooFastForCondition,DRIVACT_SpeedtooSlow,DRIVACT_WrongWayonOneWayRoad,NEAREST_HOSPITAL,DIST_TO_HOS
Major Arterial,Etobicoke York,Traffic Signal,Clear,"Dark, artificial",Dry,Non-Fatal Injury,Turning Movement,False,False,False,True,False,True,False,False,False,True,False,False,False,Rockcliffe-Smythe,2019,-0.8660254037844385,-0.5000000000000004,0.9749279121818236,-0.22252093395631434,-0.25881904510252157,0.9659258262890681,0,0,0,0,0,1,0,0,1,0,0,0,0,0,0,0,0,0,0,0,0,2,False,True,False,False,False,False,False,False,False,False,False,False,True,False,False,False,True,False,True,False,False,False,False,False,False,False,False,False,Humber River Health - Wilson,5973.997775463504
Major Arterial,Scarborough,No Control,Clear,Daylight,Dry,Fatal,Pedestrian Collisions,True,False,True,False,False,False,False,False,False,False,False,False,False,Steeles,2019,-0.8660254037844385,-0.5000000000000004,-0.433883739117558,-0.9009688679024191,1.0,6.123233995736766e-17,0,0,0,0,0,1,0,0,0,0,0,0,0,0,0,0,0,0,0,1,0,2,False,True,False,False,False,False,False,False,False,False,False,False,False,False,False,False,True,False,False,False,False,False,False,False,False,False,False,False,Scarborough Health Network - Birchmount,1847.3148034419864
Major Arterial,Etobicoke York,Traffic Signal,Clear,Daylight,Dry,Fatal,Pedestrian Collisions,True,False,True,False,False,False,False,False,False,False,False,False,False,Kingsview Village-The Westway,2019,-0.8660254037844385,-0.5000000000000004,-0.433883739117558,-0.9009688679024191,-0.8660254037844385,-0.5000000000000004,0,0,0,0,0,0,0,0,0,1,0,0,0,0,0,1,0,0,0,0,0,2,False,True,False,False,False,False,False,False,False,False,False,False,False,False,False,False,True,False,False,False,False,False,False,False,False,False,False,False,Humber River Health - Wilson,7648.3292561873095
Major Arterial,Toronto and East York,No Control,Clear,Daylight,Wet,Non-Fatal Injury,Pedestrian Collisions,True,False,True,False,False,False,False,False,False,False,False,False,False,Yonge-Bay Corridor,2019,-0.8660254037844385,-0.5000000000000004,-0.433883739117558,-0.9009688679024191,-1.0,-1.8369701987210297e-16,0,0,0,0,0,0,0,0,0,1,1,0,0,0,0,0,0,0,0,0,0,2,False,False,False,False,False,False,False,False,False,False,False,False,False,True,False,False,False,False,False,False,False,False,False,True,False,False,False,False,Unity Health Toronto - St. Michael's,454.80755282519385
Major Arterial,North York,Traffic Signal,Clear,Dark,Dry,Fatal,Turning Movement,False,False,True,True,False,False,False,False,True,True,False,False,False,Victoria Village,2019,-0.8660254037844385,-0.5000000000000004,-0.9749279121818236,-0.2225209339563146,0.0,1.0,0,0,0,0,1,0,0,0,1,0,0,0,0,0,0,0,0,0,0,0,0,2,False,True,False,False,False,False,False,False,False,False,False,False,True,False,False,False,False,False,True,False,False,False,False,False,False,True,False,False,Michael Garron Hospital,5682.744257754297
Local,Etobicoke York,No Control,Clear,Daylight,Dry,Non-Fatal Injury,Cyclist Collisions,False,True,False,False,True,False,False,False,False,False,False,False,False,Long Branch,2019,-0.8660254037844385,-0.5000000000000004,-0.9749279121818236,-0.2225209339563146,-0.2588190451025208,-0.9659258262890683,0,0,0,0,0,0,0,0,0,0,2,0,0,0,0,0,0,0,0,0,0,2,False,False,False,False,False,True,False,False,False,False,False,False,False,False,True,False,True,False,False,False,False,False,False,False,False,False,False,False,Trillium Health Partners- Mississauga,8780.685085557867
Major Arterial,Toronto and East York,Traffic Signal,Clear,Dark,Dry,Non-Fatal Injury,Cyclist Collisions,False,True,True,False,False,False,False,False,False,False,False,True,False,Wellington Place,2019,-0.8660254037844385,-0.5000000000000004,-0.7818314824680299,0.6234898018587334,0.25881904510252074,0.9659258262890683,0,0,0,0,1,0,0,0,0,1,0,0,0,0,0,0,0,0,0,0,0,2,False,True,False,False,False,False,False,False,False,False,False,False,False,True,False,False,False,False,False,False,False,False,False,True,False,False,False,False,University Health Network - Toronto Western,1517.8757653807988
Major Arterial,Scarborough,Traffic Signal,Clear,Daylight,Dry,Non-Fatal Injury,Turning Movement,False,False,True,False,False,False,False,True,False,True,True,False,False,Steeles,2019,-0.8660254037844385,-0.5000000000000004,-0.7818314824680299,0.6234898018587334,-0.7071067811865471,-0.7071067811865479,1,1,0,0,0,0,2,0,0,0,0,0,0,2,0,0,0,0,0,0,0,6,False,True,False,False,False,False,False,False,False,False,False,False,True,False,False,True,True,False,False,False,False,False,False,False,False,False,False,False,Scarborough Health Network - Birchmount,3105.9031034470536
Major Arterial,North York,Traffic Signal,Clear,Daylight,Dry,Non-Fatal Injury,Turning Movement,False,False,True,False,False,False,False,False,False,True,True,False,False,Bedford Park-Nortown,2019,-0.8660254037844385,-0.5000000000000004,0.0,1.0,-0.8660254037844385,-0.5000000000000004,0,0,0,0,0,0,0,2,0,0,0,0,0,0,0,0,0,0,0,0,0,2,False,True,False,False,False,False,False,False,False,False,False,False,True,False,False,True,True,False,False,False,False,False,False,False,False,False,False,False,Sunnybrook Health Sciences Centre - Bayview Campus,2971.638869924005
Major Arterial,Toronto and East York,Stop Sign,Clear,Dark,Dry,Non-Fatal Injury,Turning Movement,False,False,True,False,False,False,False,False,False,True,False,False,False,Humewood-Cedarvale,2019,-0.8660254037844385,-0.5000000000000004,0.0,1.0,-0.7071067811865477,0.7071067811865474,0,0,0,0,0,0,0,1,0,1,0,0,0,0,0,0,0,0,0,0,0,2,False,True,False,False,False,False,False,False,False,False,False,False,True,False,False,False,True,False,True,False,False,False,False,False,False,False,False,False,Sunnybrook Health Sciences Centre - Bayview Campus,6293.545429718681
Collector,Etobicoke York,No Control,Clear,Daylight,Dry,Non-Fatal Injury,Pedestrian Collisions,True,False,True,False,False,False,False,False,False,False,False,False,False,York University Heights,2019,-0.8660254037844385,-0.5000000000000004,0.7818314824680298,0.6234898018587336,0.8660254037844387,-0.4999999999999998,0,0,0,0,0,0,0,0,1,0,0,0,0,0,0,1,0,0,0,0,0,2,False,False,True,False,False,False,False,False,False,False,False,False,False,False,False,False,False,False,False,False,False,False,False,False,True,False,False,False,Humber River Health - Wilson,5101.997124530841
Major Arterial,North York,No Control,Clear,Daylight,Dry,Fatal,Pedestrian Collisions,True,False,False,False,True,False,False,False,False,False,False,False,False,North Toronto,2019,-0.8660254037844385,-0.5000000000000004,0.7818314824680298,0.6234898018587336,0.49999999999999994,-0.8660254037844387,0,0,0,0,0,0,0,0,0,0,1,1,0,0,0,0,0,0,0,0,0,2,False,False,False,False,False,False,False,False,False,False,False,False,False,True,False,False,False,False,False,False,False,False,True,False,False,False,False,False,Sunnybrook Health Sciences Centre - Bayview Campus,2808.3569297231734
Major Arterial,North York,Traffic Signal,Rain,"Dark, artificial",Wet,Non-Fatal Injury,Pedestrian Collisions,True,False,True,False,False,False,False,False,False,True,False,False,False,Glenfield-Jane Heights,2019,-0.8660254037844385,-0.5000000000000004,0.9749279121818236,-0.22252093395631434,-0.7071067811865477,0.7071067811865474,0,0,0,0,0,0,0,1,0,0,0,0,1,0,0,0,0,0,0,0,0,2,False,False,False,False,False,False,False,False,False,False,False,False,True,False,False,False,False,False,True,False,False,False,False,False,False,False,False,False,Humber River Health - Wilson,4466.586824533413
Major Arterial,Etobicoke York,Traffic Signal,Clear,Daylight,Dry,Non-Fatal Injury,Angle,False,False,True,False,False,False,False,True,True,True,True,False,False,Etobicoke West Mall,2019,-0.8660254037844385,-0.5000000000000004,0.43388373911755823,-0.900968867902419,0.258819045102521,-0.9659258262890682,0,0,0,0,0,2,0,0,0,0,1,0,0,0,0,0,0,0,0,0,0,3,False,True,False,False,False,False,False,False,False,False,False,False,False,False,False,True,True,False,False,False,False,False,False,False,False,False,False,False,Unity Health Toronto - St. Joseph's,9872.560510102892
Major Arterial,Etobicoke York,Traffic Signal,Clear,"Dark, artificial",Dry,Non-Fatal Injury,Cyclist Collisions,False,True,True,False,False,False,False,False,False,False,False,False,False,Princess-Rosethorn,2019,-0.8660254037844385,-0.5000000000000004,0.43388373911755823,-0.900968867902419,-0.7071067811865477,0.7071067811865474,0,0,0,0,0,1,0,0,0,0,1,0,0,0,0,0,0,0,0,0,0,2,False,True,False,False,False,False,False,False,False,False,False,False,False,False,False,False,True,False,False,False,False,False,False,False,False,False,False,False,William Osler Health System - Etobicoke,9321.35143827647
Expressway,Etobicoke York,Traffic Signal,Clear,Daylight,Dry,Non-Fatal Injury,Pedestrian Collisions,True,False,True,False,False,False,False,False,False,False,False,False,False,Harbourfront-CityPlace,2019,-0.8660254037844385,-0.5000000000000004,-0.433883739117558,-0.9009688679024191,-0.9659258262890683,-0.25881904510252063,0,0,0,0,0,0,1,0,0,0,1,0,0,0,0,0,0,0,0,0,0,2,False,True,False,False,False,False,False,False,False,False,False,False,False,False,False,False,True,False,False,False,False,False,False,False,False,False,False,False,Unity Health Toronto - St. Michael's,1940.4970528198173
Expressway,North York,No Control,Rain,"Dark, artificial",Wet,Non-Fatal Injury,SMV Other,False,False,True,False,False,False,False,True,False,True,False,False,False,Flemingdon Park,2019,-0.8660254037844385,-0.5000000000000004,-0.9749279121818236,-0.2225209339563146,0.25881904510252074,0.9659258262890683,0,0,0,0,0,0,1,0,0,1,0,0,1,0,0,0,0,0,0,0,0,3,False,True,False,False,False,False,False,False,False,False,False,False,False,False,False,False,True,False,False,False,False,False,False,True,False,False,False,False,Michael Garron Hospital,2554.1560577525524
Minor Arterial,Toronto and East York,No Control,Clear,"Daylight, artificial",Dry,Non-Fatal Injury,Cyclist Collisions,False,True,False,False,True,False,False,False,False,False,False,False,False,Moss Park,2019,-0.8660254037844385,-0.5000000000000004,-0.9749279121818236,-0.2225209339563146,0.9659258262890683,0.25881904510252074,0,0,0,0,0,0,0,1,1,0,0,0,0,0,0,0,0,0,0,0,0,2,False,True,False,False,False,False,False,False,False,False,False,False,False,True,False,False,False,False,False,False,False,False,True,False,False,False,False,False,Unity Health Toronto - St. Michael's,1304.528147177538
Major Arterial,North York,No Control,Clear,Daylight,Wet,Non-Fatal Injury,Approaching,False,False,True,False,False,False,False,False,False,True,False,False,True,Clanton Park,2019,-0.8660254037844385,-0.5000000000000004,-0.7818314824680299,0.6234898018587334,0.49999999999999994,-0.8660254037844387,0,0,0,0,0,0,0,1,0,0,0,0,0,0,0,0,1,0,0,0,0,2,False,True,False,False,False,False,False,False,False,False,True,False,False,False,False,False,True,False,False,False,False,False,False,True,False,False,False,False,Humber River Health - Wilson,5256.089343825006
Major Arterial,Scarborough,No Control,Clear,"Dark, artificial",Dry,Non-Fatal Injury,Pedestrian Collisions,True,False,True,False,False,False,False,False,False,False,False,False,False,Moss Park,2019,-0.8660254037844385,-0.5000000000000004,0.0,1.0,0.25881904510252074,0.9659258262890683,0,0,0,0,0,0,1,1,0,0,0,0,0,0,0,0,0,0,0,0,0,2,False,True,False,False,False,False,False,False,False,False,False,False,False,False,False,False,True,False,False,False,False,False,False,False,False,False,False,False,Unity Health Toronto - St. Michael's,355.65434717410244
Major Arterial,Scarborough,Traffic Signal,Clear,Daylight,Dry,Non-Fatal Injury,Approaching,False,False,True,False,True,False,False,False,False,False,False,False,False,Agincourt North,2019,-0.8660254037844385,-0.5000000000000004,0.0,1.0,0.49999999999999994,-0.8660254037844387,0,0,0,0,1,0,0,0,0,0,0,0,1,0,0,0,0,0,0,0,0,2,False,True,False,False,False,False,False,False,False,False,False,False,False,False,False,False,True,False,False,False,False,False,False,False,True,False,False,False,Scarborough Health Network - Birchmount,4271.460396544542
Collector,Etobicoke York,No Control,Clear,Daylight,Dry,Non-Fatal Injury,Cyclist Collisions,False,True,True,False,False,False,False,False,False,True,False,False,False,Humber Heights-Westmount,2019,-0.8660254037844385,-0.5000000000000004,0.7818314824680298,0.6234898018587336,-0.8660254037844385,-0.5000000000000004,0,0,0,0,1,0,0,0,0,0,1,0,0,0,0,0,0,0,0,0,0,2,False,True,False,False,False,False,False,False,False,False,False,False,True,False,False,False,False,False,True,False,False,False,False,False,False,False,False,False,Humber River Health - Wilson,6185.49195617903
Major Arterial,Scarborough,Stop Sign,Clear,Daylight,Dry,Fatal,Pedestrian Collisions,True,False,True,False,False,False,False,False,False,False,False,False,False,Wexford/Maryvale,2019,-0.8660254037844385,-0.5000000000000004,0.7818314824680298,0.6234898018587336,-0.8660254037844386,0.5000000000000001,0,0,0,0,0,0,0,0,0,0,0,2,0,0,0,0,0,0,0,0,0,2,False,False,False,False,False,False,False,False,False,False,False,False,True,False,False,False,True,False,False,False,False,False,False,False,False,False,False,False,Scarborough Health Network - Scarborough General,4621.5981567511335
Major Arterial,Scarborough,No Control,Clear,Daylight,Dry,Non-Fatal Injury,Pedestrian Collisions,True,False,False,False,False,True,False,False,False,False,False,False,False,West Hill,2019,-0.8660254037844385,-0.5000000000000004,-0.9749279121818236,-0.2225209339563146,-0.4999999999999997,-0.8660254037844388,0,0,0,0,0,1,0,0,0,0,0,0,1,0,0,0,0,0,0,0,0,2,False,True,False,False,False,False,False,False,False,False,False,False,False,False,False,False,True,False,False,False,False,False,False,False,False,False,False,False,Scarborough Health Network - Centenary,3302.746151160216
Major Arterial,Scarborough,No Control,Clear,Dark,Dry,Non-Fatal Injury,Turning Movement,False,False,True,True,False,False,False,False,False,False,False,False,False,Bendale South,2019,-0.8660254037844385,-0.5000000000000004,-0.9749279121818236,-0.2225209339563146,-0.25881904510252157,0.9659258262890681,0,0,0,0,0,1,0,1,0,0,0,0,0,0,0,0,0,0,0,0,0,2,False,True,False,False,False,False,False,False,False,False,False,False,True,False,False,False,True,False,False,False,False,False,True,False,False,False,False,False,Scarborough Health Network - Scarborough General,431.4776813163189
Minor Arterial,Scarborough,No Control,Clear,Dusk,Dry,Fatal,Pedestrian Collisions,True,False,True,False,False,False,False,False,False,False,False,False,False,Golfdale-Cedarbrae-Woburn,2019,-0.8660254037844385,-0.5000000000000004,0.0,1.0,-0.8660254037844386,0.5000000000000001,0,0,0,1,1,0,0,0,0,0,0,0,0,0,0,0,0,0,0,0,0,2,False,True,False,False,False,False,False,False,False,False,False,False,False,False,False,False,True,False,False,False,False,False,False,False,False,False,False,False,Scarborough Health Network - Scarborough General,2992.173443242791
Major Arterial,Etobicoke York,Traffic Signal,Clear,"Dark, artificial",Dry,Non-Fatal Injury,SMV Other,False,False,True,False,False,False,False,True,False,False,False,True,False,Eringate-Centennial-West Deane,2019,-0.8660254037844385,-0.5000000000000004,0.7818314824680298,0.6234898018587336,0.7071067811865476,0.7071067811865476,0,0,0,0,2,0,0,0,0,0,0,0,0,0,0,0,0,0,0,0,0,2,False,True,False,False,False,False,False,False,False,False,False,False,False,False,False,False,False,False,False,False,False,False,False,True,False,False,False,False,William Osler Health System - Etobicoke,9248.61703827267
Major Arterial,Scarborough,No Control,Clear,"Dark, artificial",Dry,Fatal,Pedestrian Collisions,True,False,True,False,False,False,False,False,False,False,False,False,False,Oakridge,2019,-0.8660254037844385,-0.5000000000000004,0.7818314824680298,0.6234898018587336,-0.7071067811865477,0.7071067811865474,0,0,0,0,0,0,0,0,1,0,0,0,0,1,0,0,0,0,0,0,0,2,False,True,False,False,False,False,False,False,False,False,False,False,False,False,False,False,True,False,False,False,False,False,False,False,False,False,False,False,Michael Garron Hospital,3920.925357757602
Collector,Toronto and East York,No Control,Clear,Daylight,Wet,Non-Fatal Injury,Pedestrian Collisions,True,False,True,False,False,False,False,False,False,False,False,False,False,Kensington-Chinatown,2019,-0.8660254037844385,-0.5000000000000004,0.43388373911755823,-0.900968867902419,0.7071067811865476,-0.7071067811865475,0,0,0,0,0,1,1,0,0,0,0,0,0,0,1,0,0,0,0,0,0,3,False,False,False,False,False,False,False,False,False,True,False,True,False,False,False,False,False,False,False,False,False,False,False,False,True,False,False,False,University Health Network - Toronto Western,142.69740296539385
Major Arterial,North York,No Control,Clear,Daylight,Dry,Non-Fatal Injury,Cyclist Collisions,False,True,True,False,False,False,False,False,False,False,False,False,False,Flemingdon Park,2019,-0.8660254037844385,-0.5000000000000004,0.43388373911755823,-0.900968867902419,-0.7071067811865471,-0.7071067811865479,0,0,0,0,0,1,0,1,0,0,1,0,0,0,0,0,0,0,0,0,0,3,True,True,False,False,False,False,False,False,False,False,False,False,False,False,False,False,True,False,False,False,False,False,False,False,False,False,False,False,Michael Garron Hospital,3951.865057753632
Major Arterial,North York,No Control,Rain,"Dark, artificial",Wet,Non-Fatal Injury,Approaching,False,False,True,False,False,True,False,False,True,True,False,False,False,Glenfield-Jane Heights,2019,-0.8660254037844385,-0.5000000000000004,-0.9749279121818236,-0.2225209339563146,0.9659258262890683,-0.25881904510252063,0,0,0,0,0,0,0,0,0,0,1,1,0,0,0,0,0,0,0,0,0,2,False,True,False,False,False,False,False,False,False,False,False,False,False,False,False,False,True,False,False,False,False,False,False,True,False,False,False,False,Humber River Health - Wilson,3354.4358245418407
Major Arterial,Scarborough,Traffic Signal,Clear,"Dark, artificial",Dry,Fatal,Angle,False,False,True,False,False,False,False,True,False,True,True,False,False,Clairlea-Birchmount,2019,-0.8660254037844385,-0.5000000000000004,-0.9749279121818236,-0.2225209339563146,-0.8660254037844386,0.5000000000000001,0,1,0,0,0,0,0,1,1,0,0,0,1,1,0,0,0,0,0,0,0,5,False,True,False,False,False,False,False,False,False,False,False,False,False,False,False,True,True,False,False,False,False,False,False,False,False,False,False,False,Scarborough Health Network - Scarborough General,5312.505756751867
Major Arterial,Etobicoke York,No Control,Clear,"Daylight, artificial",Dry,Fatal,Pedestrian Collisions,True,False,True,False,False,False,False,False,False,False,False,False,False,West Humber-Clairville,2019,-0.8660254037844385,-0.5000000000000004,-0.7818314824680299,0.6234898018587334,-0.7071067811865477,0.7071067811865474,0,0,0,0,0,0,0,0,0,0,1,1,0,0,0,0,0,0,0,0,0,2,False,True,False,False,False,False,False,False,False,False,False,False,False,False,False,False,True,False,False,False,False,False,False,False,False,False,False,False,William Osler Health System - Etobicoke,5474.363038272248
Major Arterial,North York,Traffic Signal,Clear,Daylight,Dry,Non-Fatal Injury,Pedestrian Collisions,True,False,True,False,False,False,False,False,False,True,False,False,False,Forest Hill South,2019,-1.0,-1.8369701987210297e-16,-0.433883739117558,-0.9009688679024191,0.49999999999999994,-0.8660254037844387,0,0,0,0,0,0,0,0,1,1,0,0,0,0,0,0,0,0,0,0,0,2,False,False,False,False,False,False,False,False,False,False,False,False,True,False,False,False,False,False,True,False,False,False,False,False,False,False,False,False,Sunnybrook Health Sciences Centre - Bayview Campus,4833.161229722318
Major Arterial,Toronto and East York,Traffic Signal,Clear,Dark,Dry,Non-Fatal Injury,Pedestrian Collisions,True,False,True,False,False,False,False,False,False,False,False,False,False,Fort York-Liberty Village,2019,-1.0,-1.8369701987210297e-16,-0.433883739117558,-0.9009688679024191,-0.25881904510252157,0.9659258262890681,0,0,0,0,1,0,1,0,0,0,0,0,0,0,0,0,0,0,0,0,0,2,False,False,False,False,False,False,False,False,False,False,False,False,True,False,False,False,False,False,False,False,False,False,True,False,False,False,False,False,University Health Network - Toronto Western,2455.5955653869314
Minor Arterial,Toronto and East York,No Control,Clear,Daylight,Dry,Non-Fatal Injury,Cyclist Collisions,False,True,True,False,False,False,False,False,False,False,False,False,False,Annex,2019,-1.0,-1.8369701987210297e-16,-0.9749279121818236,-0.2225209339563146,-0.8660254037844385,-0.5000000000000004,0,0,0,0,0,0,0,1,0,0,0,0,1,0,0,0,0,0,0,0,0,2,False,True,False,False,False,False,False,False,False,False,False,False,True,False,False,False,False,False,False,False,False,False,False,False,True,False,False,False,University Health Network - Toronto General,2955.8733407093678
Major Arterial,Toronto and East York,Traffic Signal,Clear,Daylight,Dry,Non-Fatal Injury,Pedestrian Collisions,True,False,True,False,False,False,False,False,False,False,False,False,False,Kensington-Chinatown,2019,-1.0,-1.8369701987210297e-16,0.7818314824680298,0.6234898018587336,-1.0,-1.8369701987210297e-16,0,0,0,0,1,0,0,0,0,1,0,0,0,0,0,0,0,0,0,0,0,2,False,True,False,False,False,False,False,False,False,False,False,False,False,False,False,False,True,False,False,False,False,False,False,False,False,False,False,False,University Health Network - Toronto Western,446.53733461291995
Major Arterial,Scarborough,No Control,Clear,Daylight,Dry,Non-Fatal Injury,Turning Movement,False,False,True,False,False,False,False,False,False,True,False,False,False,Centennial Scarborough,2019,-1.0,-1.8369701987210297e-16,0.9749279121818236,-0.22252093395631434,-0.7071067811865471,-0.7071067811865479,0,0,0,0,0,0,0,0,0,0,0,0,0,1,0,0,1,0,0,0,0,2,False,True,False,False,False,False,False,False,False,False,False,False,True,False,False,False,True,False,True,False,False,False,False,False,False,False,False,False,Scarborough Health Network - Centenary,6530.356943040504
Collector,Toronto and East York,No Control,Clear,Daylight,Dry,Non-Fatal Injury,Turning Movement,False,False,True,True,False,False,False,False,False,True,False,False,False,Harbourfront-CityPlace,2019,-1.0,-1.8369701987210297e-16,0.43388373911755823,-0.900968867902419,0.49999999999999994,-0.8660254037844387,0,0,0,0,0,0,0,0,1,0,1,0,0,0,0,0,0,0,0,0,0,2,False,True,False,False,False,False,False,False,False,False,False,False,True,False,False,False,True,False,False,False,False,True,False,False,False,False,False,False,Unity Health Toronto - St. Michael's,1998.3778528200928
Minor Arterial,Toronto and East York,Stop Sign,Clear,Daylight,Dry,Non-Fatal Injury,Cyclist Collisions,False,True,True,False,False,False,False,False,False,False,False,False,False,Wychwood,2019,-1.0,-1.8369701987210297e-16,0.43388373911755823,-0.900968867902419,-0.4999999999999997,-0.8660254037844388,0,0,0,0,0,0,1,0,0,1,0,0,0,0,0,0,0,0,0,0,0,2,False,True,False,False,False,False,False,False,False,False,False,False,False,False,False,False,True,False,False,False,False,False,False,False,False,False,False,False,University Health Network - Toronto Western,4216.0001346084755
Major Arterial,Scarborough,Traffic Signal,Clear,Daylight,Dry,Non-Fatal Injury,Pedestrian Collisions,True,False,True,False,False,False,False,False,False,False,False,False,False,Wexford/Maryvale,2019,-1.0,-1.8369701987210297e-16,0.43388373911755823,-0.900968867902419,-1.0,-1.8369701987210297e-16,0,0,1,0,0,0,0,0,0,1,0,0,0,0,0,0,0,0,0,0,0,2,False,True,False,False,False,False,False,False,False,False,False,False,False,False,False,False,True,False,False,False,False,False,False,False,False,False,False,False,Scarborough Health Network - Scarborough General,4556.599056751002
Major Arterial,North York,Traffic Signal,Clear,Daylight,Dry,Non-Fatal Injury,Pedestrian Collisions,True,False,True,False,False,False,False,False,False,False,False,False,False,Hillcrest Village,2019,-1.0,-1.8369701987210297e-16,0.43388373911755823,-0.900968867902419,-0.9659258262890684,0.2588190451025203,0,0,0,0,0,0,0,0,0,0,0,0,0,1,0,0,1,0,0,0,0,2,False,True,False,False,False,False,False,False,False,False,False,False,False,False,False,False,True,False,False,False,False,False,False,False,False,False,False,False,North York General Hospital - General Site,2813.0800551613793
Major Arterial,Etobicoke York,No Control,Clear,"Dark, artificial",Dry,Non-Fatal Injury,Rear End,False,False,True,True,False,False,False,False,False,False,False,False,False,Etobicoke City Centre,2019,-1.0,-1.8369701987210297e-16,0.43388373911755823,-0.900968867902419,-0.25881904510252157,0.9659258262890681,0,0,0,0,0,0,0,0,2,0,0,0,0,0,0,0,0,0,0,0,0,2,True,True,False,False,False,False,False,False,False,False,False,False,False,False,False,False,True,False,False,False,True,False,False,False,False,False,False,False,Unity Health Toronto - St. Joseph's,8088.972222880577
Local,Toronto and East York,No Control,Clear,Daylight,Dry,Non-Fatal Injury,Pedestrian Collisions,True,False,True,False,False,False,False,False,False,False,False,False,False,Birchcliffe-Cliffside,2019,-1.0,-1.8369701987210297e-16,-0.433883739117558,-0.9009688679024191,0.258819045102521,-0.9659258262890682,0,0,1,0,1,0,0,0,0,0,0,0,0,0,0,0,0,0,0,0,0,2,False,True,False,False,False,False,False,False,False,False,False,False,False,False,False,False,True,False,False,False,False,False,False,False,False,False,False,False,Michael Garron Hospital,4093.356108735199
Major Arterial,Scarborough,No Control,Clear,Daylight,Dry,Non-Fatal Injury,Turning Movement,False,False,True,False,False,False,False,False,True,True,False,False,False,Kennedy Park,2019,-1.0,-1.8369701987210297e-16,-0.433883739117558,-0.9009688679024191,-0.2588190451025208,-0.9659258262890683,0,0,0,0,1,0,0,0,0,0,0,0,1,0,0,0,1,1,0,0,0,4,False,True,False,False,False,False,False,False,False,False,False,True,True,False,False,False,True,True,True,False,False,False,False,False,False,False,False,False,Scarborough Health Network - Scarborough General,4546.899056758266
Major Arterial,Etobicoke York,No Control,Clear,Daylight,Dry,Fatal,SMV Unattended Vehicle,False,False,True,False,True,False,False,False,False,False,False,False,True,Stonegate-Queensway,2019,-1.0,-1.8369701987210297e-16,-0.433883739117558,-0.9009688679024191,-0.8660254037844385,-0.5000000000000004,0,0,0,0,0,0,0,0,0,0,2,0,0,0,0,0,0,0,0,0,0,2,False,True,False,False,False,False,False,False,False,False,False,False,False,False,False,False,False,False,False,False,False,False,False,True,False,False,False,False,Unity Health Toronto - St. Joseph's,5897.181210107985
Major Arterial,Toronto and East York,No Control,Clear,"Dusk, artificial",Dry,Non-Fatal Injury,Pedestrian Collisions,True,False,True,False,False,False,False,False,False,False,False,False,False,Church-Wellesley,2019,-1.0,-1.8369701987210297e-16,-0.433883739117558,-0.9009688679024191,-0.9659258262890684,0.2588190451025203,0,0,0,0,0,0,0,0,1,1,0,0,0,0,0,0,0,0,0,0,0,2,False,True,False,False,False,False,False,False,False,False,False,False,False,False,False,False,True,False,False,False,False,False,False,False,False,False,False,False,University Health Network - Toronto General,787.5211429275805
Minor Arterial,Etobicoke York,Traffic Signal,Clear,Daylight,Dry,Non-Fatal Injury,Pedestrian Collisions,True,False,True,False,False,False,False,False,False,True,False,False,False,Weston-Pelham Park,2019,-1.0,-1.8369701987210297e-16,-0.9749279121818236,-0.2225209339563146,1.2246467991473532e-16,-1.0,1,0,0,0,0,0,0,0,0,0,0,1,0,0,0,0,0,0,0,0,0,2,False,False,False,False,False,False,False,False,False,False,False,False,True,False,False,False,False,False,True,False,False,False,False,False,False,False,False,False,Unity Health Toronto - St. Joseph's,5587.454410105362