ROAD_CLASS,DISTRICT,TRAFFCTL,VISIBILITY,LIGHT,RDSFCOND,ACCLASS,IMPACTYPE,PEDESTRIAN,CYCLIST,AUTOMOBILE,MOTORCYCLE,TRUCK,TRSN_CITY_VEH,EMERG_VEH,PASSENGER,SPEEDING,AG_DRIV,REDLIGHT,ALCOHOL,DISABILITY,NEIGHBOURHOOD_158,YEAR,MONTH_sin,MONTH_cos,DOW_sin,DOW_cos,HOUR_sin,HOUR_cos,INVAGE_00to04,INVAGE_05to09,INVAGE_10to14,INVAGE_15to19,INVAGE_20to24,INVAGE_25to29,INVAGE_30to34,INVAGE_35to39,INVAGE_40to44,INVAGE_45to49,INVAGE_50to54,INVAGE_55to59,INVAGE_60to64,INVAGE_65to69,INVAGE_70to74,INVAGE_75to79,INVAGE_80to84,INVAGE_85to89,INVAGE_90to94,INVAGE_Over95,INVAGE_unknown,NUMPERSONS,MANOEUVER_ChangingLanes,MANOEUVER_GoingAhead,MANOEUVER_MakingUTurn,MANOEUVER_Merging,MANOEUVER_Other,MANOEUVER_Overtaking,MANOEUVER_Parked,MANOEUVER_PullingAwayfromShoulderorCurb,MANOEUVER_PullingOntoShoulderortowardCurb,MANOEUVER_Reversing,MANOEUVER_SlowingorStopping,MANOEUVER_Stopped,MANOEUVER_TurningLeft,MANOEUVER_TurningRight,MANOEUVER_Unknown,DRIVACT_DisobeyedTrafficControl,DRIVACT_DrivingProperly,DRIVACT_ExceedingSpeedLimit,DRIVACT_FailedtoYieldRightofWay,DRIVACT_FollowingtooClose,DRIVACT_ImproperLaneChange,DRIVACT_ImproperPassing,DRIVACT_ImproperTurn,DRIVACT_Lostcontrol,DRIVACT_Other,DRIVACT_SpeedtooFastForCondition,DRIVACT_SpeedtooSlow,DRIVACT_WrongWayonOneWayRoad,NEAREST_HOSPITAL,DIST_TO_HOS
Major Arterial,Scarborough,Traffic Signal,Clear,Daylight,Dry,Non-Fatal Injury,Pedestrian Collisions,True,False,True,False,False,False,False,True,False,False,False,False,False,Wexford/Maryvale,2019,-1.0,-1.8369701987210297e-16,-0.7818314824680299,0.6234898018587334,0.258819045102521,-0.9659258262890682,1,0,0,0,0,0,1,1,1,0,0,1,0,0,0,0,0,0,0,0,0,5,False,True,False,False,False,False,False,False,False,False,False,False,False,False,False,False,False,False,False,False,False,False,False,True,False,False,False,False,Scarborough Health Network - Birchmount,4827.539196957136
Collector,Etobicoke York,No Control,Clear,Daylight,Dry,Non-Fatal Injury,SMV Other,False,False,True,True,False,False,False,False,True,True,False,False,True,Rockcliffe-Smythe,2019,-1.0,-1.8369701987210297e-16,0.7818314824680298,0.6234898018587336,0.9659258262890683,0.25881904510252074,0,0,0,0,0,0,0,1,0,0,0,0,0,0,0,0,0,0,0,0,3,4,False,True,False,False,False,False,True,False,False,False,False,False,False,False,False,False,True,False,False,False,False,False,False,True,False,False,False,False,Humber River Health - Wilson,4726.490256175981
Major Arterial,North York,Traffic Signal,Clear,"Dark, artificial",Dry,Non-Fatal Injury,Turning Movement,False,False,True,False,True,True,False,True,True,True,False,False,False,Bathurst Manor,2019,-1.0,-1.8369701987210297e-16,0.7818314824680298,0.6234898018587336,0.9659258262890683,0.25881904510252074,0,0,2,0,0,0,1,1,0,0,0,0,0,0,0,0,0,0,0,0,0,4,False,True,False,False,False,False,False,False,False,False,False,False,True,False,False,False,True,False,False,False,False,False,False,False,True,False,False,False,Humber River Health - Wilson,6726.783543817699
Major Arterial,Scarborough,Traffic Signal,Clear,Daylight,Dry,Non-Fatal Injury,Pedestrian Collisions,True,False,True,False,False,False,False,False,False,True,False,False,False,Cliffcrest,2019,-1.0,-1.8369701987210297e-16,0.7818314824680298,0.6234898018587336,-0.8660254037844385,-0.5000000000000004,0,0,1,0,0,0,0,0,0,0,1,0,0,0,0,0,0,0,0,0,0,2,False,False,False,False,False,False,False,False,False,False,False,False,False,True,False,False,False,False,True,False,False,False,False,False,False,False,False,False,Scarborough Health Network - Scarborough General,4620.490481316578
Major Arterial,North York,Pedestrian Crossover,Clear,Daylight,Dry,Non-Fatal Injury,Pedestrian Collisions,True,False,True,False,False,False,False,False,False,True,False,False,False,Leaside-Bennington,2019,-1.0,-1.8369701987210297e-16,0.7818314824680298,0.6234898018587336,-1.0,-1.8369701987210297e-16,0,0,0,0,0,1,0,0,0,0,0,0,0,0,0,1,0,0,0,0,0,2,False,True,False,False,False,False,False,False,False,False,False,False,False,False,False,False,False,False,True,False,False,False,False,False,False,False,False,False,Sunnybrook Health Sciences Centre - Bayview Campus,1549.1812300676247
Minor Arterial,Toronto and East York,No Control,Clear,"Dark, artificial",Dry,Non-Fatal Injury,Cyclist Collisions,False,True,True,False,False,False,False,False,False,False,False,False,False,Woodbine Corridor,2019,-1.0,-1.8369701987210297e-16,0.7818314824680298,0.6234898018587336,-0.5000000000000004,0.8660254037844384,0,0,0,0,0,0,1,0,0,0,0,1,0,0,0,0,0,0,0,0,0,2,False,True,False,False,False,False,False,False,False,False,False,False,True,False,False,False,False,False,False,False,False,False,True,False,False,False,False,False,Michael Garron Hospital,2192.7253087346908
Major Arterial,Toronto and East York,No Control,Clear,"Dark, artificial",Dry,Non-Fatal Injury,Turning Movement,False,False,True,True,False,False,False,False,True,True,False,False,False,North Riverdale,2019,-1.0,-1.8369701987210297e-16,0.9749279121818236,-0.22252093395631434,-0.25881904510252157,0.9659258262890681,0,0,0,0,0,1,0,1,0,0,0,0,0,0,0,0,0,0,0,0,0,2,False,True,True,False,False,False,False,False,False,False,False,False,False,False,False,False,True,False,False,False,False,False,False,True,False,False,False,False,Michael Garron Hospital,3061.6509422466625
Collector,Etobicoke York,No Control,Clear,"Dark, artificial",Dry,Non-Fatal Injury,Pedestrian Collisions,True,False,True,False,False,False,False,True,False,True,False,True,False,West Humber-Clairville,2019,-1.0,-1.8369701987210297e-16,-0.9749279121818236,-0.2225209339563146,0.7071067811865476,0.7071067811865476,0,0,0,0,3,1,0,0,0,0,0,0,0,0,0,0,0,0,0,0,0,4,False,True,False,False,False,False,False,False,False,False,False,False,False,False,False,False,False,False,False,False,False,False,False,True,False,False,False,False,William Osler Health System - Etobicoke,3153.1450617241208
Major Arterial,Scarborough,No Control,Clear,Daylight,Dry,Non-Fatal Injury,Pedestrian Collisions,True,False,True,False,False,False,False,False,False,False,False,False,False,Milliken,2019,-1.0,-1.8369701987210297e-16,0.7818314824680298,0.6234898018587336,-1.0,-1.8369701987210297e-16,0,0,0,0,0,0,0,0,0,0,0,0,1,0,0,0,1,0,0,0,0,2,False,True,False,False,False,False,False,False,False,False,False,False,False,False,False,False,True,False,False,False,False,False,False,False,False,False,False,False,Scarborough Health Network - Birchmount,2976.263103032252
Major Arterial,Scarborough,Traffic Signal,Clear,Daylight,Dry,Non-Fatal Injury,Turning Movement,False,False,True,False,False,False,False,True,False,True,False,False,False,Junction-Wallace Emerson,2019,-1.0,-1.8369701987210297e-16,0.43388373911755823,-0.900968867902419,0.49999999999999994,-0.8660254037844387,0,0,0,0,1,0,1,0,0,0,1,0,1,0,0,0,0,0,0,0,0,4,False,True,False,False,False,False,False,False,False,False,False,False,True,False,False,False,True,False,True,False,False,False,False,False,False,False,False,False,Unity Health Toronto - St. Joseph's,4428.894677116652
Major Arterial,North York,No Control,Clear,"Dark, artificial",Dry,Non-Fatal Injury,SMV Other,False,False,True,False,False,False,False,True,False,False,False,False,False,Thorncliffe Park,2019,-1.0,-1.8369701987210297e-16,0.43388373911755823,-0.900968867902419,-0.7071067811865477,0.7071067811865474,0,0,0,0,1,0,0,0,0,0,0,1,0,0,0,0,0,0,0,0,0,2,True,False,False,False,False,False,False,False,False,False,False,False,False,False,False,False,False,False,False,False,False,False,False,True,False,False,False,False,Sunnybrook Health Sciences Centre - Bayview Campus,3104.6868300717324
Minor Arterial,North York,Traffic Signal,Clear,"Dark, artificial",Dry,Non-Fatal Injury,Cyclist Collisions,False,True,True,False,False,False,False,False,False,True,False,False,False,Newtonbrook East,2019,-1.0,-1.8369701987210297e-16,-0.433883739117558,-0.9009688679024191,-0.8660254037844386,0.5000000000000001,0,0,0,0,1,0,0,0,0,0,0,0,1,0,0,0,0,0,0,0,0,2,False,True,False,False,False,False,False,False,False,False,False,False,True,False,False,False,False,False,True,False,False,False,False,False,False,False,False,False,North York General Hospital - General Site,5761.769755152636
Major Arterial,Scarborough,Traffic Signal,Clear,Daylight,Dry,Non-Fatal Injury,Rear End,False,False,True,False,False,False,False,False,False,False,False,False,True,Clairlea-Birchmount,2019,-1.0,-1.8369701987210297e-16,-0.9749279121818236,-0.2225209339563146,1.2246467991473532e-16,-1.0,0,0,0,0,0,0,0,0,0,0,2,0,0,0,1,0,0,0,0,0,0,3,False,True,False,False,False,False,False,False,False,False,False,True,False,False,False,False,True,False,False,False,False,False,False,True,False,False,False,False,Scarborough Health Network - Scarborough General,6712.637156747631
Local,Etobicoke York,No Control,Rain,Dark,Wet,Non-Fatal Injury,SMV Other,False,False,True,False,False,False,False,False,False,False,False,False,False,Markland Wood,2019,-1.0,-1.8369701987210297e-16,-0.7818314824680299,0.6234898018587334,0.7071067811865476,0.7071067811865476,0,0,0,0,1,0,0,0,0,0,0,0,0,0,0,0,0,0,0,0,0,1,False,True,False,False,False,False,False,False,False,False,False,False,False,False,False,False,False,False,False,False,False,False,False,True,False,False,False,False,Trillium Health Partners- Mississauga,10154.694785569212
Minor Arterial,Scarborough,No Control,Rain,"Dark, artificial",Wet,Non-Fatal Injury,SMV Other,False,False,True,False,False,False,False,True,True,True,False,False,False,Highland Creek,2019,-1.0,-1.8369701987210297e-16,-0.7818314824680299,0.6234898018587334,0.7071067811865476,0.7071067811865476,0,0,0,0,0,0,2,0,0,0,0,0,0,0,0,0,0,0,0,0,0,2,False,True,False,False,False,False,False,False,False,False,False,False,False,False,False,False,False,False,False,False,False,False,False,True,False,False,False,False,Scarborough Health Network - Centenary,3404.7711430428317
Major Arterial,Scarborough,No Control,Clear,Daylight,Dry,Non-Fatal Injury,Turning Movement,False,False,False,True,True,False,False,False,False,False,False,False,False,Wexford/Maryvale,2019,-1.0,-1.8369701987210297e-16,-0.7818314824680299,0.6234898018587334,-1.0,-1.8369701987210297e-16,0,0,0,0,0,0,0,0,0,2,0,0,0,0,0,0,0,0,0,0,0,2,False,True,False,False,False,False,False,False,False,False,False,False,True,False,False,False,True,False,False,False,False,False,True,False,False,False,False,False,Scarborough Health Network - Birchmount,4864.746596559649
Major Arterial,North York,Traffic Signal,Clear,"Dark, artificial",Dry,Fatal,Pedestrian Collisions,True,False,True,False,False,False,False,False,False,False,False,False,True,Flemingdon Park,2019,-1.0,-1.8369701987210297e-16,0.0,1.0,1.0,6.123233995736766e-17,0,0,0,0,0,0,0,0,0,0,0,0,1,0,1,0,0,0,0,0,0,2,False,False,False,False,False,False,False,False,False,False,False,False,False,True,False,False,False,False,False,False,False,False,False,True,False,False,False,False,Sunnybrook Health Sciences Centre - Bayview Campus,3287.675830065389
Major Arterial,Etobicoke York,Stop Sign,Clear,Daylight,Dry,Fatal,Pedestrian Collisions,True,False,True,False,False,False,False,False,False,False,False,False,False,Rockcliffe-Smythe,2019,-1.0,-1.8369701987210297e-16,0.0,1.0,0.49999999999999994,-0.8660254037844387,0,0,0,0,0,0,0,0,0,0,1,0,0,1,0,0,1,0,0,0,0,3,False,False,False,False,False,False,False,False,False,False,False,False,True,False,False,False,True,False,False,False,False,False,False,False,False,False,False,False,Unity Health Toronto - St. Joseph's,6119.239510110812
Major Arterial,Scarborough,Traffic Signal,"Fog, Mist, Smoke, Dust","Dark, artificial",Dry,Non-Fatal Injury,Pedestrian Collisions,True,False,True,False,False,False,False,False,False,False,False,False,False,Dorset Park,2019,-1.0,-1.8369701987210297e-16,0.7818314824680298,0.6234898018587336,0.9659258262890683,-0.25881904510252063,0,0,0,0,1,0,0,1,0,0,0,0,0,0,0,0,0,0,0,0,0,2,False,False,False,False,False,False,False,False,False,False,False,False,True,False,False,False,True,False,False,False,False,False,False,False,False,False,False,False,Scarborough Health Network - Scarborough General,4328.394718679832
Major Arterial,Toronto and East York,Traffic Signal,Clear,"Dark, artificial",Dry,Non-Fatal Injury,Pedestrian Collisions,True,False,True,False,False,False,False,False,False,True,False,False,False,Moss Park,2019,-1.0,-1.8369701987210297e-16,0.9749279121818236,-0.22252093395631434,0.7071067811865476,0.7071067811865476,0,0,0,0,0,0,0,0,0,0,0,1,1,0,0,0,0,0,0,0,0,2,False,True,False,False,False,False,False,False,False,False,False,False,False,False,False,False,False,False,True,False,False,False,False,False,False,False,False,False,Unity Health Toronto - St. Michael's,479.71608219179325
Collector,Scarborough,No Control,Rain,"Dark, artificial",Wet,Fatal,Pedestrian Collisions,True,False,True,False,False,False,False,False,False,False,False,False,False,Wexford/Maryvale,2019,-1.0,-1.8369701987210297e-16,0.9749279121818236,-0.22252093395631434,-0.8660254037844386,0.5000000000000001,0,0,0,0,0,1,0,0,0,0,0,1,0,0,0,0,0,0,0,0,0,2,False,True,False,False,False,False,False,False,False,False,False,False,False,False,False,False,True,False,False,False,False,False,False,False,False,False,False,False,Scarborough Health Network - Scarborough General,3929.076656747726
Major Arterial,Scarborough,Traffic Signal,Rain,"Dark, artificial",Wet,Non-Fatal Injury,Pedestrian Collisions,True,False,True,False,False,False,False,True,False,False,False,False,False,Milliken,2019,-1.0,-1.8369701987210297e-16,0.9749279121818236,-0.22252093395631434,-0.8660254037844386,0.5000000000000001,0,1,0,0,0,0,0,1,0,0,0,0,0,0,0,1,0,0,0,0,0,3,False,True,False,False,False,False,False,False,False,False,False,False,False,False,False,False,True,False,False,False,False,False,False,False,False,False,False,False,Scarborough Health Network - Birchmount,4718.633303038776
Minor Arterial,Etobicoke York,Stop Sign,Clear,Dusk,Dry,Non-Fatal Injury,Pedestrian Collisions,True,False,True,False,False,False,False,False,False,True,False,False,False,Casa Loma,2019,-0.8660254037844386,0.5000000000000001,-0.433883739117558,-0.9009688679024191,-1.0,-1.8369701987210297e-16,0,0,0,0,0,1,0,0,0,1,0,0,0,0,0,0,0,0,0,0,0,2,False,True,False,False,False,False,False,False,False,False,False,False,False,False,False,True,False,False,False,False,False,False,False,False,False,False,False,False,University Health Network - Toronto Western,2631.273634618614
Minor Arterial,Toronto and East York,Traffic Signal,Clear,"Dark, artificial",Dry,Non-Fatal Injury,Cyclist Collisions,False,True,True,False,False,False,False,True,False,False,False,False,False,South Riverdale,2019,-0.8660254037844386,0.5000000000000001,-0.433883739117558,-0.9009688679024191,-0.8660254037844386,0.5000000000000001,0,0,0,0,1,0,0,1,1,0,0,0,1,0,0,0,0,0,0,0,0,4,False,True,False,False,False,False,False,False,False,False,False,False,False,False,False,False,True,False,False,False,False,False,False,False,False,False,False,False,Michael Garron Hospital,2999.0214422480203
Major Arterial,Toronto and East York,No Control,Clear,Daylight,Dry,Non-Fatal Injury,SMV Unattended Vehicle,False,False,True,False,False,False,False,False,False,True,False,False,False,Oakwood Village,2019,-0.8660254037844386,0.5000000000000001,-0.7818314824680299,0.6234898018587334,1.0,6.123233995736766e-17,0,0,0,0,0,0,0,0,0,0,0,0,0,0,1,0,0,0,0,0,1,2,False,True,False,False,False,False,True,False,False,False,False,False,False,False,False,False,False,False,False,False,False,False,False,True,False,False,False,False,Unity Health Toronto - St. Joseph's,5686.00177712203
Collector,North York,Stop Sign,Rain,Daylight,Wet,Non-Fatal Injury,Pedestrian Collisions,True,False,True,False,False,False,False,False,False,True,False,False,False,Englemount-Lawrence,2019,-0.8660254037844386,0.5000000000000001,0.0,1.0,0.9659258262890683,-0.25881904510252063,0,0,0,0,0,0,0,0,0,0,0,1,0,1,0,0,0,0,0,0,0,2,False,False,False,False,False,False,False,False,False,False,False,False,True,False,False,False,False,False,True,False,False,False,False,False,False,False,False,False,Sunnybrook Health Sciences Centre - Bayview Campus,5001.562129721278
Minor Arterial,Toronto and East York,No Control,Clear,"Dark, artificial",Wet,Non-Fatal Injury,Cyclist Collisions,False,True,True,False,False,False,False,False,False,True,False,False,False,Harbourfront-CityPlace,2019,-0.8660254037844386,0.5000000000000001,0.9749279121818236,-0.22252093395631434,-1.0,-1.8369701987210297e-16,0,0,0,0,0,0,0,0,1,0,1,0,0,0,0,0,0,0,0,0,0,2,False,True,False,False,False,False,False,False,False,False,False,False,True,False,False,False,False,False,True,False,False,False,False,False,False,False,False,False,University Health Network - Toronto General,1974.0114570764126
Major Arterial,North York,No Control,Clear,"Dawn, artificial",Wet,Non-Fatal Injury,Cyclist Collisions,False,True,True,False,False,False,False,False,False,False,False,False,False,Don Valley Village,2019,-0.8660254037844386,0.5000000000000001,0.43388373911755823,-0.900968867902419,0.9659258262890683,-0.25881904510252063,0,0,0,0,0,0,0,1,0,0,0,0,0,0,0,1,0,0,0,0,0,2,True,True,False,False,False,False,False,False,False,False,False,False,False,False,False,False,True,False,False,False,False,False,False,False,False,False,False,False,North York General Hospital - General Site,2401.0192894021748
Major Arterial,Scarborough,Traffic Signal,Clear,"Dark, artificial",Dry,Non-Fatal Injury,Angle,False,False,True,False,False,False,False,True,False,True,True,False,False,Milliken,2019,-0.8660254037844386,0.5000000000000001,-0.433883739117558,-0.9009688679024191,1.0,6.123233995736766e-17,0,0,0,0,0,0,0,0,0,1,1,2,1,0,0,0,0,0,0,0,0,5,False,True,False,False,False,False,False,False,False,False,False,False,False,False,False,True,True,False,False,False,False,False,False,False,False,False,False,False,Scarborough Health Network - Birchmount,3214.5791030314285
Minor Arterial,Etobicoke York,No Control,Clear,Daylight,Dry,Non-Fatal Injury,Turning Movement,False,False,True,True,False,False,False,True,False,True,False,False,False,Keelesdale-Eglinton West,2019,-0.8660254037844386,0.5000000000000001,-0.7818314824680299,0.6234898018587334,-0.7071067811865471,-0.7071067811865479,0,2,0,0,0,0,0,1,1,1,0,0,0,0,0,0,0,0,0,0,0,5,False,True,False,False,False,False,False,False,False,False,False,False,True,False,False,False,True,False,True,False,False,False,False,False,False,False,False,False,Unity Health Toronto - St. Joseph's,6132.238910105778
Major Arterial,North York,No Control,Clear,Daylight,Dry,Fatal,Angle,False,False,True,False,False,False,False,False,False,True,False,False,False,Yorkdale-Glen Park,2019,-0.8660254037844386,0.5000000000000001,0.9749279121818236,-0.22252093395631434,0.49999999999999994,-0.8660254037844387,0,0,0,0,0,0,0,0,1,0,0,0,0,1,0,0,0,0,0,0,0,2,False,True,False,False,False,False,False,False,False,False,False,False,False,False,False,False,True,False,True,False,False,False,False,False,False,False,False,False,Humber River Health - Wilson,3882.820675461553
Major Arterial,Etobicoke York,Traffic Signal,Snow,Daylight,Wet,Fatal,Pedestrian Collisions,True,False,False,False,True,False,False,False,False,True,False,False,False,Brookhaven-Amesbury,2019,-0.8660254037844386,0.5000000000000001,0.9749279121818236,-0.22252093395631434,0.258819045102521,-0.9659258262890682,0,0,0,0,1,0,0,0,0,0,0,0,1,0,0,0,0,0,0,0,0,2,False,False,False,False,False,False,False,False,False,False,False,False,False,True,False,False,False,False,True,False,False,False,False,False,False,False,False,False,Humber River Health - Wilson,2810.772275469615
Major Arterial,North York,No Control,Clear,Daylight,Dry,Non-Fatal Injury,Pedestrian Collisions,True,False,True,False,False,False,False,False,False,True,False,False,False,Yonge-Bay Corridor,2019,-0.8660254037844386,0.5000000000000001,-0.9749279121818236,-0.2225209339563146,-0.7071067811865471,-0.7071067811865479,0,0,0,0,0,0,0,0,0,0,1,0,0,0,0,0,0,0,0,0,1,2,False,True,False,False,False,False,False,False,False,False,False,False,False,False,False,False,False,False,True,False,False,False,False,False,False,False,False,False,Unity Health Toronto - St. Michael's,500.96635282074567
Major Arterial,Etobicoke York,No Control,Rain,"Dark, artificial",Wet,Non-Fatal Injury,Pedestrian Collisions,True,False,True,False,False,False,False,True,False,False,False,False,False,Milliken,2019,-0.8660254037844386,0.5000000000000001,0.0,1.0,-1.0,-1.8369701987210297e-16,1,1,0,0,0,0,0,1,0,1,0,0,0,0,0,0,0,0,0,0,1,5,False,True,False,False,False,False,False,False,False,False,False,False,False,False,False,False,True,False,False,False,False,False,False,False,True,False,False,False,Scarborough Health Network - Birchmount,3390.0040030363016
Major Arterial,Scarborough,No Control,Clear,Daylight,Dry,Non-Fatal Injury,Turning Movement,False,False,True,False,False,False,False,False,False,True,False,False,False,Wexford/Maryvale,2019,-0.8660254037844386,0.5000000000000001,0.9749279121818236,-0.22252093395631434,0.49999999999999994,-0.8660254037844387,0,0,0,0,1,0,0,0,0,0,0,0,0,0,0,0,1,0,0,0,0,2,False,True,False,False,False,False,False,False,False,False,False,False,True,False,False,False,True,False,True,False,False,False,False,False,False,False,False,False,Scarborough Health Network - Scarborough General,4690.74805675901
Major Arterial,Scarborough,Traffic Signal,Clear,Daylight,Wet,Fatal,Cyclist Collisions,False,True,True,False,False,False,False,False,False,False,False,False,False,Agincourt North,2019,-0.8660254037844386,0.5000000000000001,0.43388373911755823,-0.900968867902419,-0.4999999999999997,-0.8660254037844388,0,0,0,0,0,0,0,0,0,0,0,0,0,1,0,0,1,0,0,0,0,2,False,False,False,False,False,False,False,False,False,False,False,False,False,True,False,False,True,False,False,False,False,False,False,False,False,False,False,False,Scarborough Health Network - Birchmount,4257.025503041688
Major Arterial,Etobicoke York,No Control,Rain,"Dark, artificial",Wet,Non-Fatal Injury,Pedestrian Collisions,True,False,True,False,False,False,False,False,False,True,False,False,False,Mount Dennis,2019,-0.8660254037844386,0.5000000000000001,0.43388373911755823,-0.900968867902419,-1.0,-1.8369701987210297e-16,0,0,0,1,0,0,0,1,0,0,0,0,0,0,0,0,0,0,0,0,0,2,False,False,False,False,False,False,False,False,False,False,False,False,True,False,False,False,False,False,True,False,False,False,False,False,False,False,False,False,Humber River Health - Wilson,4294.4718754586065
Major Arterial,North York,No Control,Clear,Daylight,Dry,Fatal,Pedestrian Collisions,True,False,True,False,False,False,False,False,False,False,False,False,False,Lawrence Park South,2019,-0.8660254037844386,0.5000000000000001,-0.433883739117558,-0.9009688679024191,-0.4999999999999997,-0.8660254037844388,0,0,0,0,0,0,0,0,0,0,1,0,0,0,0,0,0,0,1,0,0,2,False,True,False,False,False,False,False,False,False,False,False,False,False,False,False,False,True,False,False,False,False,False,False,False,False,False,False,False,Sunnybrook Health Sciences Centre - Bayview Campus,2895.687069929787
Major Arterial,North York,Traffic Signal,Clear,Dark,Dry,Non-Fatal Injury,Pedestrian Collisions,True,False,True,False,False,False,False,False,False,False,False,False,False,Black Creek,2019,-0.8660254037844386,0.5000000000000001,-0.433883739117558,-0.9009688679024191,-0.5000000000000004,0.8660254037844384,0,0,0,0,0,0,0,1,0,0,0,0,0,1,0,0,0,0,0,0,0,2,False,True,False,False,False,False,False,False,False,False,False,False,False,False,False,False,False,False,False,False,False,False,False,False,True,False,False,False,Humber River Health - Wilson,8197.091024532449
Minor Arterial,Scarborough,Traffic Signal,Clear,"Dark, artificial",Dry,Non-Fatal Injury,Pedestrian Collisions,True,False,True,False,False,False,False,False,False,True,False,False,False,Wexford/Maryvale,2019,-0.8660254037844386,0.5000000000000001,-0.433883739117558,-0.9009688679024191,-0.5000000000000004,0.8660254037844384,0,0,0,0,0,0,0,1,0,0,0,0,0,0,0,0,0,0,0,0,1,2,False,False,False,False,False,False,False,False,False,False,False,False,True,False,False,False,False,False,True,False,False,False,False,False,False,False,False,False,Scarborough Health Network - Scarborough General,6406.257856746786
Major Arterial,Toronto and East York,Traffic Signal,Clear,"Dark, artificial",Dry,Fatal,Pedestrian Collisions,True,False,True,False,False,False,False,False,False,False,False,False,False,Wychwood,2019,-0.8660254037844386,0.5000000000000001,-0.433883739117558,-0.9009688679024191,-0.25881904510252157,0.9659258262890681,0,0,0,0,0,0,0,0,0,0,0,0,0,0,0,0,1,0,0,0,1,2,False,True,False,False,False,False,False,False,False,False,False,False,False,False,False,False,True,False,False,False,False,False,False,False,False,False,False,False,University Health Network - Toronto Western,4725.450934615685
Major Arterial,Scarborough,No Control,Clear,Daylight,Dry,Non-Fatal Injury,Turning Movement,False,False,True,True,False,False,False,True,False,True,False,False,False,Dorset Park,2019,-0.8660254037844386,0.5000000000000001,-0.9749279121818236,-0.2225209339563146,-0.2588190451025208,-0.9659258262890683,0,0,0,0,1,1,0,0,0,0,0,0,0,1,0,0,0,0,0,0,0,3,False,True,False,False,False,False,False,False,False,False,False,False,True,False,False,False,True,False,True,False,False,False,False,False,False,False,False,False,Scarborough Health Network - Scarborough General,3186.443818671978
Major Arterial,Etobicoke York,No Control,Clear,Dusk,Dry,Non-Fatal Injury,Cyclist Collisions,False,True,True,False,False,False,False,False,False,True,False,False,False,Oakdale-Beverley Heights,2019,-0.8660254037844386,0.5000000000000001,-0.9749279121818236,-0.2225209339563146,-0.9659258262890683,-0.25881904510252063,0,0,0,0,0,0,1,0,0,0,0,0,0,0,0,0,0,0,0,0,1,2,False,True,False,False,False,False,False,False,False,False,False,False,False,True,False,False,False,False,True,False,False,False,False,False,False,False,False,False,Humber River Health - Wilson,3560.029556173482
Major Arterial,Scarborough,No Control,Clear,"Dark, artificial",Dry,Non-Fatal Injury,Rear End,False,False,True,False,False,False,False,False,True,True,False,False,False,Cliffcrest,2019,-0.8660254037844386,0.5000000000000001,-0.7818314824680299,0.6234898018587334,0.7071067811865476,0.7071067811865476,0,0,0,0,0,0,0,1,0,1,0,0,0,0,0,0,0,0,0,0,0,2,False,True,False,False,False,False,False,False,False,False,False,False,False,False,False,False,True,False,False,False,False,False,False,False,False,True,False,False,Scarborough Health Network - Scarborough General,4525.581081320415
Major Arterial,North York,Traffic Signal,Clear,Daylight,Dry,Fatal,Turning Movement,False,False,True,False,False,False,False,True,False,True,False,False,False,Banbury-Don Mills,2019,-0.8660254037844386,0.5000000000000001,0.0,1.0,1.2246467991473532e-16,-1.0,0,0,0,4,0,0,0,0,1,0,0,0,0,0,0,0,0,0,0,0,0,5,False,True,False,False,False,False,False,False,False,False,False,False,True,False,False,False,True,False,True,False,False,False,False,False,False,False,False,False,Sunnybrook Health Sciences Centre - Bayview Campus,3797.5818702749675
Minor Arterial,Toronto and East York,Traffic Signal,Clear,Daylight,Dry,Non-Fatal Injury,Cyclist Collisions,False,True,True,False,False,False,False,False,False,False,False,False,False,Harbourfront-CityPlace,2019,-0.8660254037844386,0.5000000000000001,0.0,1.0,-0.8660254037844385,-0.5000000000000004,0,0,0,0,0,1,0,0,0,1,0,0,0,0,0,0,0,0,0,0,0,2,False,True,False,False,False,False,False,False,False,False,False,False,False,False,False,False,True,False,False,False,False,False,False,False,False,False,False,False,Unity Health Toronto - St. Michael's,2381.1345528188394
Major Arterial,Etobicoke York,No Control,Clear,Dark,Dry,Fatal,Pedestrian Collisions,True,False,False,False,False,False,False,False,False,False,False,False,False,Humber Summit,2019,-0.8660254037844386,0.5000000000000001,0.43388373911755823,-0.900968867902419,1.0,6.123233995736766e-17,0,0,0,0,0,0,0,0,0,0,0,0,0,0,0,1,0,0,0,0,1,2,False,True,False,False,False,False,False,False,False,False,False,False,False,False,False,False,False,False,False,False,False,False,False,False,True,False,False,False,William Osler Health System - Etobicoke,4618.139084084658
Major Arterial,Toronto and East York,Traffic Signal,Clear,Daylight,Dry,Non-Fatal Injury,Pedestrian Collisions,True,False,False,False,True,False,False,False,False,True,False,False,False,Downtown Yonge East,2019,-0.8660254037844386,0.5000000000000001,0.43388373911755823,-0.900968867902419,-0.7071067811865471,-0.7071067811865479,0,0,0,0,0,0,0,0,0,0,0,1,0,1,0,0,0,0,0,0,0,2,False,False,False,False,False,False,False,False,False,False,False,False,False,True,False,False,False,False,True,False,False,False,False,False,False,False,False,False,University Health Network - Toronto General,457.383059281623