ROAD_CLASS,DISTRICT,TRAFFCTL,VISIBILITY,LIGHT,RDSFCOND,ACCLASS,IMPACTYPE,PEDESTRIAN,CYCLIST,AUTOMOBILE,MOTORCYCLE,TRUCK,TRSN_CITY_VEH,EMERG_VEH,PASSENGER,SPEEDING,AG_DRIV,REDLIGHT,ALCOHOL,DISABILITY,NEIGHBOURHOOD_158,YEAR,MONTH_sin,MONTH_cos,DOW_sin,DOW_cos,HOUR_sin,HOUR_cos,INVAGE_00to04,INVAGE_05to09,INVAGE_10to14,INVAGE_15to19,INVAGE_20to24,INVAGE_25to29,INVAGE_30to34,INVAGE_35to39,INVAGE_40to44,INVAGE_45to49,INVAGE_50to54,INVAGE_55to59,INVAGE_60to64,INVAGE_65to69,INVAGE_70to74,INVAGE_75to79,INVAGE_80to84,INVAGE_85to89,INVAGE_90to94,INVAGE_Over95,INVAGE_unknown,NUMPERSONS,MANOEUVER_ChangingLanes,MANOEUVER_GoingAhead,MANOEUVER_MakingUTurn,MANOEUVER_Merging,MANOEUVER_Other,MANOEUVER_Overtaking,MANOEUVER_Parked,MANOEUVER_PullingAwayfromShoulderorCurb,MANOEUVER_PullingOntoShoulderortowardCurb,MANOEUVER_Reversing,MANOEUVER_SlowingorStopping,MANOEUVER_Stopped,MANOEUVER_TurningLeft,MANOEUVER_TurningRight,MANOEUVER_Unknown,DRIVACT_DisobeyedTrafficControl,DRIVACT_DrivingProperly,DRIVACT_ExceedingSpeedLimit,DRIVACT_FailedtoYieldRightofWay,DRIVACT_FollowingtooClose,DRIVACT_ImproperLaneChange,DRIVACT_ImproperPassing,DRIVACT_ImproperTurn,DRIVACT_Lostcontrol,DRIVACT_Other,DRIVACT_SpeedtooFastForCondition,DRIVACT_SpeedtooSlow,DRIVACT_WrongWayonOneWayRoad,NEAREST_HOSPITAL,DIST_TO_HOS
Minor Arterial,North York,Traffic Signal,Clear,"Dark, artificial",Dry,Non-Fatal Injury,Pedestrian Collisions,True,False,False,False,False,False,False,False,False,False,False,False,False,York University Heights,2022,-0.8660254037844386,0.5000000000000001,-0.9749279121818236,-0.2225209339563146,-0.8660254037844386,0.5000000000000001,0,0,0,1,0,0,0,0,0,0,0,0,0,0,0,0,0,0,0,0,1,2,False,False,False,False,False,False,False,False,False,False,False,False,False,False,True,False,False,False,False,False,False,False,False,False,True,False,False,False,Humber River Health - Wilson,7046.174024542328
Minor Arterial,Etobicoke York,No Control,Clear,Daylight,Dry,Non-Fatal Injury,SMV Other,False,False,True,False,False,False,False,False,True,True,False,False,False,Stonegate-Queensway,2022,-0.8660254037844386,0.5000000000000001,-0.7818314824680299,0.6234898018587334,-0.9659258262890683,-0.25881904510252063,0,0,0,0,0,0,0,0,0,0,0,0,0,1,0,0,0,0,0,0,0,1,False,True,False,False,False,False,False,False,False,False,False,False,False,False,False,False,False,False,False,False,False,False,False,True,False,False,False,False,Unity Health Toronto - St. Joseph's,4828.1426228842465
Collector,Toronto and East York,Stop Sign,Clear,"Dusk, artificial",Dry,Non-Fatal Injury,Cyclist Collisions,False,True,True,False,False,False,False,False,False,True,False,False,False,Roncesvalles,2022,-0.8660254037844386,0.5000000000000001,-0.7818314824680299,0.6234898018587334,-0.9659258262890684,0.2588190451025203,0,0,0,0,0,1,0,0,0,0,0,0,0,1,0,0,0,0,0,0,0,2,False,True,False,False,False,False,False,False,False,False,False,False,False,False,False,False,False,False,True,False,False,False,False,False,False,False,False,False,Unity Health Toronto - St. Joseph's,1065.0568771163234
Minor Arterial,Etobicoke York,No Control,Clear,"Dusk, artificial",Wet,Non-Fatal Injury,Pedestrian Collisions,True,False,True,False,False,False,False,False,False,False,False,False,False,Mount Olive-Silverstone-Jamestown,2022,-0.8660254037844386,0.5000000000000001,0.7818314824680298,0.6234898018587336,-0.9659258262890683,-0.25881904510252063,0,0,0,0,0,0,1,0,0,0,0,0,0,0,0,0,1,0,0,0,0,2,False,True,False,False,False,False,False,False,False,False,False,False,False,False,False,False,True,False,False,False,False,False,False,False,False,False,False,False,William Osler Health System - Etobicoke,1872.6768840823788
Major Arterial,Toronto and East York,No Control,Rain,Dusk,Wet,Fatal,Rear End,False,False,True,False,False,False,False,False,False,False,False,False,True,Old East York,2022,-0.8660254037844386,0.5000000000000001,0.7818314824680298,0.6234898018587336,-1.0,-1.8369701987210297e-16,0,0,0,0,0,0,0,0,0,1,0,0,0,0,0,1,0,0,0,0,0,2,False,True,False,False,False,False,False,False,False,False,False,True,False,False,False,False,True,False,False,False,False,False,False,True,False,False,False,False,Michael Garron Hospital,2203.106991264154
Minor Arterial,North York,Traffic Signal,Snow,"Dark, artificial",Wet,Non-Fatal Injury,Pedestrian Collisions,True,False,True,False,False,False,False,False,False,True,False,False,False,Clanton Park,2022,-0.8660254037844386,0.5000000000000001,0.7818314824680298,0.6234898018587336,-0.7071067811865477,0.7071067811865474,0,0,0,0,0,1,0,0,0,0,1,0,0,0,0,0,0,0,0,0,0,2,False,False,False,False,False,False,False,False,False,False,False,False,True,False,False,False,False,False,True,False,False,False,False,False,False,False,False,False,Humber River Health - Wilson,5523.303443817073
Minor Arterial,Toronto and East York,No Control,Clear,Daylight,Dry,Non-Fatal Injury,Approaching,False,False,True,False,False,False,False,True,False,True,False,False,True,Weston-Pelham Park,2022,-0.8660254037844386,0.5000000000000001,0.43388373911755823,-0.900968867902419,-0.9659258262890683,-0.25881904510252063,0,0,1,0,0,0,0,0,2,0,0,0,0,1,0,0,0,0,0,0,0,4,False,True,False,False,False,False,False,False,False,False,True,False,False,False,False,False,True,False,False,False,False,False,False,True,False,False,False,False,Unity Health Toronto - St. Joseph's,5414.593710104935
Major Arterial,Etobicoke York,Traffic Signal,Clear,Daylight,Dry,Non-Fatal Injury,Turning Movement,False,False,True,False,False,False,False,True,True,True,False,False,False,Rexdale-Kipling,2022,-0.8660254037844386,0.5000000000000001,0.0,1.0,-0.4999999999999997,-0.8660254037844388,0,0,0,0,0,0,1,1,0,0,0,0,1,0,1,0,0,0,0,0,0,4,False,True,False,False,False,False,False,False,False,False,False,False,True,False,False,False,True,False,False,False,False,False,False,True,False,False,False,False,William Osler Health System - Etobicoke,4252.754138267366
Major Arterial,Scarborough,No Control,Clear,Daylight,Dry,Non-Fatal Injury,Cyclist Collisions,False,True,True,False,False,False,False,False,False,True,False,False,False,West Rouge,2022,-0.8660254037844386,0.5000000000000001,0.0,1.0,-0.8660254037844385,-0.5000000000000004,0,0,0,0,0,0,0,0,0,0,0,1,0,0,1,0,0,0,0,0,0,2,False,True,False,False,False,False,False,False,False,False,False,False,False,False,False,False,False,False,False,False,False,True,False,False,False,False,False,False,Scarborough Health Network - Centenary,7992.458643031889
Major Arterial,North York,Traffic Signal,Clear,"Dark, artificial",Dry,Non-Fatal Injury,Rear End,False,False,True,False,False,False,False,True,False,False,False,False,False,Glenfield-Jane Heights,2022,-0.8660254037844386,0.5000000000000001,0.0,1.0,-1.0,-1.8369701987210297e-16,0,0,0,0,0,1,0,0,1,0,0,1,0,1,0,0,0,0,0,0,0,4,False,True,False,False,False,False,False,False,False,False,True,False,False,False,False,False,True,False,False,False,False,False,False,False,True,False,False,False,Humber River Health - Wilson,3690.0631245309487
Major Arterial,Scarborough,Traffic Signal,Clear,Daylight,Dry,Fatal,Cyclist Collisions,False,True,True,False,False,False,False,False,False,True,False,False,False,Rosedale-Moore Park,2022,-0.8660254037844386,0.5000000000000001,0.9749279121818236,-0.22252093395631434,-0.8660254037844385,-0.5000000000000004,0,0,0,0,1,0,0,0,0,0,0,0,1,0,0,0,0,0,0,0,0,2,False,False,False,False,False,False,False,False,False,False,False,False,False,True,False,False,False,False,True,False,False,False,False,False,False,False,False,False,University Health Network - Toronto General,3775.076240713359
Major Arterial,Toronto and East York,No Control,Clear,Daylight,Dry,Non-Fatal Injury,Pedestrian Collisions,True,False,True,False,False,False,False,False,False,False,False,False,False,Little Portugal,2022,-0.8660254037844386,0.5000000000000001,-0.433883739117558,-0.9009688679024191,-0.2588190451025208,-0.9659258262890683,0,0,0,0,1,0,0,0,0,0,0,0,0,0,0,0,0,1,0,0,0,2,False,True,False,False,False,False,False,False,False,False,False,False,False,False,False,False,True,False,False,False,False,False,False,False,False,False,False,False,University Health Network - Toronto Western,2452.938197031617
Major Arterial,Toronto and East York,No Control,Clear,"Dark, artificial",Dry,Non-Fatal Injury,Sideswipe,False,False,True,False,False,False,False,True,False,False,False,False,False,Danforth East York,2022,-0.8660254037844386,0.5000000000000001,-0.433883739117558,-0.9009688679024191,-0.25881904510252157,0.9659258262890681,0,0,0,1,0,2,1,0,0,0,0,0,0,0,0,0,0,0,0,0,0,4,True,True,False,False,False,False,False,False,False,False,False,False,False,False,False,False,True,False,False,False,True,False,False,False,False,False,False,False,Michael Garron Hospital,2365.6325422461377
Major Arterial,Scarborough,Traffic Signal,Clear,Daylight,Dry,Non-Fatal Injury,Turning Movement,False,False,True,False,False,False,False,True,False,True,True,False,False,Centennial Scarborough,2022,-0.8660254037844386,0.5000000000000001,-0.9749279121818236,-0.2225209339563146,1.2246467991473532e-16,-1.0,0,0,0,0,1,0,0,1,0,1,0,0,0,1,0,0,0,0,0,0,0,4,False,True,False,False,False,False,False,False,False,False,False,False,True,False,False,True,True,False,False,False,False,False,False,False,False,False,False,False,Scarborough Health Network - Centenary,5800.194743041997
Major Arterial,Etobicoke York,No Control,Clear,Daylight,Dry,Non-Fatal Injury,Pedestrian Collisions,True,False,True,False,False,False,False,False,False,False,False,False,False,Long Branch,2022,-0.8660254037844386,0.5000000000000001,-0.9749279121818236,-0.2225209339563146,-0.2588190451025208,-0.9659258262890683,0,0,0,0,0,0,0,0,0,0,0,0,0,0,0,1,0,1,0,0,0,2,False,False,False,False,False,False,False,False,False,True,False,False,False,False,False,False,False,False,False,False,False,False,False,False,False,False,False,False,Trillium Health Partners- Mississauga,8527.676285558613
Major Arterial,Scarborough,Traffic Signal,Clear,Daylight,Dry,Non-Fatal Injury,Turning Movement,False,False,True,False,False,False,False,False,False,True,False,False,False,Scarborough Village,2022,-0.8660254037844386,0.5000000000000001,-0.9749279121818236,-0.2225209339563146,-0.8660254037844385,-0.5000000000000004,0,0,0,0,1,0,0,0,0,0,0,1,0,0,0,0,0,0,0,0,0,2,False,True,False,False,False,False,False,False,False,False,False,False,True,False,False,False,True,False,True,False,False,False,False,False,False,False,False,False,Scarborough Health Network - Scarborough General,4292.203481326695
Major Arterial,Toronto and East York,Traffic Signal,Rain,"Dark, artificial",Wet,Non-Fatal Injury,Pedestrian Collisions,True,False,True,False,False,False,False,False,False,True,False,False,False,Harbourfront-CityPlace,2022,-0.8660254037844386,0.5000000000000001,-0.7818314824680299,0.6234898018587334,-1.0,-1.8369701987210297e-16,0,0,0,0,1,0,0,1,0,0,0,0,0,0,0,0,0,0,0,0,0,2,False,False,False,False,False,False,False,False,False,False,False,False,True,False,False,False,False,False,True,False,False,False,False,False,False,False,False,False,University Health Network - Toronto Western,2114.6103653870523
Major Arterial,Etobicoke York,No Control,Rain,"Dark, artificial",Wet,Non-Fatal Injury,Pedestrian Collisions,True,False,True,False,False,False,False,False,False,False,False,False,False,Thistletown-Beaumond Heights,2022,-0.8660254037844386,0.5000000000000001,-0.7818314824680299,0.6234898018587334,-0.8660254037844386,0.5000000000000001,0,0,0,0,0,0,0,0,1,1,0,0,0,0,0,0,0,0,0,0,0,2,False,True,False,False,False,False,False,False,False,False,False,False,False,False,False,False,True,False,False,False,False,False,False,False,False,False,False,False,William Osler Health System - Etobicoke,3256.0646840977715
Local,Scarborough,No Control,Clear,Daylight,Dry,Non-Fatal Injury,Pedestrian Collisions,True,False,True,False,False,False,False,False,False,False,False,False,False,Kennedy Park,2022,-0.8660254037844386,0.5000000000000001,0.0,1.0,0.7071067811865476,-0.7071067811865475,0,0,1,0,0,0,0,1,0,0,0,0,0,0,0,0,0,0,0,0,0,2,False,True,False,False,False,False,False,False,False,False,False,False,False,False,False,False,True,False,False,False,False,False,False,False,False,False,False,False,Scarborough Health Network - Scarborough General,4545.287056753994
Minor Arterial,Toronto and East York,Traffic Signal,Clear,Dark,Dry,Non-Fatal Injury,Cyclist Collisions,False,True,True,False,False,False,False,False,False,True,True,False,False,Harbourfront-CityPlace,2022,-0.5000000000000004,0.8660254037844384,0.43388373911755823,-0.900968867902419,-0.5000000000000004,0.8660254037844384,0,0,0,0,1,0,0,0,0,0,0,0,0,0,0,0,0,0,0,0,1,2,False,True,False,False,False,False,False,False,False,False,False,False,False,False,False,True,False,False,False,False,False,False,False,False,False,False,False,False,University Health Network - Toronto General,2105.623857073253
Collector,Etobicoke York,No Control,Clear,"Dark, artificial",Dry,Non-Fatal Injury,SMV Other,False,False,True,False,False,False,False,False,True,True,False,False,False,Humber Summit,2022,-0.5000000000000004,0.8660254037844384,-0.433883739117558,-0.9009688679024191,0.49999999999999994,0.8660254037844387,0,0,0,0,0,1,0,0,0,0,0,0,0,0,0,0,0,0,0,0,0,1,False,True,False,False,False,False,False,False,False,False,False,False,False,False,False,False,False,False,False,False,False,False,False,False,False,True,False,False,William Osler Health System - Etobicoke,6330.421084094327
Collector,Scarborough,Stop Sign,Clear,Daylight,Dry,Non-Fatal Injury,SMV Other,False,False,True,False,False,False,False,True,False,False,False,False,False,Agincourt North,2022,-0.5000000000000004,0.8660254037844384,-0.433883739117558,-0.9009688679024191,-0.2588190451025208,-0.9659258262890683,0,1,0,0,0,0,0,0,1,0,0,0,0,0,0,0,0,0,0,0,0,2,False,True,False,False,False,False,False,False,False,False,False,False,False,False,False,False,False,False,False,False,False,False,False,True,False,False,False,False,Scarborough Health Network - Birchmount,3076.0961030335166
Major Arterial,Scarborough,No Control,Clear,Daylight,Wet,Non-Fatal Injury,Rear End,False,False,True,False,False,True,False,True,False,True,False,False,False,Kennedy Park,2022,-0.5000000000000004,0.8660254037844384,-0.9749279121818236,-0.2225209339563146,1.2246467991473532e-16,-1.0,0,0,0,0,0,2,0,1,0,0,1,0,0,0,0,0,0,0,0,0,0,4,False,False,False,False,False,False,False,False,False,False,True,True,False,False,False,False,True,False,False,True,False,False,False,False,False,False,False,False,Scarborough Health Network - Scarborough General,2521.916356753325
Local,Toronto and East York,Stop Sign,Clear,Daylight,Dry,Non-Fatal Injury,Turning Movement,False,False,True,True,False,False,False,True,False,True,False,False,False,South Eglinton-Davisville,2022,-0.5000000000000004,0.8660254037844384,-0.7818314824680299,0.6234898018587334,-0.8660254037844385,-0.5000000000000004,0,0,0,0,0,0,0,1,1,1,0,0,0,0,0,0,0,0,0,0,0,3,False,True,False,False,False,False,False,False,False,False,False,False,True,False,False,False,True,False,True,False,False,False,False,False,False,False,False,False,Sunnybrook Health Sciences Centre - Bayview Campus,3738.887429719791
Local,Scarborough,No Control,Clear,Daylight,Dry,Non-Fatal Injury,Pedestrian Collisions,True,False,True,False,False,False,False,True,False,False,False,False,False,Wexford/Maryvale,2022,-0.5000000000000004,0.8660254037844384,0.0,1.0,-0.7071067811865471,-0.7071067811865479,0,0,2,0,0,0,0,0,1,0,0,0,0,0,0,0,0,0,0,0,0,3,False,True,False,False,False,False,False,False,False,False,False,False,False,False,False,False,True,False,False,False,False,False,False,False,False,False,False,False,Scarborough Health Network - Scarborough General,6614.936156757292
Major Arterial,North York,No Control,Clear,"Dark, artificial",Dry,Non-Fatal Injury,Pedestrian Collisions,True,False,True,False,False,False,False,False,False,False,False,False,False,Victoria Village,2022,-0.5000000000000004,0.8660254037844384,0.0,1.0,-0.8660254037844386,0.5000000000000001,0,0,0,0,1,0,0,0,0,0,0,1,1,0,0,0,0,0,0,0,0,3,False,True,False,False,False,False,False,False,False,False,False,False,False,False,False,False,True,False,False,False,False,False,False,False,False,False,False,False,Michael Garron Hospital,6280.09755774925
Local,North York,Stop Sign,Clear,"Dark, artificial",Dry,Non-Fatal Injury,SMV Other,False,False,True,False,False,False,False,False,True,True,False,True,False,Bathurst Manor,2022,-0.5000000000000004,0.8660254037844384,0.9749279121818236,-0.22252093395631434,1.0,6.123233995736766e-17,0,0,0,0,0,0,1,0,0,0,0,0,0,0,0,0,0,0,0,0,0,1,False,True,False,False,False,False,False,False,False,False,False,False,False,False,False,False,False,False,False,False,False,False,False,True,False,False,False,False,Humber River Health - Wilson,6014.1026438166155
Major Arterial,Etobicoke York,No Control,Clear,Daylight,Dry,Non-Fatal Injury,Pedestrian Collisions,True,False,True,False,False,False,False,False,False,False,False,False,False,Glenfield-Jane Heights,2022,-0.5000000000000004,0.8660254037844384,-0.433883739117558,-0.9009688679024191,-0.9659258262890683,-0.25881904510252063,0,0,0,0,0,0,0,0,1,0,0,1,0,0,0,0,0,0,0,0,0,2,False,True,False,False,False,False,False,False,False,False,False,False,False,False,False,False,False,False,False,False,False,False,False,False,True,False,False,False,Humber River Health - Wilson,5637.7373245279305
Major Arterial,Scarborough,No Control,Clear,"Dark, artificial",Dry,Non-Fatal Injury,Sideswipe,False,False,True,False,False,False,False,False,False,False,False,False,False,Woburn North,2022,-0.5000000000000004,0.8660254037844384,-0.433883739117558,-0.9009688679024191,-0.7071067811865477,0.7071067811865474,0,0,0,1,0,0,0,0,0,0,0,0,0,0,0,1,0,0,0,0,0,2,False,True,False,False,False,False,False,False,False,False,False,False,False,False,True,False,True,False,False,False,True,False,False,False,False,False,False,False,Scarborough Health Network - Scarborough General,2293.2611186788417
Major Arterial,Toronto and East York,Traffic Signal,Clear,Daylight,Dry,Fatal,Pedestrian Collisions,True,False,True,False,False,False,False,False,False,True,False,False,False,Kensington-Chinatown,2022,-0.5000000000000004,0.8660254037844384,0.0,1.0,0.258819045102521,-0.9659258262890682,0,0,0,0,0,0,0,0,0,0,0,1,0,0,1,0,0,0,0,0,0,2,False,False,False,False,False,False,False,False,False,False,False,False,False,True,False,False,False,False,True,False,False,False,False,False,False,False,False,False,University Health Network - Toronto Western,719.2820653744275
Major Arterial,Etobicoke York,Traffic Signal,Clear,Daylight,Dry,Fatal,Turning Movement,False,False,True,False,True,False,False,True,False,False,False,False,False,Mount Olive-Silverstone-Jamestown,2022,-0.5000000000000004,0.8660254037844384,0.7818314824680298,0.6234898018587336,0.7071067811865476,-0.7071067811865475,1,0,0,0,0,0,1,0,0,0,0,0,1,0,0,0,1,0,0,0,0,4,False,True,False,False,False,False,False,False,False,False,False,False,False,True,False,False,True,False,False,False,False,False,True,False,False,False,False,False,William Osler Health System - Etobicoke,4082.4221840925748
Major Arterial,Toronto and East York,Traffic Signal,Clear,"Dark, artificial",Dry,Non-Fatal Injury,Turning Movement,False,False,True,False,False,False,False,False,True,True,False,False,False,Yonge-St.Clair,2022,-0.5000000000000004,0.8660254037844384,0.7818314824680298,0.6234898018587336,-0.25881904510252157,0.9659258262890681,0,0,0,0,0,0,0,1,1,0,0,0,0,0,0,0,0,0,0,0,0,2,False,True,False,False,False,False,False,False,False,False,False,False,True,False,False,False,True,False,False,False,False,False,False,True,False,False,False,False,University Health Network - Toronto Western,4341.200402962626
Collector,Toronto and East York,No Control,Freezing Rain,Daylight,Wet,Non-Fatal Injury,Pedestrian Collisions,True,False,True,False,False,False,False,False,True,True,False,False,False,Cabbagetown-South St.James Town,2022,-0.5000000000000004,0.8660254037844384,0.43388373911755823,-0.900968867902419,1.2246467991473532e-16,-1.0,0,0,0,0,0,0,0,0,0,0,0,0,1,0,0,0,0,0,0,0,1,2,False,False,False,False,False,False,False,False,False,False,False,False,True,False,False,False,False,False,False,False,False,False,True,False,False,False,False,False,Unity Health Toronto - St. Michael's,1446.835647171829
Major Arterial,Toronto and East York,Traffic Signal,Freezing Rain,"Dark, artificial",Slush,Non-Fatal Injury,Pedestrian Collisions,True,False,True,False,False,False,False,False,False,True,False,False,False,West Queen West,2022,-0.5000000000000004,0.8660254037844384,0.43388373911755823,-0.900968867902419,-0.9659258262890683,-0.25881904510252063,0,0,0,0,0,1,0,0,0,0,0,0,0,1,0,0,0,0,0,0,0,2,False,False,False,False,False,False,False,False,False,False,False,False,False,True,False,False,False,False,True,False,False,False,False,False,False,False,False,False,University Health Network - Toronto Western,2010.7977970303036
Major Arterial,Etobicoke York,No Control,Snow,Dark,Loose Snow,Non-Fatal Injury,Pedestrian Collisions,True,False,True,False,False,False,False,False,False,False,False,False,False,West Humber-Clairville,2022,-0.5000000000000004,0.8660254037844384,0.43388373911755823,-0.900968867902419,-0.9659258262890684,0.2588190451025203,0,0,0,0,0,1,0,0,1,0,1,0,0,0,0,0,0,0,0,0,0,3,False,True,False,False,False,False,False,False,False,False,False,False,False,False,False,False,True,False,False,False,False,False,False,False,False,False,False,False,William Osler Health System - Etobicoke,5241.37883827521
Major Arterial,Toronto and East York,Traffic Signal,Clear,"Dark, artificial",Dry,Non-Fatal Injury,Cyclist Collisions,False,True,True,False,False,False,False,True,False,False,False,False,False,St Lawrence-East Bayfront-The Islands,2022,-0.5000000000000004,0.8660254037844384,-0.7818314824680299,0.6234898018587334,-0.5000000000000004,0.8660254037844384,0,0,0,0,1,2,0,0,1,0,0,0,0,0,0,0,0,0,0,0,0,4,False,True,False,False,False,False,False,False,False,False,False,False,False,False,False,False,True,False,False,False,False,False,False,False,False,False,False,False,Unity Health Toronto - St. Michael's,1523.6842821966857
Local,Scarborough,Traffic Signal,Clear,Daylight,Dry,Non-Fatal Injury,Turning Movement,False,False,True,False,False,False,False,True,False,True,True,False,True,Highland Creek,2022,-0.5000000000000004,0.8660254037844384,0.0,1.0,0.258819045102521,-0.9659258262890682,1,0,0,0,0,0,0,0,0,0,0,0,0,1,0,0,0,1,0,0,0,3,False,True,False,False,False,False,False,False,False,False,False,False,True,False,False,True,True,False,False,False,False,False,False,False,False,False,False,False,Scarborough Health Network - Centenary,1963.1358430401888
Major Arterial,Etobicoke York,No Control,Clear,Daylight,Dry,Non-Fatal Injury,Sideswipe,False,False,True,False,False,False,False,True,False,True,False,False,False,West Humber-Clairville,2022,-0.5000000000000004,0.8660254037844384,0.7818314824680298,0.6234898018587336,1.2246467991473532e-16,-1.0,0,0,0,0,3,0,0,0,0,0,0,0,0,1,0,0,0,0,0,0,0,4,True,True,False,False,False,False,False,False,False,False,False,False,False,False,False,False,True,False,False,False,False,True,False,False,False,False,False,False,William Osler Health System - Etobicoke,5430.02553828049
Local,North York,Stop Sign,Clear,Dark,Wet,Non-Fatal Injury,Pedestrian Collisions,True,False,True,False,False,False,False,False,False,True,False,False,False,Humewood-Cedarvale,2022,-0.5000000000000004,0.8660254037844384,0.9749279121818236,-0.22252093395631434,-1.0,-1.8369701987210297e-16,2,1,0,0,0,0,1,1,0,0,0,0,0,0,0,0,0,0,0,0,0,5,False,False,False,False,False,False,False,False,False,False,False,False,True,False,False,False,False,False,True,False,False,False,False,False,False,False,False,False,University Health Network - Toronto Western,7306.749334609252
Other,Etobicoke York,No Control,Clear,"Dark, artificial",Wet,Non-Fatal Injury,SMV Other,False,False,True,False,False,False,False,True,False,True,False,False,False,Junction Area,2022,-0.5000000000000004,0.8660254037844384,0.0,1.0,0.25881904510252074,0.9659258262890683,0,0,0,2,3,0,0,0,0,0,0,0,0,0,0,0,0,0,0,0,0,5,False,True,False,False,False,False,False,False,False,False,False,False,False,False,False,False,False,False,False,False,False,False,False,True,False,False,False,False,Unity Health Toronto - St. Joseph's,5319.69991009892
Major Arterial,Toronto and East York,No Control,Rain,"Dark, artificial",Wet,Non-Fatal Injury,Pedestrian Collisions,True,False,True,False,False,False,False,False,False,False,False,False,False,Palmerston-Little Italy,2022,-0.5000000000000004,0.8660254037844384,-0.433883739117558,-0.9009688679024191,-0.25881904510252157,0.9659258262890681,0,0,0,0,0,0,0,1,1,0,0,0,0,0,0,0,0,0,0,0,0,2,False,True,False,False,False,False,False,False,False,False,False,False,False,False,False,False,True,False,False,False,False,False,False,False,False,False,False,False,University Health Network - Toronto Western,2250.94213461678
Major Arterial,North York,Stop Sign,Clear,"Dark, artificial",Wet,Non-Fatal Injury,Turning Movement,False,False,True,False,False,True,False,True,False,True,False,False,False,Bedford Park-Nortown,2023,0.0,1.0,0.7818314824680298,0.6234898018587336,0.0,1.0,0,0,1,0,0,1,0,1,0,0,0,0,0,0,0,0,0,0,0,0,0,3,False,True,True,False,False,False,False,False,False,False,False,False,False,False,False,False,True,False,False,False,False,False,True,False,False,False,False,False,Sunnybrook Health Sciences Centre - Bayview Campus,5442.63366993051
Major Arterial,Etobicoke York,No Control,Rain,Dark,Wet,Fatal,Pedestrian Collisions,True,False,True,False,False,False,False,False,False,True,False,False,False,New Toronto,2023,0.0,1.0,0.9749279121818236,-0.22252093395631434,-0.9659258262890683,-0.25881904510252063,0,0,0,0,0,0,0,0,0,0,0,1,1,0,0,0,0,0,0,0,0,2,False,False,False,False,False,False,False,False,False,False,False,False,False,True,False,False,False,False,True,False,False,False,False,False,False,False,False,False,Unity Health Toronto - St. Joseph's,8129.906922877417
Major Arterial,North York,Traffic Signal,Rain,Dark,Wet,Non-Fatal Injury,Pedestrian Collisions,True,False,True,False,False,False,False,False,False,False,False,False,False,Banbury-Don Mills,2023,0.0,1.0,0.9749279121818236,-0.22252093395631434,-1.0,-1.8369701987210297e-16,0,0,0,0,0,0,0,0,0,0,1,0,0,0,0,1,0,0,0,0,0,2,False,False,False,False,False,False,False,False,False,False,False,False,True,False,False,False,False,False,False,False,False,False,False,False,False,False,False,False,Sunnybrook Health Sciences Centre - Bayview Campus,3406.084470270551
Major Arterial,Scarborough,Traffic Signal,Rain,"Dark, artificial",Wet,Non-Fatal Injury,Pedestrian Collisions,True,False,True,False,False,False,False,False,False,True,False,False,False,Malvern West,2023,0.0,1.0,0.9749279121818236,-0.22252093395631434,-1.0,-1.8369701987210297e-16,0,0,0,0,1,0,0,0,0,0,0,0,0,0,0,1,0,0,0,0,0,2,False,False,False,False,False,False,False,False,False,False,False,False,True,False,True,False,False,False,True,False,False,False,False,False,False,False,False,False,Scarborough Health Network - Centenary,6356.989448824781
Major Arterial,Toronto and East York,No Control,Rain,"Dark, artificial",Wet,Non-Fatal Injury,Pedestrian Collisions,True,False,True,False,False,False,False,False,False,False,False,False,False,Wellington Place,2023,0.0,1.0,0.43388373911755823,-0.900968867902419,-0.5000000000000004,0.8660254037844384,0,0,0,0,1,0,0,0,0,0,0,1,0,0,0,0,0,0,0,0,0,2,False,True,False,False,False,False,False,False,False,False,False,False,False,False,True,False,True,False,False,False,False,False,False,False,False,False,False,False,University Health Network - Toronto Western,1076.9383653900586
Major Arterial,North York,No Control,Clear,Daylight,Dry,Fatal,Pedestrian Collisions,True,False,False,False,True,False,False,False,False,False,False,False,False,South Eglinton-Davisville,2023,0.0,1.0,-0.433883739117558,-0.9009688679024191,-0.7071067811865471,-0.7071067811865479,0,0,0,0,0,1,0,0,0,0,0,0,0,0,1,0,0,0,0,0,0,2,False,False,False,False,False,False,False,True,False,False,False,False,False,False,False,False,False,False,False,False,False,False,False,False,True,False,False,False,Sunnybrook Health Sciences Centre - Bayview Campus,3511.2877297204686
Major Arterial,Toronto and East York,No Control,Clear,"Dark, artificial",Dry,Non-Fatal Injury,Approaching,False,False,False,False,True,True,False,True,False,True,False,True,False,Downtown Yonge East,2023,0.0,1.0,0.0,1.0,0.25881904510252074,0.9659258262890683,0,0,0,0,1,0,0,1,0,1,0,0,0,0,0,0,0,0,0,0,0,3,False,True,False,False,False,False,False,False,False,False,False,False,False,False,False,False,True,False,True,False,False,False,False,False,False,False,False,False,Unity Health Toronto - St. Michael's,134.86818219651468
Major Arterial,Scarborough,No Control,Rain,Dark,Wet,Non-Fatal Injury,Pedestrian Collisions,True,False,True,False,False,False,False,False,False,False,False,False,False,West Hill,2023,0.0,1.0,0.0,1.0,-1.0,-1.8369701987210297e-16,0,0,0,0,0,0,0,0,0,0,0,0,0,2,1,0,0,0,0,0,0,3,False,True,False,False,False,False,False,False,False,False,False,False,False,False,True,False,True,False,False,False,False,False,False,False,False,False,False,False,Scarborough Health Network - Centenary,2835.5156511721434