ROAD_CLASS,DISTRICT,TRAFFCTL,VISIBILITY,LIGHT,RDSFCOND,ACCLASS,IMPACTYPE,PEDESTRIAN,CYCLIST,AUTOMOBILE,MOTORCYCLE,TRUCK,TRSN_CITY_VEH,EMERG_VEH,PASSENGER,SPEEDING,AG_DRIV,REDLIGHT,ALCOHOL,DISABILITY,NEIGHBOURHOOD_158,YEAR,MONTH_sin,MONTH_cos,DOW_sin,DOW_cos,HOUR_sin,HOUR_cos,INVAGE_00to04,INVAGE_05to09,INVAGE_10to14,INVAGE_15to19,INVAGE_20to24,INVAGE_25to29,INVAGE_30to34,INVAGE_35to39,INVAGE_40to44,INVAGE_45to49,INVAGE_50to54,INVAGE_55to59,INVAGE_60to64,INVAGE_65to69,INVAGE_70to74,INVAGE_75to79,INVAGE_80to84,INVAGE_85to89,INVAGE_90to94,INVAGE_Over95,INVAGE_unknown,NUMPERSONS,MANOEUVER_ChangingLanes,MANOEUVER_GoingAhead,MANOEUVER_MakingUTurn,MANOEUVER_Merging,MANOEUVER_Other,MANOEUVER_Overtaking,MANOEUVER_Parked,MANOEUVER_PullingAwayfromShoulderorCurb,MANOEUVER_PullingOntoShoulderortowardCurb,MANOEUVER_Reversing,MANOEUVER_SlowingorStopping,MANOEUVER_Stopped,MANOEUVER_TurningLeft,MANOEUVER_TurningRight,MANOEUVER_Unknown,DRIVACT_DisobeyedTrafficControl,DRIVACT_DrivingProperly,DRIVACT_ExceedingSpeedLimit,DRIVACT_FailedtoYieldRightofWay,DRIVACT_FollowingtooClose,DRIVACT_ImproperLaneChange,DRIVACT_ImproperPassing,DRIVACT_ImproperTurn,DRIVACT_Lostcontrol,DRIVACT_Other,DRIVACT_SpeedtooFastForCondition,DRIVACT_SpeedtooSlow,DRIVACT_WrongWayonOneWayRoad,NEAREST_HOSPITAL,DIST_TO_HOS
Collector,Etobicoke York,No Control,Clear,Daylight,Dry,Non-Fatal Injury,Turning Movement,False,False,True,False,False,False,False,False,False,True,False,False,False,West Humber-Clairville,2023,-0.8660254037844385,-0.5000000000000004,-0.7818314824680299,0.6234898018587334,0.258819045102521,-0.9659258262890682,0,0,0,0,0,0,0,1,0,0,0,1,0,0,0,0,0,0,0,0,0,2,False,True,False,False,False,False,False,False,False,False,False,False,True,False,False,False,True,False,True,False,False,False,False,False,False,False,False,False,William Osler Health System - Etobicoke,7108.243838277995
Minor Arterial,North York,Stop Sign,Clear,Daylight,Dry,Non-Fatal Injury,Pedestrian Collisions,True,False,True,False,False,False,False,False,False,True,False,False,False,Clanton Park,2023,-0.8660254037844385,-0.5000000000000004,0.0,1.0,0.7071067811865476,-0.7071067811865475,0,0,0,0,0,0,0,0,1,0,0,0,0,1,0,0,0,0,0,0,0,2,False,False,False,False,False,False,False,False,False,False,False,False,True,False,False,False,False,False,True,False,False,False,False,False,False,False,False,False,Humber River Health - Wilson,4680.438543829019
Major Arterial,North York,Traffic Signal,Clear,Daylight,Dry,Non-Fatal Injury,Unknown,False,False,True,False,False,True,False,True,False,True,False,False,False,Downsview,2023,-0.8660254037844385,-0.5000000000000004,0.9749279121818236,-0.22252093395631434,0.7071067811865476,-0.7071067811865475,0,0,0,0,0,0,0,2,0,0,0,0,1,0,0,0,0,0,0,0,0,3,False,True,False,False,False,False,False,False,False,False,True,False,False,False,False,False,True,False,False,True,False,False,False,False,False,False,False,False,Humber River Health - Wilson,889.9610438145464
Local,Etobicoke York,Stop Sign,Clear,"Dark, artificial",Dry,Non-Fatal Injury,Turning Movement,False,False,True,False,False,False,False,True,True,True,False,False,False,Stonegate-Queensway,2023,-0.8660254037844385,-0.5000000000000004,0.9749279121818236,-0.22252093395631434,-0.9659258262890684,0.2588190451025203,1,0,0,1,0,0,1,0,5,2,0,0,0,0,0,0,0,0,0,0,0,10,False,True,False,False,False,False,False,False,False,False,False,False,True,False,False,False,True,True,False,False,False,False,False,False,False,False,False,False,Unity Health Toronto - St. Joseph's,5837.704310103669
Local,Scarborough,Stop Sign,Clear,Daylight,Dry,Non-Fatal Injury,Pedestrian Collisions,True,False,True,False,False,False,False,False,False,True,False,False,False,L'Amoreaux West,2023,-0.8660254037844385,-0.5000000000000004,0.43388373911755823,-0.900968867902419,-0.8660254037844385,-0.5000000000000004,0,0,0,2,1,0,0,0,0,0,0,0,0,0,0,0,0,0,0,0,0,3,False,True,False,False,False,False,False,False,False,False,False,False,False,False,False,True,False,False,False,False,False,False,False,False,False,False,False,False,Scarborough Health Network - Birchmount,3467.8209969571326
Minor Arterial,Toronto and East York,Traffic Signal,Clear,Daylight,Dry,Non-Fatal Injury,Pedestrian Collisions,True,True,False,False,False,False,False,False,False,False,False,False,False,Harbourfront-CityPlace,2023,-0.8660254037844385,-0.5000000000000004,-0.7818314824680299,0.6234898018587334,-0.2588190451025208,-0.9659258262890683,0,0,0,0,0,2,0,0,0,0,0,0,0,0,0,0,0,0,0,0,0,2,False,True,False,False,False,False,False,False,False,False,False,False,False,False,False,False,False,False,False,False,False,False,False,False,False,False,False,False,University Health Network - Toronto General,2237.244057072676
Minor Arterial,North York,No Control,Clear,Dark,Dry,Fatal,Rear End,False,False,True,False,False,False,False,False,False,False,False,False,False,Englemount-Lawrence,2023,-0.8660254037844385,-0.5000000000000004,-0.7818314824680299,0.6234898018587334,-0.8660254037844386,0.5000000000000001,0,0,0,0,0,0,0,0,0,0,0,0,0,0,0,0,0,0,1,0,2,3,False,True,False,False,False,False,False,False,False,False,False,False,False,False,False,False,True,False,False,False,False,False,False,False,False,False,False,False,Humber River Health - Wilson,5835.693275461206
Minor Arterial,Toronto and East York,Traffic Signal,Clear,"Daylight, artificial",Dry,Non-Fatal Injury,Cyclist Collisions,False,True,True,False,False,False,False,False,False,False,False,False,False,South Riverdale,2023,-0.8660254037844385,-0.5000000000000004,0.0,1.0,-0.9659258262890684,0.2588190451025203,0,0,0,0,0,0,0,0,0,0,0,2,0,0,0,0,0,0,0,0,0,2,False,True,False,False,False,False,False,False,False,False,False,False,False,True,False,False,False,False,False,False,False,False,True,False,False,False,False,False,Michael Garron Hospital,3963.177942243172
Minor Arterial,Toronto and East York,Traffic Signal,Clear,"Dark, artificial",Dry,Non-Fatal Injury,Pedestrian Collisions,True,False,False,False,False,False,False,False,False,False,False,False,False,Broadview North,2023,-0.8660254037844385,-0.5000000000000004,0.7818314824680298,0.6234898018587336,-0.5000000000000004,0.8660254037844384,0,0,0,0,0,0,0,0,0,0,0,0,0,0,0,0,0,1,0,0,0,1,False,False,False,False,False,False,False,False,False,False,False,False,False,False,False,False,False,False,False,False,False,False,False,False,False,False,False,False,Michael Garron Hospital,3147.605542247882
Major Arterial,Scarborough,Traffic Signal,Clear,"Dark, artificial",Dry,Fatal,Turning Movement,False,False,True,True,False,False,False,False,False,False,False,False,False,Cliffcrest,2023,-0.8660254037844385,-0.5000000000000004,0.7818314824680298,0.6234898018587336,-0.25881904510252157,0.9659258262890681,0,0,0,0,0,0,1,0,1,0,0,0,0,0,0,0,0,0,0,0,0,2,False,True,False,False,False,False,False,False,False,False,False,False,True,False,False,False,True,False,False,False,False,False,True,False,False,False,False,False,Scarborough Health Network - Scarborough General,4779.577881317935
Major Arterial,Scarborough,Traffic Signal,Clear,"Dark, artificial",Dry,Non-Fatal Injury,Pedestrian Collisions,True,False,True,False,False,False,False,False,False,True,False,False,False,East L'Amoreaux,2023,-0.8660254037844385,-0.5000000000000004,0.43388373911755823,-0.900968867902419,0.0,1.0,0,0,0,0,0,0,0,0,0,0,0,2,0,0,0,0,0,0,0,0,0,2,False,False,False,False,False,False,False,False,False,False,False,False,True,False,False,False,False,False,True,False,False,False,False,False,False,False,False,False,Scarborough Health Network - Birchmount,1170.1196969598532
Major Arterial,Etobicoke York,No Control,Clear,"Dark, artificial",Dry,Non-Fatal Injury,Pedestrian Collisions,True,False,True,False,False,False,False,False,True,True,False,False,False,West Humber-Clairville,2023,-0.8660254037844385,-0.5000000000000004,0.43388373911755823,-0.900968867902419,0.8660254037844386,0.5000000000000001,0,0,0,0,0,0,0,0,1,0,0,1,0,0,0,0,0,0,0,0,0,2,False,True,False,False,False,False,False,False,False,False,False,False,False,False,False,False,True,False,False,False,False,False,False,False,False,False,False,False,William Osler Health System - Etobicoke,1647.4289617262548
Local,North York,Stop Sign,Clear,Daylight,Dry,Non-Fatal Injury,Pedestrian Collisions,True,False,True,False,False,False,False,False,False,True,False,False,False,Leaside-Bennington,2023,-0.8660254037844385,-0.5000000000000004,0.43388373911755823,-0.900968867902419,-0.4999999999999997,-0.8660254037844388,0,0,0,0,0,0,0,0,0,1,0,0,1,0,0,0,0,0,0,0,0,2,False,False,False,False,False,False,False,False,False,False,False,False,True,False,False,False,False,False,True,False,False,False,False,False,False,False,False,False,Sunnybrook Health Sciences Centre - Bayview Campus,907.1202300667064
Local,Toronto and East York,Traffic Signal,Clear,"Dark, artificial",Dry,Non-Fatal Injury,Unknown,False,False,False,True,False,False,False,False,False,False,False,False,False,Bay-Cloverhill,2023,-0.8660254037844385,-0.5000000000000004,-0.433883739117558,-0.9009688679024191,-0.5000000000000004,0.8660254037844384,0,0,0,0,0,0,0,0,0,1,0,0,0,0,0,0,0,0,0,0,0,1,False,True,False,False,False,False,False,False,False,False,False,False,False,False,False,False,True,False,False,False,False,False,False,False,False,False,False,False,University Health Network - Toronto General,1146.6534407092258
Major Arterial,Scarborough,Traffic Signal,Clear,"Dark, artificial",Dry,Non-Fatal Injury,Turning Movement,False,False,True,False,False,True,False,False,False,True,True,False,False,Scarborough Village,2023,-0.8660254037844385,-0.5000000000000004,0.9749279121818236,-0.22252093395631434,0.25881904510252074,0.9659258262890683,0,0,0,0,0,0,0,0,0,0,0,2,0,0,0,0,0,0,0,0,0,2,False,True,False,False,False,False,False,False,False,False,False,False,True,False,False,True,True,False,False,False,False,False,False,False,False,False,False,False,Scarborough Health Network - Scarborough General,4140.137681323453
Minor Arterial,Toronto and East York,Traffic Signal,Clear,"Dusk, artificial",Dry,Non-Fatal Injury,Pedestrian Collisions,True,False,True,False,False,False,False,False,False,True,False,False,False,Woodbine Corridor,2023,-0.8660254037844385,-0.5000000000000004,0.43388373911755823,-0.900968867902419,-1.0,-1.8369701987210297e-16,0,0,1,0,0,0,0,0,0,0,1,0,0,0,0,0,0,0,0,0,0,2,False,False,False,False,False,False,False,False,False,False,False,False,True,False,False,False,False,False,True,False,False,False,False,False,False,False,False,False,Michael Garron Hospital,2430.636508739786
Major Arterial,Scarborough,Traffic Signal,Clear,Daylight,Dry,Non-Fatal Injury,Pedestrian Collisions,True,False,True,False,False,False,False,False,False,False,False,False,False,Birchcliffe-Cliffside,2023,-0.8660254037844385,-0.5000000000000004,-0.433883739117558,-0.9009688679024191,0.9659258262890683,-0.25881904510252063,1,0,0,0,0,1,0,0,0,0,0,0,0,0,0,0,0,0,0,0,0,2,False,True,False,False,False,False,False,False,False,False,False,False,False,False,False,False,True,False,False,False,False,False,False,False,False,False,False,False,Scarborough Health Network - Scarborough General,5967.813456747448
Minor Arterial,Scarborough,No Control,Clear,Daylight,Dry,Non-Fatal Injury,Rear End,False,False,True,False,False,False,False,False,False,False,False,False,False,West Rouge,2023,-0.8660254037844385,-0.5000000000000004,-0.433883739117558,-0.9009688679024191,0.49999999999999994,-0.8660254037844387,0,0,0,0,0,1,0,0,0,1,1,0,0,0,0,0,0,0,0,0,0,3,False,True,False,False,False,False,False,False,False,False,True,True,False,False,False,False,True,False,False,False,False,False,False,True,False,False,False,False,Scarborough Health Network - Centenary,6595.186343030655
Major Arterial,Etobicoke York,Traffic Signal,Clear,"Dark, artificial",Dry,Non-Fatal Injury,Approaching,False,False,True,True,False,False,False,False,False,True,False,False,False,Humber Summit,2023,-0.8660254037844385,-0.5000000000000004,-0.433883739117558,-0.9009688679024191,-0.25881904510252157,0.9659258262890681,0,0,0,0,0,1,0,0,0,1,0,0,0,0,0,0,0,0,0,0,0,2,False,True,False,False,False,False,False,False,False,False,False,False,False,False,False,False,True,False,False,False,False,False,False,False,True,False,False,False,William Osler Health System - Etobicoke,4381.827784094377
Major Arterial,North York,Traffic Signal,Clear,Daylight,Dry,Non-Fatal Injury,Pedestrian Collisions,True,False,True,False,False,False,False,False,False,True,False,False,False,Brookhaven-Amesbury,2023,-0.8660254037844385,-0.5000000000000004,-0.9749279121818236,-0.2225209339563146,0.49999999999999994,-0.8660254037844387,0,0,0,0,0,0,0,0,0,0,0,1,0,0,1,0,0,0,0,0,0,2,False,False,False,False,False,False,False,False,False,False,False,False,True,False,False,False,False,False,True,False,False,False,False,False,False,False,False,False,Humber River Health - Wilson,2299.5279754664516
Major Arterial,Etobicoke York,Stop Sign,Clear,Daylight,Dry,Non-Fatal Injury,Turning Movement,False,False,True,True,False,False,False,True,True,True,False,False,False,Alderwood,2023,-0.8660254037844385,-0.5000000000000004,-0.9749279121818236,-0.2225209339563146,-0.2588190451025208,-0.9659258262890683,0,0,0,0,0,0,1,0,0,0,0,2,0,0,0,0,0,0,0,0,0,3,False,True,False,False,False,False,False,False,False,False,False,False,True,False,False,False,True,True,False,False,False,False,False,False,False,False,False,False,Unity Health Toronto - St. Joseph's,10138.08602288866
Major Arterial,North York,No Control,Clear,Daylight,Dry,Non-Fatal Injury,Rear End,False,False,True,True,False,False,False,False,False,True,False,False,False,Newtonbrook West,2023,-1.0,-1.8369701987210297e-16,-0.7818314824680299,0.6234898018587334,-0.9659258262890683,-0.25881904510252063,0,0,0,0,0,0,0,1,0,0,1,0,0,0,0,0,0,0,0,0,0,2,False,True,False,False,False,False,False,False,False,False,False,False,False,False,False,False,True,False,False,True,False,False,False,False,False,False,False,False,North York General Hospital - General Site,5768.9743551481515
Major Arterial,Toronto and East York,Traffic Signal,Clear,Daylight,Dry,Non-Fatal Injury,Cyclist Collisions,False,True,False,False,True,False,False,False,False,False,False,False,False,Rosedale-Moore Park,2023,-1.0,-1.8369701987210297e-16,0.7818314824680298,0.6234898018587336,0.49999999999999994,-0.8660254037844387,0,0,0,0,0,1,0,0,1,0,0,0,0,0,0,0,0,0,0,0,0,2,False,True,False,False,False,False,False,False,False,False,False,False,False,True,False,False,False,False,False,False,False,False,True,False,False,False,False,False,University Health Network - Toronto General,1474.0967429275624
Minor Arterial,Toronto and East York,No Control,Clear,Daylight,Dry,Non-Fatal Injury,Pedestrian Collisions,True,False,False,False,False,False,False,False,False,False,False,False,False,Moss Park,2023,-1.0,-1.8369701987210297e-16,0.7818314824680298,0.6234898018587336,-1.0,-1.8369701987210297e-16,0,0,0,0,0,0,1,0,0,0,0,0,0,0,0,0,0,0,0,0,0,1,False,False,False,False,False,False,False,False,False,False,False,False,False,False,False,False,False,False,False,False,False,False,False,False,False,False,False,False,Unity Health Toronto - St. Michael's,1148.9805471741129
Major Arterial,Scarborough,Traffic Signal,Clear,Daylight,Dry,Non-Fatal Injury,Approaching,False,False,True,False,False,False,False,True,True,True,True,True,False,Golfdale-Cedarbrae-Woburn,2023,-1.0,-1.8369701987210297e-16,0.9749279121818236,-0.22252093395631434,-0.4999999999999997,-0.8660254037844388,0,0,0,0,0,0,0,1,0,0,2,0,0,1,0,0,0,0,0,0,0,4,False,True,False,False,False,False,False,False,False,False,False,True,False,False,False,True,True,False,False,False,False,False,False,False,False,False,False,False,Scarborough Health Network - Centenary,2710.085456961766
Major Arterial,Etobicoke York,Traffic Signal,Clear,Daylight,Dry,Fatal,Pedestrian Collisions,True,False,True,False,False,False,False,False,False,False,False,False,False,Etobicoke West Mall,2023,-1.0,-1.8369701987210297e-16,-0.433883739117558,-0.9009688679024191,0.8660254037844386,0.5000000000000001,0,0,0,0,0,1,0,0,1,0,0,0,0,0,0,0,0,0,0,0,0,2,False,True,False,False,False,False,False,False,False,False,False,False,False,False,False,False,True,False,False,False,False,False,False,False,False,False,False,False,Unity Health Toronto - St. Joseph's,9872.560510102892
Minor Arterial,Scarborough,Traffic Signal,Clear,Daylight,Dry,Non-Fatal Injury,Pedestrian Collisions,True,False,True,False,False,False,False,False,False,True,False,False,False,Oakridge,2023,-1.0,-1.8369701987210297e-16,-0.433883739117558,-0.9009688679024191,0.49999999999999994,-0.8660254037844387,0,0,0,0,0,0,0,0,0,0,0,1,0,0,1,0,0,0,0,0,0,2,False,False,False,False,False,False,False,False,False,False,False,False,True,False,False,False,False,False,True,False,False,False,False,False,False,False,False,False,Michael Garron Hospital,3933.6606577462517
Major Arterial,Etobicoke York,No Control,Clear,Daylight,Dry,Fatal,Pedestrian Collisions,True,False,True,False,False,False,False,False,False,False,False,False,False,Alderwood,2023,-1.0,-1.8369701987210297e-16,-0.433883739117558,-0.9009688679024191,-0.8660254037844385,-0.5000000000000004,0,0,0,0,1,0,0,1,0,0,0,0,0,0,0,0,0,0,0,0,0,2,False,True,False,False,False,False,False,False,False,False,False,False,False,False,False,False,True,False,False,False,False,False,False,False,False,False,False,False,Trillium Health Partners- Mississauga,8114.832785559236
Major Arterial,Scarborough,No Control,Clear,"Dark, artificial",Dry,Non-Fatal Injury,Pedestrian Collisions,True,False,True,False,False,False,False,False,False,False,False,False,False,Wexford/Maryvale,2023,-1.0,-1.8369701987210297e-16,-0.9749279121818236,-0.2225209339563146,0.0,1.0,0,0,0,0,0,0,0,0,1,0,0,1,0,0,0,0,0,0,0,0,0,2,False,True,False,False,False,False,False,False,False,False,False,False,False,False,False,False,True,False,False,False,False,False,False,False,False,False,False,False,Scarborough Health Network - Birchmount,4351.589396553463
Expressway Ramp,Toronto and East York,No Control,Clear,"Daylight, artificial",Dry,Non-Fatal Injury,Sideswipe,False,False,True,True,False,False,False,False,False,False,False,False,False,St Lawrence-East Bayfront-The Islands,2023,-1.0,-1.8369701987210297e-16,-0.9749279121818236,-0.2225209339563146,-0.8660254037844386,0.5000000000000001,0,0,0,0,0,2,0,0,0,0,0,0,0,0,0,0,0,0,0,0,0,2,False,True,False,False,True,False,False,False,False,False,False,False,False,False,False,False,True,False,False,False,False,False,False,False,True,False,False,False,Unity Health Toronto - St. Michael's,1551.996052828501
Collector,Scarborough,No Control,Clear,"Dark, artificial",Dry,Non-Fatal Injury,SMV Unattended Vehicle,False,False,True,False,False,False,False,False,False,False,False,False,True,Highland Creek,2023,-1.0,-1.8369701987210297e-16,-0.7818314824680299,0.6234898018587334,-0.25881904510252157,0.9659258262890681,0,0,0,0,0,0,0,0,0,0,0,0,0,1,0,0,0,0,0,0,0,1,False,True,False,False,False,False,False,False,False,False,False,False,False,False,False,False,False,False,False,False,False,False,False,True,False,False,False,False,Scarborough Health Network - Centenary,2798.7550430360716
Major Arterial,Scarborough,Traffic Signal,Rain,Dark,Wet,Non-Fatal Injury,Pedestrian Collisions,True,False,True,False,False,False,False,False,False,False,False,False,False,Agincourt South-Malvern West,2023,-1.0,-1.8369701987210297e-16,0.7818314824680298,0.6234898018587336,-0.7071067811865477,0.7071067811865474,0,0,0,0,0,0,0,0,0,2,0,0,0,0,0,0,0,0,0,0,0,2,False,True,False,False,False,False,False,False,False,False,False,False,False,False,False,False,True,False,False,False,False,False,False,False,False,False,False,False,Scarborough Health Network - Birchmount,3272.972696546465
Collector,Etobicoke York,Traffic Signal,Clear,Daylight,Dry,Non-Fatal Injury,Angle,False,False,True,False,False,False,False,False,True,True,True,False,False,Mimico-Queensway,2023,-1.0,-1.8369701987210297e-16,0.9749279121818236,-0.22252093395631434,-0.4999999999999997,-0.8660254037844388,0,0,0,0,0,1,0,0,1,0,0,0,0,0,0,0,0,0,0,0,0,2,False,True,False,False,False,False,False,False,False,False,False,False,False,False,False,True,True,False,False,False,False,False,False,False,False,False,False,False,Unity Health Toronto - St. Joseph's,7565.235822886229
Local,Toronto and East York,No Control,Clear,"Dark, artificial",Dry,Non-Fatal Injury,Turning Movement,False,False,True,True,False,False,False,False,True,True,False,False,False,Casa Loma,2023,-1.0,-1.8369701987210297e-16,0.9749279121818236,-0.22252093395631434,-0.5000000000000004,0.8660254037844384,0,0,0,0,0,1,0,1,0,0,0,0,0,0,0,0,0,0,0,0,0,2,False,True,False,False,False,False,False,False,False,False,False,False,True,False,False,False,True,False,False,False,False,False,False,False,False,True,False,False,University Health Network - Toronto Western,3113.2557346123504
Major Arterial,Scarborough,Traffic Signal,Clear,"Dark, artificial",Dry,Fatal,Pedestrian Collisions,True,False,True,False,False,False,False,False,False,False,False,False,False,Steeles,2023,-1.0,-1.8369701987210297e-16,0.43388373911755823,-0.900968867902419,0.9659258262890683,-0.25881904510252063,0,0,0,0,0,0,0,0,0,0,0,1,0,0,0,0,0,1,0,0,0,2,False,True,False,False,False,False,False,False,False,False,False,False,False,False,False,False,True,False,False,False,False,False,False,False,False,False,False,False,Scarborough Health Network - Birchmount,2676.1630034407135
Major Arterial,Scarborough,Traffic Signal,Clear,Daylight,Dry,Non-Fatal Injury,Rear End,False,False,True,False,True,False,False,True,True,True,False,False,False,Agincourt North,2023,-1.0,-1.8369701987210297e-16,-0.433883739117558,-0.9009688679024191,1.2246467991473532e-16,-1.0,0,0,0,0,0,0,0,0,0,0,0,0,0,0,3,1,0,0,0,0,0,4,False,True,False,False,False,False,False,False,False,False,True,False,False,False,False,False,True,False,False,False,False,False,False,False,False,False,False,False,Scarborough Health Network - Birchmount,3851.1549030344468
Major Arterial,Scarborough,Traffic Signal,Clear,Daylight,Dry,Non-Fatal Injury,Turning Movement,False,False,True,False,False,False,False,True,False,True,True,False,False,Wexford/Maryvale,2023,-1.0,-1.8369701987210297e-16,-0.9749279121818236,-0.2225209339563146,-0.9659258262890683,-0.25881904510252063,0,0,0,0,3,0,0,0,0,0,0,1,0,0,0,0,0,0,0,0,0,4,False,True,False,False,False,False,False,False,False,False,False,False,True,False,False,True,True,False,False,False,False,False,False,False,False,False,False,False,Scarborough Health Network - Scarborough General,6016.159956750926
Expressway,Toronto and East York,No Control,Clear,Daylight,Dry,Non-Fatal Injury,Rear End,False,False,True,False,False,False,False,True,False,False,False,False,False,Mimico-Queensway,2023,-1.0,-1.8369701987210297e-16,-0.9749279121818236,-0.2225209339563146,-0.9659258262890684,0.2588190451025203,2,0,0,0,0,0,2,0,1,0,0,1,0,0,0,0,0,0,0,0,0,6,False,True,False,False,False,False,False,False,False,False,False,False,False,False,False,False,True,False,False,False,False,False,False,True,False,False,False,False,Unity Health Toronto - St. Joseph's,7713.46942288382
Major Arterial,Toronto and East York,Traffic Signal,Clear,Daylight,Dry,Fatal,Pedestrian Collisions,True,False,False,False,True,False,False,False,False,False,False,False,False,Mount Pleasant East,2023,-1.0,-1.8369701987210297e-16,0.0,1.0,0.258819045102521,-0.9659258262890682,0,0,0,0,0,1,0,0,0,0,0,0,0,0,0,0,0,1,0,0,0,2,False,False,False,False,False,False,False,False,False,False,False,False,False,True,False,False,False,False,False,False,False,False,False,False,False,False,False,False,Sunnybrook Health Sciences Centre - Bayview Campus,2969.4803297212347
Major Arterial,Scarborough,Traffic Signal,Clear,"Dark, artificial",Dry,Non-Fatal Injury,Pedestrian Collisions,True,False,True,False,False,False,False,False,False,False,False,False,False,Cliffcrest,2023,-1.0,-1.8369701987210297e-16,0.9749279121818236,-0.22252093395631434,-0.25881904510252157,0.9659258262890681,0,0,0,0,1,0,0,1,0,0,0,0,0,0,0,0,0,0,0,0,0,2,False,True,False,False,False,False,False,False,False,False,False,False,False,False,False,False,True,False,False,False,False,False,False,False,False,False,False,False,Scarborough Health Network - Scarborough General,4959.303681324935
Major Arterial,Toronto and East York,Traffic Signal,Clear,Daylight,Dry,Non-Fatal Injury,Pedestrian Collisions,True,False,False,False,False,False,False,False,False,True,False,False,False,South Parkdale,2023,-1.0,-1.8369701987210297e-16,0.43388373911755823,-0.900968867902419,1.2246467991473532e-16,-1.0,0,0,0,0,0,0,0,0,1,0,0,0,1,0,0,0,0,0,0,0,0,2,False,False,False,False,False,False,False,False,False,False,False,False,True,False,False,False,False,False,True,False,False,False,False,False,False,False,False,False,Unity Health Toronto - St. Joseph's,1343.3278898986755
Major Arterial,North York,Traffic Signal,Rain,Daylight,Wet,Non-Fatal Injury,Pedestrian Collisions,True,False,True,False,False,False,False,False,False,True,False,False,False,Leaside-Bennington,2023,-1.0,-1.8369701987210297e-16,-0.433883739117558,-0.9009688679024191,-0.7071067811865471,-0.7071067811865479,0,0,0,0,0,0,0,0,1,1,0,0,0,0,0,0,0,0,0,0,0,2,False,False,False,False,False,False,False,False,False,False,False,False,True,False,False,False,False,False,True,False,False,False,False,False,False,False,False,False,Sunnybrook Health Sciences Centre - Bayview Campus,1745.0721300704172
Major Arterial,Etobicoke York,Traffic Signal,Clear,Daylight,Dry,Non-Fatal Injury,Pedestrian Collisions,True,False,True,False,False,False,False,False,False,True,False,False,False,Stonegate-Queensway,2023,-1.0,-1.8369701987210297e-16,0.9749279121818236,-0.22252093395631434,0.49999999999999994,-0.8660254037844387,0,0,0,0,0,0,0,0,0,0,1,0,0,0,1,0,0,0,0,0,0,2,False,False,False,False,False,False,False,False,False,False,False,False,True,False,False,False,False,False,True,False,False,False,False,False,False,False,False,False,Unity Health Toronto - St. Joseph's,6606.4250228815945
Major Arterial,Scarborough,Traffic Signal,Clear,"Daylight, artificial",Dry,Non-Fatal Injury,Pedestrian Collisions,True,False,True,False,False,False,False,False,False,True,False,False,False,East L'Amoreaux,2023,-1.0,-1.8369701987210297e-16,-0.433883739117558,-0.9009688679024191,-0.9659258262890684,0.2588190451025203,0,0,0,0,1,1,0,0,0,0,0,0,0,0,0,0,0,0,0,0,0,2,False,False,False,False,False,False,False,False,False,False,False,False,True,False,False,False,False,False,True,False,False,False,False,False,False,False,False,False,Scarborough Health Network - Birchmount,797.8909965546336
Minor Arterial,North York,Traffic Signal,Rain,"Dark, artificial",Wet,Fatal,Pedestrian Collisions,True,False,True,False,False,False,False,False,False,False,False,False,False,Banbury-Don Mills,2023,-1.0,-1.8369701987210297e-16,-0.433883739117558,-0.9009688679024191,-0.8660254037844386,0.5000000000000001,0,0,0,0,0,1,0,0,0,0,0,0,0,0,1,0,0,0,0,0,0,2,False,True,False,False,False,False,False,False,False,False,False,False,False,False,False,False,True,False,False,False,False,False,False,False,False,False,False,False,Michael Garron Hospital,4394.439591265516
Major Arterial,North York,Traffic Signal,Clear,Daylight,Dry,Non-Fatal Injury,Pedestrian Collisions,True,False,True,False,False,False,False,True,False,False,False,False,False,Oakdale-Beverley Heights,2023,-1.0,-1.8369701987210297e-16,-0.9749279121818236,-0.2225209339563146,-0.9659258262890683,-0.25881904510252063,0,0,0,2,0,0,0,1,0,0,0,0,0,0,0,0,0,0,0,0,0,3,False,True,False,False,False,False,False,False,False,False,False,False,False,False,False,False,False,False,False,False,False,False,False,True,False,False,False,False,Humber River Health - Wilson,4310.369024533429
Major Arterial,Toronto and East York,Stop Sign,Rain,Daylight,Wet,Fatal,Pedestrian Collisions,True,False,True,False,False,False,False,False,False,False,False,False,False,Briar Hill-Belgravia,2023,-1.0,-1.8369701987210297e-16,0.0,1.0,0.49999999999999994,-0.8660254037844387,0,0,0,0,0,0,0,0,0,0,0,0,0,1,0,1,0,1,0,0,0,3,False,False,False,False,False,False,False,False,False,False,False,False,True,False,False,False,False,False,False,False,False,False,True,False,False,False,False,False,Humber River Health - Wilson,5680.4050754708005
Minor Arterial,Etobicoke York,Traffic Signal,Clear,Daylight,Dry,Non-Fatal Injury,Pedestrian Collisions,True,False,True,False,False,False,False,False,False,True,True,False,False,Edenbridge-Humber Valley,2023,-1.0,-1.8369701987210297e-16,0.7818314824680298,0.6234898018587336,-0.2588190451025208,-0.9659258262890683,0,0,0,0,0,0,0,0,0,0,0,0,0,1,1,1,0,0,0,0,0,3,False,True,False,False,False,False,False,False,False,False,False,False,False,False,False,True,False,False,False,False,False,False,False,False,False,False,False,False,Humber River Health - Wilson,8499.107156170183