ROAD_CLASS,DISTRICT,TRAFFCTL,VISIBILITY,LIGHT,RDSFCOND,ACCLASS,IMPACTYPE,PEDESTRIAN,CYCLIST,AUTOMOBILE,MOTORCYCLE,TRUCK,TRSN_CITY_VEH,EMERG_VEH,PASSENGER,SPEEDING,AG_DRIV,REDLIGHT,ALCOHOL,DISABILITY,NEIGHBOURHOOD_158,YEAR,MONTH_sin,MONTH_cos,DOW_sin,DOW_cos,HOUR_sin,HOUR_cos,INVAGE_00to04,INVAGE_05to09,INVAGE_10to14,INVAGE_15to19,INVAGE_20to24,INVAGE_25to29,INVAGE_30to34,INVAGE_35to39,INVAGE_40to44,INVAGE_45to49,INVAGE_50to54,INVAGE_55to59,INVAGE_60to64,INVAGE_65to69,INVAGE_70to74,INVAGE_75to79,INVAGE_80to84,INVAGE_85to89,INVAGE_90to94,INVAGE_Over95,INVAGE_unknown,NUMPERSONS,MANOEUVER_ChangingLanes,MANOEUVER_GoingAhead,MANOEUVER_MakingUTurn,MANOEUVER_Merging,MANOEUVER_Other,MANOEUVER_Overtaking,MANOEUVER_Parked,MANOEUVER_PullingAwayfromShoulderorCurb,MANOEUVER_PullingOntoShoulderortowardCurb,MANOEUVER_Reversing,MANOEUVER_SlowingorStopping,MANOEUVER_Stopped,MANOEUVER_TurningLeft,MANOEUVER_TurningRight,MANOEUVER_Unknown,DRIVACT_DisobeyedTrafficControl,DRIVACT_DrivingProperly,DRIVACT_ExceedingSpeedLimit,DRIVACT_FailedtoYieldRightofWay,DRIVACT_FollowingtooClose,DRIVACT_ImproperLaneChange,DRIVACT_ImproperPassing,DRIVACT_ImproperTurn,DRIVACT_Lostcontrol,DRIVACT_Other,DRIVACT_SpeedtooFastForCondition,DRIVACT_SpeedtooSlow,DRIVACT_WrongWayonOneWayRoad,NEAREST_HOSPITAL,DIST_TO_HOS
Major Arterial,North York,Pedestrian Crossover,Clear,"Dark, artificial",Dry,Non-Fatal Injury,Pedestrian Collisions,True,False,True,False,False,False,False,False,False,False,False,False,False,Bridle Path-Sunnybrook-York Mills,2023,-0.8660254037844386,0.5000000000000001,-0.7818314824680299,0.6234898018587334,-0.8660254037844386,0.5000000000000001,0,0,0,0,0,1,0,0,0,0,0,1,0,0,0,0,0,0,0,0,0,2,False,True,False,False,False,False,False,False,False,False,False,False,False,False,False,False,True,False,False,False,False,False,False,False,False,False,False,False,Sunnybrook Health Sciences Centre - Bayview Campus,3827.8817699286155
Major Arterial,Etobicoke York,Traffic Signal,Clear,Daylight,Dry,Fatal,Pedestrian Collisions,True,False,True,False,False,False,False,False,False,False,False,False,False,West Humber-Clairville,2023,-0.8660254037844386,0.5000000000000001,0.7818314824680298,0.6234898018587336,1.0,6.123233995736766e-17,0,0,0,0,0,0,1,0,0,0,0,1,0,0,0,0,0,0,0,0,0,2,False,True,False,False,False,False,False,False,False,False,False,False,False,False,False,False,True,False,False,False,False,False,False,False,False,False,False,False,William Osler Health System - Etobicoke,6208.238338280353
Local,Toronto and East York,Stop Sign,Clear,"Dark, artificial",Dry,Non-Fatal Injury,SMV Unattended Vehicle,False,False,True,False,False,False,False,False,True,True,False,False,False,Briar Hill-Belgravia,2023,-0.8660254037844386,0.5000000000000001,0.7818314824680298,0.6234898018587336,-0.5000000000000004,0.8660254037844384,0,0,0,0,1,0,0,0,0,0,0,0,0,0,0,0,0,0,0,0,1,2,False,True,False,False,False,False,True,False,False,False,False,False,False,False,False,False,False,False,False,False,False,False,False,True,False,False,False,False,Humber River Health - Wilson,6586.903375469847
Minor Arterial,North York,Traffic Signal,Other,"Dark, artificial",Dry,Non-Fatal Injury,Pedestrian Collisions,True,False,False,False,False,False,False,False,False,False,False,False,False,Clanton Park,2023,-0.8660254037844386,0.5000000000000001,0.9749279121818236,-0.22252093395631434,0.0,1.0,0,0,0,0,0,0,0,0,0,0,1,0,0,0,0,0,0,0,0,0,0,1,False,False,False,False,False,False,False,False,False,False,False,False,False,False,False,False,False,False,False,False,False,False,False,False,False,False,False,False,Humber River Health - Wilson,4446.246043813531
Major Arterial,Toronto and East York,No Control,Rain,"Dusk, artificial",Wet,Non-Fatal Injury,Pedestrian Collisions,True,False,True,False,False,False,False,False,False,False,False,False,False,Yonge-Bay Corridor,2023,-0.8660254037844386,0.5000000000000001,0.9749279121818236,-0.22252093395631434,-0.9659258262890683,-0.25881904510252063,0,0,0,0,0,0,0,1,0,0,0,0,0,1,0,0,0,0,0,0,0,2,False,True,False,False,False,False,False,False,False,False,False,False,False,False,False,False,False,False,False,False,False,False,False,False,True,False,False,False,Unity Health Toronto - St. Michael's,544.1417178059928
Major Arterial,Toronto and East York,No Control,Clear,Daylight,Dry,Non-Fatal Injury,Unknown,False,False,True,True,False,False,False,False,False,True,False,False,False,Rosedale-Moore Park,2023,-0.8660254037844386,0.5000000000000001,-0.433883739117558,-0.9009688679024191,-0.8660254037844385,-0.5000000000000004,0,0,0,0,0,1,1,0,0,0,0,0,0,0,0,0,0,0,0,0,0,2,False,True,False,False,False,True,False,False,False,False,False,False,False,False,False,False,True,False,False,False,False,True,False,False,False,False,False,False,University Health Network - Toronto General,3784.3127407082357
Expressway,Etobicoke York,No Control,Clear,"Dark, artificial",Dry,Fatal,SMV Other,False,False,True,False,False,False,False,True,True,True,False,True,False,South Parkdale,2023,-0.8660254037844386,0.5000000000000001,-0.9749279121818236,-0.2225209339563146,0.7071067811865476,0.7071067811865476,0,0,0,0,3,1,0,0,0,0,0,0,0,0,0,0,0,0,0,0,0,4,False,True,False,False,False,False,False,False,False,False,False,False,False,False,False,False,False,True,False,False,False,False,False,False,False,False,False,False,Unity Health Toronto - St. Joseph's,2059.8914898992516
Expressway,Etobicoke York,No Control,Clear,"Dark, artificial",Dry,Non-Fatal Injury,Sideswipe,False,False,True,False,False,False,False,True,False,False,False,False,False,Alderwood,2023,-0.8660254037844386,0.5000000000000001,-0.9749279121818236,-0.2225209339563146,1.0,6.123233995736766e-17,0,0,0,0,0,0,0,0,1,1,1,1,0,1,1,0,0,0,0,0,0,6,False,True,False,False,False,False,False,False,False,False,False,False,False,False,False,False,True,False,False,False,False,False,False,False,False,False,False,False,Unity Health Toronto - St. Joseph's,9352.763922885293
Major Arterial,Scarborough,No Control,Clear,"Dark, artificial",Dry,Non-Fatal Injury,SMV Other,False,False,False,True,False,False,False,False,False,False,False,False,False,Agincourt North,2023,-0.8660254037844386,0.5000000000000001,-0.9749279121818236,-0.2225209339563146,-0.8660254037844386,0.5000000000000001,0,0,0,0,0,1,0,0,0,0,0,0,0,0,0,0,0,0,0,0,0,1,False,False,False,False,False,False,False,False,False,False,False,False,True,False,False,False,True,False,False,False,False,False,False,False,False,False,False,False,Scarborough Health Network - Birchmount,3683.298703034059
Major Arterial,North York,Traffic Signal,Clear,Daylight,Dry,Fatal,Pedestrian Collisions,True,False,False,False,True,False,False,False,False,True,False,False,False,Oakwood Village,2023,-0.8660254037844386,0.5000000000000001,0.0,1.0,0.258819045102521,-0.9659258262890682,0,0,0,0,0,0,1,0,0,0,1,0,0,0,0,0,0,0,0,0,0,2,False,False,False,False,False,False,False,False,False,False,False,False,False,False,False,False,False,False,True,False,False,False,False,False,False,False,False,False,Unity Health Toronto - St. Joseph's,6394.333010101691
Major Arterial,Scarborough,Traffic Signal,Clear,Daylight,Dry,Fatal,Turning Movement,False,False,True,True,False,False,False,False,False,True,False,False,False,East L'Amoreaux,2023,-0.8660254037844386,0.5000000000000001,0.0,1.0,-0.4999999999999997,-0.8660254037844388,0,0,0,0,0,0,1,0,0,0,1,0,0,0,0,0,0,0,0,0,0,2,False,True,True,False,False,False,False,False,False,False,False,False,False,False,False,False,True,False,True,False,False,False,False,False,False,False,False,False,Scarborough Health Network - Birchmount,1178.3888969578547
Major Arterial,Toronto and East York,Traffic Signal,Clear,Daylight,Dry,Non-Fatal Injury,Turning Movement,False,False,True,True,False,False,False,False,False,True,False,False,False,Woodbine-Lumsden,2023,-0.8660254037844386,0.5000000000000001,0.0,1.0,-0.8660254037844385,-0.5000000000000004,0,0,0,0,0,0,0,0,0,1,1,0,0,0,0,0,0,0,0,0,0,2,False,True,False,False,False,False,False,False,False,False,False,False,True,False,False,False,True,False,False,False,False,False,True,False,False,False,False,False,Michael Garron Hospital,1196.7442577512702
Minor Arterial,Scarborough,Traffic Signal,Clear,"Dark, artificial",Dry,Fatal,Pedestrian Collisions,True,False,True,False,False,False,False,True,False,False,False,False,False,Downtown Yonge East,2023,-0.8660254037844386,0.5000000000000001,0.7818314824680298,0.6234898018587336,0.9659258262890683,-0.25881904510252063,0,0,0,0,0,1,2,0,0,1,0,1,1,0,0,0,0,0,0,0,0,6,False,True,False,False,False,False,False,False,False,False,False,False,False,False,False,False,False,False,False,False,False,False,False,False,True,False,False,False,Unity Health Toronto - St. Michael's,740.5547821900109
Collector,Toronto and East York,Traffic Signal,Clear,"Dark, artificial",Dry,Non-Fatal Injury,Turning Movement,False,False,True,False,False,False,False,False,False,True,True,False,False,Annex,2023,-0.8660254037844386,0.5000000000000001,-0.433883739117558,-0.9009688679024191,0.9659258262890683,-0.25881904510252063,0,0,0,0,0,0,1,1,0,0,0,0,0,0,0,0,0,0,0,0,0,2,False,True,False,False,False,False,False,False,False,False,False,False,False,True,False,True,False,False,False,False,False,False,False,False,True,False,False,False,University Health Network - Toronto Western,2762.740802959772
Major Arterial,Toronto and East York,No Control,Clear,Daylight,Dry,Non-Fatal Injury,Turning Movement,False,False,True,False,False,False,False,False,False,True,False,False,False,East End-Danforth,2023,-0.8660254037844386,0.5000000000000001,-0.9749279121818236,-0.2225209339563146,-0.7071067811865471,-0.7071067811865479,0,0,0,0,0,0,0,0,0,0,0,0,0,1,0,0,0,0,0,0,1,2,False,True,False,False,False,False,False,False,False,False,False,False,False,True,False,False,True,False,True,False,False,False,False,False,False,False,False,False,Michael Garron Hospital,1740.5710087445332
Major Arterial,Etobicoke York,Traffic Signal,Clear,Daylight,Dry,Non-Fatal Injury,Cyclist Collisions,False,True,True,False,False,False,False,False,False,False,False,False,False,Kingsview Village-The Westway,2023,-0.8660254037844386,0.5000000000000001,-0.9749279121818236,-0.2225209339563146,-0.9659258262890683,-0.25881904510252063,0,0,0,0,0,0,1,0,0,0,0,0,0,0,0,0,0,0,0,0,1,2,False,True,False,False,False,False,False,False,False,False,False,False,False,True,False,False,False,False,False,False,False,False,False,False,False,False,False,False,William Osler Health System - Etobicoke,7436.1270382812945
Major Arterial,Scarborough,Traffic Signal,Clear,"Dusk, artificial",Dry,Non-Fatal Injury,Rear End,False,False,True,False,False,False,False,False,False,True,False,False,False,Oakridge,2023,-0.8660254037844386,0.5000000000000001,-0.9749279121818236,-0.2225209339563146,-0.5000000000000004,0.8660254037844384,0,0,0,0,0,0,0,1,0,1,0,0,0,0,0,0,0,0,0,0,0,2,False,True,False,False,False,False,False,False,False,False,False,True,False,False,False,False,True,False,False,False,False,True,False,False,False,False,False,False,Michael Garron Hospital,3815.2257577551063
Local,Etobicoke York,No Control,Clear,Daylight,Dry,Non-Fatal Injury,Turning Movement,False,False,True,False,False,False,False,True,False,True,False,False,False,Keelesdale-Eglinton West,2023,-0.8660254037844386,0.5000000000000001,-0.7818314824680299,0.6234898018587334,-0.2588190451025208,-0.9659258262890683,0,0,0,0,0,0,1,0,0,0,0,0,0,0,0,0,1,0,1,0,0,3,False,True,False,False,False,False,False,False,False,False,False,False,True,False,False,False,True,False,True,False,False,False,False,False,False,False,False,False,Humber River Health - Wilson,5766.635675469413
Major Arterial,North York,No Control,Rain,Daylight,Wet,Non-Fatal Injury,Turning Movement,False,False,True,False,False,False,False,True,True,True,False,False,False,Banbury-Don Mills,2023,-0.8660254037844386,0.5000000000000001,0.7818314824680298,0.6234898018587336,-0.2588190451025208,-0.9659258262890683,0,0,0,0,1,0,0,0,0,0,0,1,0,1,0,0,0,0,0,0,0,3,False,True,False,False,False,False,False,False,False,False,False,False,True,False,False,False,True,False,True,False,False,False,False,False,False,False,False,False,North York General Hospital - General Site,2147.900444850209
Major Arterial,Toronto and East York,No Control,Clear,"Dark, artificial",Dry,Non-Fatal Injury,Pedestrian Collisions,True,False,True,False,False,False,False,False,False,False,False,False,False,Roncesvalles,2023,-0.8660254037844386,0.5000000000000001,-0.9749279121818236,-0.2225209339563146,-0.7071067811865477,0.7071067811865474,0,0,0,0,0,0,0,1,0,1,0,0,0,0,0,0,0,0,0,0,0,2,False,True,False,False,False,False,False,False,False,False,False,False,False,False,False,False,True,False,False,False,False,False,False,False,False,False,False,False,Unity Health Toronto - St. Joseph's,2063.6237101040315
Major Arterial,Scarborough,Traffic Signal,Rain,Dark,Wet,Non-Fatal Injury,Pedestrian Collisions,True,False,True,False,False,False,False,False,False,True,False,False,False,Ionview,2023,-0.8660254037844386,0.5000000000000001,-0.7818314824680299,0.6234898018587334,-1.0,-1.8369701987210297e-16,0,0,0,1,1,0,0,0,0,0,0,0,0,0,0,0,0,0,0,0,0,2,False,False,False,False,False,False,False,False,False,False,False,False,True,False,False,False,False,False,True,False,False,False,False,False,False,False,False,False,Scarborough Health Network - Scarborough General,4779.01365675265
Collector,North York,Traffic Signal,Clear,Dark,Dry,Non-Fatal Injury,Pedestrian Collisions,True,False,True,False,False,False,False,False,False,False,False,False,False,Don Valley Village,2023,-0.8660254037844386,0.5000000000000001,0.7818314824680298,0.6234898018587336,0.9659258262890683,-0.25881904510252063,0,0,0,0,1,0,0,0,0,0,0,0,1,0,0,0,0,0,0,0,0,2,False,False,False,False,False,False,False,False,False,False,False,False,True,False,False,False,False,False,False,False,False,False,True,False,False,False,False,False,North York General Hospital - General Site,2317.9349894104525
Major Arterial,Etobicoke York,Stop Sign,Clear,Daylight,Dry,Fatal,Pedestrian Collisions,True,False,False,False,True,False,False,False,False,False,False,False,False,South Eglinton-Davisville,2023,-0.8660254037844386,0.5000000000000001,0.7818314824680298,0.6234898018587336,0.49999999999999994,-0.8660254037844387,0,0,0,0,0,0,0,0,1,0,0,0,0,0,0,1,0,0,0,0,0,2,False,False,False,False,False,False,False,False,False,False,False,False,True,False,False,False,False,False,False,False,False,False,True,False,False,False,False,False,Sunnybrook Health Sciences Centre - Bayview Campus,3511.2877297204686
Collector,North York,No Control,Clear,"Dark, artificial",Dry,Non-Fatal Injury,Pedestrian Collisions,True,False,True,False,False,False,False,False,False,False,False,False,False,Humber Summit,2023,-0.8660254037844386,0.5000000000000001,0.9749279121818236,-0.22252093395631434,-0.9659258262890684,0.2588190451025203,0,0,0,0,0,0,0,0,1,0,0,0,1,0,0,0,0,0,0,0,0,2,False,True,False,False,False,False,False,False,False,False,False,False,False,False,False,False,True,False,False,False,False,False,False,False,False,False,False,False,William Osler Health System - Etobicoke,6907.994184082141
Minor Arterial,Toronto and East York,Traffic Signal,Clear,Dark,Dry,Non-Fatal Injury,Pedestrian Collisions,True,False,True,False,False,False,False,False,False,False,False,False,False,Mount Dennis,2023,-0.8660254037844386,0.5000000000000001,0.43388373911755823,-0.900968867902419,-0.8660254037844386,0.5000000000000001,0,0,0,0,0,0,0,0,0,1,0,0,0,1,0,0,0,0,0,0,0,2,False,True,False,False,False,False,False,False,False,False,False,False,False,False,False,False,True,False,False,False,False,False,False,False,False,False,False,False,Humber River Health - Wilson,4246.320256181294
Collector,Toronto and East York,No Control,Rain,"Dark, artificial",Wet,Fatal,SMV Other,False,False,True,False,False,False,False,True,False,False,False,False,False,South Riverdale,2023,-0.5000000000000004,0.8660254037844384,-0.9749279121818236,-0.2225209339563146,0.7071067811865476,0.7071067811865476,0,0,0,0,2,0,0,0,0,0,0,0,0,0,0,0,0,0,0,0,0,2,False,False,False,False,True,False,False,False,False,False,False,False,False,False,False,False,False,False,False,False,False,False,False,True,False,False,False,False,Unity Health Toronto - St. Michael's,3568.137682184344
Collector,Toronto and East York,Stop Sign,Clear,"Dark, artificial",Wet,Non-Fatal Injury,Pedestrian Collisions,True,False,True,False,False,False,False,False,False,True,False,False,False,Mount Dennis,2023,-0.5000000000000004,0.8660254037844384,-0.9749279121818236,-0.2225209339563146,-1.0,-1.8369701987210297e-16,0,0,0,0,0,0,0,0,0,2,0,0,0,0,0,0,0,0,0,0,0,2,False,True,False,False,False,False,False,False,False,False,False,False,False,False,False,False,False,False,True,False,False,False,False,False,False,False,False,False,Humber River Health - Wilson,5024.255456180777
Major Arterial,Toronto and East York,Traffic Signal,Clear,Daylight,Dry,Fatal,Pedestrian Collisions,True,False,False,False,True,False,False,False,False,True,False,False,False,Wychwood,2023,-0.5000000000000004,0.8660254037844384,0.43388373911755823,-0.900968867902419,-0.2588190451025208,-0.9659258262890683,0,0,0,0,0,0,0,0,1,0,0,0,0,0,1,0,0,0,0,0,0,2,False,False,False,False,False,False,False,False,False,False,False,False,False,True,False,False,False,False,True,False,False,False,False,False,False,False,False,False,University Health Network - Toronto Western,5099.4711346161785
Local,Toronto and East York,Traffic Signal,Clear,Daylight,Dry,Non-Fatal Injury,Pedestrian Collisions,True,False,True,False,False,False,False,False,False,False,False,False,False,Harbourfront-CityPlace,2023,-0.5000000000000004,0.8660254037844384,0.43388373911755823,-0.900968867902419,-0.8660254037844385,-0.5000000000000004,0,0,0,0,0,1,0,0,0,0,0,1,0,0,0,0,0,0,0,0,0,2,False,True,False,False,False,False,False,False,False,False,False,False,False,False,False,False,True,False,False,False,False,False,False,False,False,False,False,False,University Health Network - Toronto Western,2190.180765376892
Major Arterial,Etobicoke York,Traffic Signal,Clear,"Dark, artificial",Dry,Non-Fatal Injury,Pedestrian Collisions,True,False,False,False,True,False,False,False,False,False,False,False,False,Etobicoke City Centre,2023,-0.5000000000000004,0.8660254037844384,0.43388373911755823,-0.900968867902419,-0.7071067811865477,0.7071067811865474,0,0,0,0,0,0,0,0,0,0,1,0,0,1,0,0,0,0,0,0,0,2,False,False,False,False,False,False,False,False,False,False,False,False,False,True,False,False,False,False,False,False,False,False,True,False,False,False,False,False,Unity Health Toronto - St. Joseph's,8535.111822880688
Collector,Etobicoke York,Traffic Signal,Rain,"Dark, artificial",Wet,Non-Fatal Injury,Pedestrian Collisions,True,False,True,False,False,False,False,False,False,False,False,False,False,Maple Leaf,2023,-0.5000000000000004,0.8660254037844384,-0.9749279121818236,-0.2225209339563146,-0.7071067811865477,0.7071067811865474,0,0,0,0,0,0,0,0,0,0,0,0,0,0,0,1,1,0,0,0,0,2,False,True,False,False,False,False,False,False,False,False,False,False,False,False,False,False,True,False,False,False,False,False,False,False,False,False,False,False,Humber River Health - Wilson,1076.474475465482
Local,North York,No Control,Rain,"Dark, artificial",Wet,Fatal,Pedestrian Collisions,True,False,True,False,False,False,False,False,True,True,False,False,False,Oakdale-Beverley Heights,2023,-0.5000000000000004,0.8660254037844384,-0.9749279121818236,-0.2225209339563146,-0.7071067811865477,0.7071067811865474,0,0,0,0,0,0,0,0,1,0,1,0,0,0,0,0,0,0,0,0,0,2,False,True,False,False,False,False,False,False,False,False,False,False,False,False,False,False,False,True,False,False,False,False,False,False,False,False,False,False,Humber River Health - Wilson,1342.8681561802514
Minor Arterial,Scarborough,Traffic Signal,Clear,"Dark, artificial",Dry,Non-Fatal Injury,Pedestrian Collisions,True,False,True,False,False,False,False,False,False,True,False,False,False,Birchcliffe-Cliffside,2023,-0.5000000000000004,0.8660254037844384,-0.7818314824680299,0.6234898018587334,-0.2588190451025208,-0.9659258262890683,0,0,0,0,0,1,1,0,0,0,0,0,0,0,0,0,0,0,0,0,0,2,False,False,False,False,False,False,False,False,False,False,False,False,False,True,False,False,False,False,True,False,False,False,False,False,False,False,False,False,Michael Garron Hospital,5913.5114577488275
Major Arterial,North York,Traffic Signal,Clear,Daylight,Dry,Non-Fatal Injury,Pedestrian Collisions,True,False,True,False,False,False,False,False,False,False,False,False,False,Briar Hill-Belgravia,2023,-0.5000000000000004,0.8660254037844384,0.9749279121818236,-0.22252093395631434,0.49999999999999994,-0.8660254037844387,0,0,0,0,0,1,0,0,0,0,0,0,0,0,0,0,0,1,0,0,0,2,False,False,False,False,False,False,False,False,False,False,False,False,True,False,False,False,False,False,False,False,False,False,True,False,False,False,False,False,Humber River Health - Wilson,5567.957875463646
Major Arterial,Etobicoke York,Traffic Signal,Rain,Dark,Wet,Non-Fatal Injury,Pedestrian Collisions,True,False,True,False,False,False,False,False,False,False,False,False,False,Elms-Old Rexdale,2023,-0.5000000000000004,0.8660254037844384,-0.7818314824680299,0.6234898018587334,-0.9659258262890683,-0.25881904510252063,0,0,0,0,0,0,0,0,0,0,0,0,0,0,1,1,0,0,0,0,0,2,False,True,False,False,False,False,False,False,False,False,False,False,False,False,False,False,True,False,False,False,False,False,False,False,False,False,False,False,William Osler Health System - Etobicoke,4589.3119382743025
Local,North York,Stop Sign,Rain,Dark,Wet,Non-Fatal Injury,Pedestrian Collisions,True,False,True,False,False,False,False,True,False,True,False,False,False,Avondale,2023,-0.5000000000000004,0.8660254037844384,-0.7818314824680299,0.6234898018587334,-0.9659258262890683,-0.25881904510252063,0,0,0,0,0,0,0,0,1,0,1,0,0,0,1,0,0,0,0,0,0,3,False,False,False,False,False,False,False,False,False,False,False,False,True,False,False,False,False,False,True,False,False,False,False,False,False,False,False,False,North York General Hospital - General Site,4700.416710587335
Major Arterial,Scarborough,Stop Sign,Rain,Dark,Wet,Non-Fatal Injury,Pedestrian Collisions,True,False,True,False,False,False,False,False,False,False,False,False,False,Eglinton East,2023,-0.5000000000000004,0.8660254037844384,0.0,1.0,-1.0,-1.8369701987210297e-16,0,0,0,0,0,0,0,1,0,0,0,0,0,1,0,0,0,0,0,0,0,2,False,True,False,False,False,False,False,False,False,False,False,False,False,False,False,False,True,False,False,False,False,False,False,False,False,False,False,False,Scarborough Health Network - Scarborough General,1714.4519567518728
Major Arterial,North York,Traffic Signal,Snow,"Dark, artificial",Wet,Non-Fatal Injury,Pedestrian Collisions,True,False,True,False,False,False,False,False,False,False,False,False,False,Glenfield-Jane Heights,2023,-0.5000000000000004,0.8660254037844384,0.0,1.0,-0.9659258262890684,0.2588190451025203,0,0,0,0,0,0,0,0,0,0,0,0,0,0,0,0,2,0,0,0,0,2,False,False,False,False,False,False,False,False,False,False,False,False,True,False,False,False,True,False,False,False,False,False,False,False,False,False,False,False,Humber River Health - Wilson,4476.263824534486
Local,Scarborough,No Control,Clear,Daylight,Dry,Non-Fatal Injury,Pedestrian Collisions,True,False,True,False,False,False,False,False,False,False,False,False,False,Cliffcrest,2023,-0.5000000000000004,0.8660254037844384,0.7818314824680298,0.6234898018587336,0.9659258262890683,-0.25881904510252063,0,0,0,0,0,1,0,1,0,0,0,0,0,0,0,0,0,0,0,0,0,2,False,False,False,False,False,False,False,False,False,False,True,False,False,False,False,False,True,False,False,False,False,False,False,False,False,False,False,False,Scarborough Health Network - Scarborough General,4668.873581315274
Minor Arterial,Scarborough,Traffic Signal,Clear,Dark,Dry,Non-Fatal Injury,Unknown,False,False,True,False,False,False,False,False,False,False,False,False,False,Centennial Scarborough,2023,-0.5000000000000004,0.8660254037844384,0.9749279121818236,-0.22252093395631434,0.25881904510252074,0.9659258262890683,0,0,0,0,0,1,0,0,0,0,0,1,0,0,0,0,0,0,0,0,0,2,False,True,False,False,False,False,False,False,False,False,False,True,False,False,False,False,True,False,False,False,False,False,False,True,False,False,False,False,Scarborough Health Network - Centenary,5496.651943027391
Collector,North York,No Control,Clear,"Dark, artificial",Dry,Fatal,SMV Other,False,False,True,False,False,False,False,False,False,False,False,False,False,Bayview Woods-Steeles,2023,-0.5000000000000004,0.8660254037844384,0.43388373911755823,-0.900968867902419,-0.9659258262890684,0.2588190451025203,0,0,0,0,0,0,0,0,0,1,0,0,0,0,0,0,0,0,0,0,0,1,False,True,False,False,False,False,False,False,False,False,False,False,False,False,False,False,False,False,False,False,False,False,False,True,False,False,False,False,North York General Hospital - General Site,4478.433255155105
Local,Toronto and East York,Traffic Signal,Clear,Daylight,Dry,Non-Fatal Injury,Cyclist Collisions,False,True,True,False,False,False,False,False,False,False,False,False,False,St Lawrence-East Bayfront-The Islands,2023,-0.5000000000000004,0.8660254037844384,-0.433883739117558,-0.9009688679024191,-0.4999999999999997,-0.8660254037844388,0,0,0,0,0,0,0,0,0,0,0,0,1,0,0,0,1,0,0,0,0,2,False,True,False,False,False,False,False,False,False,False,False,False,False,False,False,False,True,False,False,False,False,False,False,False,False,False,False,False,Unity Health Toronto - St. Michael's,946.8518821955658
Major Arterial,North York,No Control,Rain,"Dark, artificial",Wet,Non-Fatal Injury,Turning Movement,False,False,True,False,False,False,True,True,False,False,False,False,False,Bayview Village,2023,-0.5000000000000004,0.8660254037844384,-0.9749279121818236,-0.2225209339563146,-0.8660254037844386,0.5000000000000001,1,1,0,0,0,2,0,2,0,0,0,0,0,0,0,0,0,0,0,0,0,6,False,True,True,False,False,False,False,False,False,False,False,False,False,False,False,False,False,False,False,False,False,False,False,False,False,False,False,False,North York General Hospital - General Site,2123.9820105893305
Local,Toronto and East York,Traffic Signal,Clear,Daylight,Dry,Non-Fatal Injury,Pedestrian Collisions,True,False,True,False,False,False,False,False,False,False,False,False,False,Junction Area,2023,-0.5000000000000004,0.8660254037844384,-0.7818314824680299,0.6234898018587334,0.49999999999999994,-0.8660254037844387,0,0,0,0,1,0,0,0,0,0,0,0,1,0,0,0,0,0,0,0,0,2,False,False,False,False,False,False,False,False,False,False,False,False,False,True,False,False,False,False,False,False,False,False,True,False,False,False,False,False,Unity Health Toronto - St. Joseph's,3928.910510112648
Major Arterial,Scarborough,Traffic Signal,Clear,"Dark, artificial",Dry,Non-Fatal Injury,Angle,False,False,True,False,False,False,False,True,False,True,True,False,False,Agincourt South-Malvern West,2023,-0.5000000000000004,0.8660254037844384,-0.7818314824680299,0.6234898018587334,-0.9659258262890683,-0.25881904510252063,0,1,1,0,0,0,0,0,0,1,1,1,0,0,0,2,0,0,0,0,0,7,False,True,False,False,False,False,False,False,False,False,False,False,False,False,False,True,True,False,False,False,False,False,False,False,False,False,False,False,Scarborough Health Network - Centenary,3873.6910488323774
Major Arterial,Scarborough,Traffic Signal,"Fog, Mist, Smoke, Dust","Dark, artificial",Wet,Non-Fatal Injury,Pedestrian Collisions,True,False,True,False,False,False,False,False,False,True,False,False,False,Woburn North,2023,-0.5000000000000004,0.8660254037844384,0.7818314824680298,0.6234898018587336,-0.8660254037844386,0.5000000000000001,0,0,0,0,1,0,0,0,0,0,0,0,1,0,0,0,0,0,0,0,0,2,False,False,False,False,False,False,False,False,False,False,False,False,True,False,False,False,False,False,True,False,False,False,False,False,False,False,False,False,Scarborough Health Network - Scarborough General,2221.870018674759
Minor Arterial,Toronto and East York,No Control,Rain,Dark,Wet,Fatal,Pedestrian Collisions,True,False,True,False,False,False,False,False,False,False,False,False,False,Little Portugal,2023,-0.5000000000000004,0.8660254037844384,0.43388373911755823,-0.900968867902419,-0.9659258262890684,0.2588190451025203,0,0,0,0,1,0,0,0,0,0,0,0,0,0,0,0,1,0,0,0,0,2,False,True,False,False,False,False,False,False,False,False,False,False,False,False,False,False,True,False,False,False,False,False,False,False,False,False,False,False,University Health Network - Toronto Western,2368.2905970329884
Local,Scarborough,No Control,Rain,Dark,Wet,Non-Fatal Injury,Pedestrian Collisions,True,False,True,False,False,False,False,False,False,False,False,False,False,Clairlea-Birchmount,2023,-0.5000000000000004,0.8660254037844384,-0.433883739117558,-0.9009688679024191,-1.0,-1.8369701987210297e-16,0,0,0,1,0,0,0,0,0,0,0,0,0,1,0,0,0,0,0,0,0,2,False,True,False,False,False,False,False,False,False,False,False,False,False,False,False,False,True,False,False,False,False,False,False,False,False,False,False,False,Michael Garron Hospital,4164.91845775221